dependencia;estrato_analitico;uso_internet_escolar;actividades_digitales_aula;habilidades_digitales_basicas;habilidades_digitales_avanzadas;motivacion_creacion_tic;protagonismo_estudiantil;aprendizaje_con_tecnologia
1,0;4,0;2,5;3,5;4,111111111111111;3,0;2,5;3,4;3,75
1,0;4,0;4,0;3,0;3,7777777777777777;1,0;3,0;2,8;2,75
1,0;4,0;4,0;2,5;5,0;4,0;4,0;2,8;2,75
1,0;4,0;4,0;2,0;4,555555555555555;1,0;3,5;2,2;2,25
1,0;4,0;3,5;3,5;3,5555555555555554;4,0;3,6666666666666665;3,4;4,0
1,0;4,0;2,5;2,75;3,4444444444444446;1,5;3,0;2,6;2,5
1,0;4,0;5,0;3,5;4,555555555555555;1,0;4,0;3,8;4,0
1,0;4,0;3,5;3,75;3,5555555555555554;1,0;2,3333333333333335;3,8;3,25
1,0;4,0;5,0;2,5;4,0;1,0;2,6666666666666665;2,8;2,75
1,0;4,0;4,0;3,5;3,5555555555555554;2,0;3,0;3,8;3,75
2,0;2,0;2,0;3,0;4,666666666666667;5,0;1,8333333333333333;3,8;3,75
2,0;2,0;2,0;2,5;2,888888888888889;1,5;3,5;2,4;2,25
2,0;2,0;2,0;2,75;4,444444444444445;1,0;3,1666666666666665;4,0;3,75
2,0;2,0;5,0;3,5;4,0;3,5;3,6666666666666665;3,6;3,75
2,0;2,0;3,0;2,5;4,777777777777778;4,5;3,0;3,0;3,0
2,0;2,0;1,5;1,0;5,0;5,0;2,5;2,2;2,0
2,0;2,0;1,5;3,0;4,777777777777778;4,0;4,0;4,0;3,75
2,0;2,0;2,0;3,25;3,7777777777777777;3,0;3,6666666666666665;3,0;3,25
2,0;2,0;1,0;3,0;3,3333333333333335;3,0;2,8333333333333335;4,0;4,0
2,0;2,0;1,5;2,0;4,111111111111111;3,0;3,5;2,6;2,25
2,0;2,0;2,5;2,75;4,333333333333333;2,5;3,5;3,4;3,5
2,0;2,0;2,0;1,75;3,2222222222222223;1,0;3,1666666666666665;3,8;4,0
2,0;2,0;1,5;2,5;2,4444444444444446;1,0;1,0;4,0;4,0
2,0;2,0;3,5;3,5;4,444444444444445;3,5;3,8333333333333335;4,0;3,25
2,0;2,0;4,5;3,0;4,555555555555555;3,0;2,5;3,2;3,0
2,0;2,0;3,5;2,0;2,6666666666666665;1,0;2,3333333333333335;3,2;3,25
2,0;2,0;1,5;3,75;3,7777777777777777;1,0;2,1666666666666665;3,6;3,5
2,0;2,0;2,0;2,25;3,5555555555555554;4,0;3,6666666666666665;2,8;2,75
2,0;2,0;2,0;2,25;3,3333333333333335;2,0;3,3333333333333335;3,0;2,0
2,0;2,0;2,5;2,75;3,111111111111111;1,5;2,6666666666666665;3,4;3,5
2,0;3,0;3,0;3,25;4,888888888888889;3,0;3,1666666666666665;2,6;3,0
2,0;3,0;3,5;3,25;4,444444444444445;3,0;3,1666666666666665;2,8;3,0
2,0;3,0;2,0;2,5;4,111111111111111;1,0;3,0;2,2;2,5
2,0;3,0;4,0;2,5;4,111111111111111;3,0;3,0;3,4;3,0
2,0;3,0;3,0;2,75;4,333333333333333;1,0;3,1666666666666665;2,0;2,25
2,0;3,0;5,0;4,0;5,0;5,0;2,1666666666666665;3,6;3,5
2,0;3,0;3,0;3,25;5,0;3,0;3,0;3,0;2,5
2,0;3,0;4,5;3,0;4,333333333333333;1,0;2,3333333333333335;3,0;2,5
2,0;3,0;4,5;3,5;4,555555555555555;3,5;3,3333333333333335;2,6;2,75
2,0;3,0;4,0;2,75;3,7777777777777777;1,0;3,1666666666666665;2,6;3,25
2,0;2,0;4,0;2,75;4,111111111111111;3,5;3,0;3,8;4,0
2,0;2,0;2,5;2,5;3,2222222222222223;3,5;3,5;2,2;2,75
2,0;2,0;5,0;4,5;5,0;4,0;3,6666666666666665;3,8;3,75
2,0;2,0;3,5;3,0;4,0;3,0;3,6666666666666665;3,0;3,0
2,0;2,0;4,5;3,0;4,444444444444445;2,5;3,3333333333333335;3,0;3,5
2,0;2,0;3,5;2,25;4,444444444444445;2,5;3,1666666666666665;3,0;3,5
2,0;2,0;4,5;3,0;4,333333333333333;3,0;3,0;2,6;3,25
2,0;2,0;4,0;3,5;4,555555555555555;4,0;3,0;3,4;3,25
2,0;2,0;4,0;4,5;4,888888888888889;4,0;1,6666666666666667;3,6;3,75
2,0;2,0;4,0;3,0;3,4444444444444446;1,5;1,3333333333333333;1,8;3,0
3,0;3,0;3,0;3,0;4,555555555555555;2,5;2,0;2,2;2,0
3,0;3,0;4,0;3,25;5,0;3,0;3,3333333333333335;3,2;4,0
3,0;3,0;5,0;3,0;3,5555555555555554;2,5;3,6666666666666665;2,6;2,25
3,0;3,0;5,0;3,25;4,444444444444445;3,5;3,5;3,6;3,0
3,0;3,0;3,5;3,0;4,777777777777778;2,5;3,3333333333333335;2,2;2,0
3,0;3,0;4,0;3,0;4,777777777777778;1,0;3,0;1,8;2,0
3,0;3,0;4,0;2,75;4,888888888888889;2,5;3,3333333333333335;1,6;1,75
3,0;3,0;4,5;3,0;4,666666666666667;2,5;2,5;2,8;2,75
3,0;3,0;4,5;4,0;4,333333333333333;3,0;2,3333333333333335;3,0;2,25
3,0;3,0;3,0;2,75;4,0;3,5;2,6666666666666665;2,4;2,75
2,0;2,0;3,5;4,0;3,7777777777777777;1,0;3,3333333333333335;3,4;3,0
2,0;2,0;1,0;2,5;4,444444444444445;2,5;4,0;3,6;3,0
2,0;2,0;3,0;2,75;4,777777777777778;1,0;3,5;3,4;3,0
2,0;2,0;1,5;1,0;3,4444444444444446;3,5;2,6666666666666665;2,0;2,5
2,0;2,0;5,0;2,0;4,555555555555555;4,5;4,0;2,0;1,75
2,0;2,0;2,5;3,5;3,888888888888889;4,0;2,1666666666666665;3,2;3,0
2,0;2,0;3,0;2,5;5,0;5,0;3,6666666666666665;3,4;3,0
2,0;2,0;3,0;1,75;4,0;3,5;3,5;3,8;3,25
2,0;2,0;2,0;1,5;4,0;3,5;4,0;2,0;2,5
2,0;2,0;2,5;2,0;3,6666666666666665;3,0;3,0;2,6;3,0
2,0;3,0;2,5;3,25;3,5555555555555554;1,0;1,5;3,4;3,0
2,0;3,0;3,0;1,75;4,777777777777778;2,0;2,5;3,0;2,75
2,0;3,0;2,5;3,0;4,222222222222222;3,0;3,1666666666666665;2,2;2,0
2,0;3,0;3,5;3,5;4,444444444444445;4,0;2,8333333333333335;2,2;2,5
2,0;3,0;4,0;3,5;4,333333333333333;2,5;2,8333333333333335;2,6;3,5
2,0;3,0;3,0;2,25;3,7777777777777777;3,5;1,3333333333333333;2,8;2,5
2,0;3,0;5,0;4,0;4,666666666666667;4,0;2,0;3,4;3,0
2,0;3,0;4,5;3,75;4,888888888888889;3,5;1,8333333333333333;3,0;3,0
2,0;3,0;1,0;3,25;4,555555555555555;1,0;1,0;1,8;2,75
2,0;3,0;3,5;2,75;2,6666666666666665;1,0;1,0;2,8;2,5
1,0;4,0;4,5;4,25;4,111111111111111;4,0;2,6666666666666665;3,6;3,75
1,0;4,0;3,0;3,25;4,333333333333333;4,0;2,6666666666666665;3,0;2,25
1,0;4,0;2,0;2,75;3,4444444444444446;1,5;2,3333333333333335;2,4;2,0
1,0;4,0;5,0;3,0;4,555555555555555;1,0;2,6666666666666665;2,8;2,0
1,0;4,0;3,5;3,5;4,222222222222222;1,0;3,5;2,8;3,25
1,0;4,0;4,5;3,0;5,0;3,5;2,5;3,0;3,5
1,0;4,0;4,0;2,75;3,888888888888889;1,0;2,5;2,2;2,75
1,0;4,0;5,0;3,0;2,888888888888889;1,0;3,0;3,2;2,75
1,0;4,0;3,0;2,25;3,7777777777777777;1,0;2,8333333333333335;2,4;2,5
1,0;4,0;2,5;2,75;4,444444444444445;4,0;3,8333333333333335;2,8;3,25
2,0;4,0;4,0;2,75;4,555555555555555;1,0;2,1666666666666665;3,0;2,5
2,0;4,0;4,5;4,25;3,5555555555555554;1,5;1,8333333333333333;2,2;3,0
2,0;4,0;1,5;2,25;3,3333333333333335;1,0;1,3333333333333333;2,8;3,0
2,0;4,0;3,0;2,25;3,6666666666666665;2,0;3,1666666666666665;3,6;3,25
2,0;4,0;3,0;3,25;3,0;2,0;3,1666666666666665;2,6;2,5
2,0;4,0;4,0;2,0;1,8888888888888888;1,0;2,1666666666666665;3,0;3,0
2,0;4,0;2,0;2,25;4,333333333333333;2,5;3,5;2,4;2,75
2,0;4,0;2,0;2,25;4,0;1,0;3,0;3,2;3,0
2,0;4,0;5,0;4,75;4,666666666666667;5,0;3,1666666666666665;2,2;1,5
2,0;4,0;3,0;2,25;4,333333333333333;4,0;2,5;3,2;3,25
2,0;3,0;2,5;2,75;4,222222222222222;2,5;3,0;3,0;3,0
2,0;3,0;2,5;2,5;4,111111111111111;1,5;3,0;2,0;1,0
2,0;3,0;2,5;3,5;4,666666666666667;4,0;2,3333333333333335;2,4;2,5
2,0;3,0;1,5;2,75;4,777777777777778;1,0;3,0;2,8;2,5
2,0;3,0;2,0;3,75;3,6666666666666665;2,5;2,8333333333333335;2,6;2,75
2,0;3,0;4,0;4,75;5,0;2,5;3,6666666666666665;3,8;3,0
2,0;3,0;2,0;3,0;4,777777777777778;1,0;3,1666666666666665;3,4;3,25
2,0;3,0;3,0;3,5;4,777777777777778;1,0;2,8333333333333335;2,6;2,75
2,0;3,0;1,5;3,0;4,444444444444445;1,0;3,6666666666666665;2,4;2,75
2,0;3,0;3,5;3,5;4,222222222222222;2,0;2,6666666666666665;3,0;2,75
2,0;3,0;3,0;2,75;4,111111111111111;4,0;3,0;2,6;3,25
2,0;3,0;4,0;3,25;5,0;4,5;4,0;3,4;3,25
2,0;3,0;4,0;2,5;5,0;4,5;1,0;3,0;3,0
2,0;3,0;2,0;3,0;3,888888888888889;3,5;2,5;3,6;3,25
2,0;3,0;4,0;1,5;4,777777777777778;2,5;3,3333333333333335;2,0;3,0
2,0;3,0;5,0;3,25;4,888888888888889;5,0;2,3333333333333335;3,0;3,0
2,0;3,0;3,0;2,5;4,111111111111111;2,5;2,0;2,6;2,75
2,0;3,0;2,0;2,75;4,888888888888889;3,0;3,6666666666666665;3,2;3,0
2,0;3,0;4,5;5,0;5,0;5,0;1,0;2,4;2,0
2,0;3,0;4,0;3,5;4,888888888888889;3,5;3,6666666666666665;2,8;2,5
2,0;3,0;2,0;2,25;5,0;3,5;3,1666666666666665;2,6;2,5
2,0;3,0;4,0;3,5;3,888888888888889;3,0;1,0;3,0;1,75
2,0;3,0;4,0;2,25;5,0;2,5;1,8333333333333333;3,6;3,0
2,0;3,0;4,5;3,5;4,222222222222222;3,0;3,1666666666666665;3,0;2,75
2,0;3,0;3,5;2,25;5,0;4,5;4,0;3,0;3,75
2,0;3,0;4,5;2,25;4,777777777777778;1,5;3,3333333333333335;2,4;3,0
2,0;3,0;5,0;3,5;3,6666666666666665;2,5;3,8333333333333335;3,6;3,5
2,0;3,0;1,5;1,75;4,444444444444445;2,0;2,0;1,8;2,0
2,0;3,0;2,0;1,5;3,111111111111111;1,0;2,8333333333333335;2,0;2,25
2,0;3,0;1,5;2,25;3,111111111111111;2,5;2,8333333333333335;2,2;2,0
2,0;3,0;3,0;3,0;4,0;3,5;3,0;3,4;3,25
2,0;3,0;5,0;2,25;3,6666666666666665;1,5;2,1666666666666665;3,6;3,5
2,0;3,0;3,5;2,0;4,888888888888889;5,0;4,0;2,6;1,25
2,0;3,0;3,0;3,0;4,111111111111111;3,5;1,0;2,8;3,0
2,0;3,0;3,5;2,75;4,555555555555555;3,0;2,0;3,0;3,25
2,0;3,0;2,0;2,25;4,555555555555555;1,0;1,6666666666666667;2,0;2,0
2,0;3,0;2,5;3,25;4,222222222222222;2,0;3,0;3,2;3,0
2,0;3,0;2,0;2,0;4,555555555555555;1,0;2,5;2,0;1,25
2,0;3,0;2,5;2,25;4,777777777777778;2,5;2,8333333333333335;3,0;2,0
2,0;3,0;1,5;2,25;3,2222222222222223;2,0;1,0;3,0;2,75
3,0;3,0;2,5;3,0;4,0;4,0;2,8333333333333335;2,8;2,5
3,0;3,0;2,5;2,0;3,888888888888889;2,5;2,6666666666666665;2,8;2,75
3,0;3,0;3,0;3,75;4,555555555555555;4,0;3,6666666666666665;3,0;2,75
3,0;3,0;3,5;2,0;5,0;5,0;3,5;3,2;3,0
3,0;3,0;3,5;2,75;4,555555555555555;3,0;1,0;3,4;3,75
3,0;3,0;3,5;2,5;4,777777777777778;5,0;1,6666666666666667;3,2;2,25
3,0;3,0;4,0;3,0;4,333333333333333;3,5;3,0;4,0;3,25
3,0;3,0;4,0;2,25;3,888888888888889;1,0;2,0;3,0;2,75
3,0;3,0;3,0;3,0;4,666666666666667;2,0;2,6666666666666665;3,4;3,5
3,0;3,0;4,5;3,0;4,444444444444445;3,5;3,6666666666666665;3,0;2,75
2,0;3,0;3,5;2,0;4,333333333333333;2,5;2,1666666666666665;2,4;2,75
2,0;3,0;3,5;2,75;4,777777777777778;3,0;3,8333333333333335;2,8;2,75
2,0;3,0;1,5;2,5;1,3333333333333333;1,0;1,0;3,6;2,75
2,0;3,0;3,0;2,5;4,555555555555555;2,0;3,0;3,0;3,25
2,0;3,0;4,0;2,5;3,888888888888889;2,5;3,1666666666666665;2,2;2,75
2,0;3,0;5,0;3,5;4,777777777777778;3,0;2,3333333333333335;3,8;3,0
2,0;3,0;4,0;2,5;4,888888888888889;3,5;3,3333333333333335;3,0;3,0
2,0;3,0;5,0;3,0;4,555555555555555;2,0;3,1666666666666665;2,8;2,5
2,0;3,0;4,5;2,75;4,777777777777778;4,0;1,1666666666666667;1,6;2,25
2,0;3,0;3,5;3,25;3,4444444444444446;1,0;2,8333333333333335;3,0;2,0
1,0;1,0;3,0;4,25;3,4444444444444446;2,5;3,3333333333333335;3,2;3,25
1,0;1,0;3,0;3,0;2,7777777777777777;1,0;2,8333333333333335;3,2;2,5
1,0;1,0;1,0;2,75;3,6666666666666665;3,5;3,0;3,0;2,75
2,0;2,0;3,5;2,75;4,444444444444445;4,5;2,6666666666666665;3,6;3,0
2,0;2,0;2,5;3,75;3,888888888888889;1,5;3,1666666666666665;3,0;1,75
2,0;2,0;3,5;2,5;4,0;4,0;2,6666666666666665;2,2;2,5
2,0;2,0;4,5;3,0;5,0;5,0;3,5;3,0;2,75
2,0;2,0;4,0;3,75;4,444444444444445;4,0;2,8333333333333335;3,0;3,0
2,0;2,0;1,0;2,5;2,0;1,0;1,0;2,6;2,25
2,0;2,0;4,0;4,25;3,111111111111111;1,0;2,8333333333333335;3,4;3,25
2,0;2,0;1,0;4,0;4,555555555555555;1,0;2,5;3,2;3,0
2,0;2,0;2,0;1,75;4,333333333333333;2,0;1,8333333333333333;2,6;2,5
2,0;2,0;4,0;4,25;3,4444444444444446;4,5;4,0;3,8;4,0
2,0;3,0;3,5;5,0;3,6666666666666665;2,0;4,0;2,2;2,5
2,0;3,0;5,0;3,5;5,0;5,0;3,1666666666666665;3,0;3,25
2,0;3,0;4,0;3,25;4,666666666666667;3,0;2,8333333333333335;2,0;2,75
2,0;3,0;5,0;4,0;3,888888888888889;4,0;2,5;2,8;3,0
2,0;3,0;4,0;3,75;4,666666666666667;3,0;2,8333333333333335;3,6;3,5
2,0;3,0;3,5;3,75;3,5555555555555554;2,0;1,1666666666666667;2,6;2,25
2,0;3,0;3,5;3,0;4,666666666666667;2,5;3,0;3,0;3,25
2,0;3,0;4,0;3,0;4,666666666666667;2,5;2,6666666666666665;2,0;1,5
2,0;3,0;4,5;3,5;3,888888888888889;3,0;1,6666666666666667;3,6;3,5
2,0;3,0;2,5;2,25;4,0;3,0;4,0;2,6;2,5
2,0;3,0;4,0;3,25;4,555555555555555;3,5;3,6666666666666665;3,2;3,0
2,0;3,0;5,0;2,5;5,0;1,0;2,5;2,6;2,75
2,0;3,0;2,0;2,75;4,0;3,0;2,1666666666666665;2,2;2,0
2,0;3,0;2,0;3,0;4,0;2,0;2,5;2,4;3,0
2,0;3,0;4,0;2,75;4,0;2,5;3,0;2,2;2,0
2,0;3,0;4,5;4,5;3,7777777777777777;3,5;3,1666666666666665;2,8;2,75
2,0;3,0;4,0;2,5;3,7777777777777777;3,0;3,0;2,6;3,0
2,0;3,0;4,0;2,75;4,0;1,5;2,6666666666666665;3,0;2,75
2,0;3,0;2,5;2,5;4,666666666666667;2,5;2,8333333333333335;3,0;2,75
2,0;3,0;5,0;2,75;4,555555555555555;3,0;2,6666666666666665;2,4;3,0
2,0;2,0;4,0;3,0;4,888888888888889;4,0;2,8333333333333335;2,0;2,25
2,0;2,0;4,5;4,25;3,888888888888889;4,0;2,8333333333333335;3,4;3,5
2,0;2,0;3,5;3,25;4,333333333333333;3,0;2,5;3,2;3,0
2,0;2,0;3,0;3,5;3,3333333333333335;1,0;2,1666666666666665;2,8;2,5
2,0;2,0;2,0;3,25;3,7777777777777777;3,0;1,5;3,4;2,75
2,0;2,0;3,0;4,5;4,888888888888889;4,0;3,5;3,8;3,5
2,0;2,0;3,0;3,0;3,0;1,0;3,0;3,2;3,25
2,0;2,0;4,5;3,5;4,0;1,0;2,6666666666666665;3,4;3,25
2,0;2,0;4,0;3,5;4,222222222222222;3,0;2,3333333333333335;3,6;3,5
2,0;2,0;4,5;2,75;4,666666666666667;4,0;2,3333333333333335;2,6;2,25
2,0;3,0;2,0;2,75;4,333333333333333;2,5;2,0;2,8;2,75
2,0;3,0;2,5;2,5;3,6666666666666665;2,0;1,5;2,2;2,25
2,0;3,0;3,0;3,5;3,7777777777777777;2,5;3,3333333333333335;3,8;2,25
2,0;3,0;3,0;2,75;4,888888888888889;3,5;2,0;3,2;3,0
2,0;3,0;4,5;2,75;3,888888888888889;2,0;3,0;3,4;3,0
2,0;3,0;2,5;2,5;4,555555555555555;3,5;2,3333333333333335;3,2;3,0
2,0;3,0;3,0;3,0;4,222222222222222;3,0;3,8333333333333335;2,6;3,0
2,0;3,0;4,5;2,75;4,888888888888889;2,0;4,0;2,2;2,5
2,0;3,0;3,5;2,75;4,0;1,0;3,5;2,6;3,0
2,0;3,0;3,0;2,5;3,5555555555555554;3,5;1,8333333333333333;3,0;3,25
2,0;3,0;4,0;3,25;4,888888888888889;5,0;3,1666666666666665;3,4;3,25
2,0;3,0;3,0;2,5;3,111111111111111;3,5;2,3333333333333335;3,4;3,0
2,0;3,0;2,5;2,25;3,888888888888889;3,0;2,3333333333333335;3,0;2,5
2,0;3,0;4,0;2,5;3,5555555555555554;2,0;2,8333333333333335;2,8;2,0
2,0;3,0;1,5;2,0;3,5555555555555554;1,0;2,0;3,0;3,0
2,0;3,0;2,0;2,0;4,666666666666667;2,0;2,6666666666666665;2,2;1,75
2,0;3,0;2,5;2,75;4,555555555555555;3,0;2,8333333333333335;2,8;3,5
2,0;3,0;5,0;4,0;4,888888888888889;4,0;2,5;4,0;4,0
2,0;3,0;3,0;2,5;4,888888888888889;1,0;3,3333333333333335;3,2;3,25
2,0;3,0;4,5;2,75;4,888888888888889;2,5;1,6666666666666667;2,2;3,0
2,0;2,0;3,0;3,25;4,333333333333333;2,5;2,3333333333333335;3,6;3,25
2,0;2,0;2,0;3,5;3,7777777777777777;2,5;2,0;3,8;3,5
2,0;2,0;1,5;2,25;3,7777777777777777;4,5;2,1666666666666665;3,4;3,25
2,0;2,0;5,0;3,5;4,333333333333333;3,0;2,5;3,8;3,75
2,0;2,0;2,0;3,0;3,0;2,5;2,5;3,4;3,0
2,0;2,0;3,0;3,0;3,888888888888889;1,0;2,3333333333333335;3,4;3,0
2,0;2,0;1,5;2,0;3,5555555555555554;4,0;1,5;3,2;3,25
2,0;2,0;2,0;2,75;2,6666666666666665;1,5;2,6666666666666665;3,0;3,75
2,0;2,0;2,5;3,75;4,333333333333333;3,5;2,8333333333333335;3,6;4,0
2,0;2,0;5,0;5,0;3,7777777777777777;2,0;1,3333333333333333;3,6;3,75
2,0;3,0;2,5;2,0;4,333333333333333;2,0;2,8333333333333335;2,6;3,0
2,0;3,0;3,0;3,5;4,111111111111111;4,5;2,6666666666666665;3,2;3,75
2,0;3,0;2,0;3,0;4,111111111111111;3,0;2,8333333333333335;2,2;2,75
2,0;3,0;3,0;3,25;4,333333333333333;3,5;2,0;2,8;3,25
2,0;3,0;4,0;2,5;3,888888888888889;2,0;3,3333333333333335;2,8;3,5
2,0;3,0;2,0;3,0;4,444444444444445;3,0;4,0;3,0;3,0
2,0;3,0;4,0;3,25;3,6666666666666665;3,0;2,0;2,8;3,0
2,0;3,0;2,0;2,5;3,0;2,5;1,0;2,8;2,0
2,0;3,0;4,0;3,75;3,5555555555555554;3,0;2,1666666666666665;3,0;3,5
2,0;3,0;4,0;3,5;4,777777777777778;3,0;2,3333333333333335;2,4;2,25
2,0;2,0;4,0;1,75;3,4444444444444446;2,5;2,3333333333333335;2,8;3,0
2,0;2,0;4,5;3,75;3,3333333333333335;2,5;3,0;4,0;3,5
2,0;2,0;5,0;3,0;4,777777777777778;3,0;3,6666666666666665;3,2;4,0
2,0;2,0;3,0;3,0;3,5555555555555554;2,5;1,0;4,0;4,0
2,0;2,0;3,5;2,5;4,888888888888889;3,5;3,0;3,0;3,0
2,0;2,0;3,0;4,75;3,111111111111111;1,0;2,3333333333333335;3,0;3,25
2,0;2,0;3,5;5,0;3,6666666666666665;4,0;1,6666666666666667;3,6;3,75
2,0;2,0;3,5;2,0;4,222222222222222;4,0;4,0;3,2;2,75
2,0;2,0;2,0;2,75;3,4444444444444446;1,0;2,6666666666666665;3,0;2,75
2,0;2,0;2,0;1,5;3,7777777777777777;3,5;1,0;2,4;2,25
1,0;4,0;1,5;1,75;4,0;1,0;4,0;3,0;2,25
1,0;4,0;5,0;3,0;4,111111111111111;2,0;1,8333333333333333;2,6;1,75
1,0;4,0;4,0;4,0;4,333333333333333;4,0;2,0;2,4;3,5
1,0;4,0;3,5;3,5;4,111111111111111;3,5;3,3333333333333335;2,8;3,25
1,0;4,0;2,5;2,25;4,0;4,0;2,0;2,6;2,0
1,0;4,0;4,0;2,5;4,888888888888889;3,0;1,5;3,2;3,25
1,0;4,0;5,0;1,0;2,3333333333333335;3,5;1,0;3,2;2,5
1,0;4,0;2,0;3,0;1,0;1,0;4,0;3,0;3,0
1,0;4,0;5,0;2,25;4,0;2,5;2,3333333333333335;3,0;3,0
1,0;4,0;4,0;3,5;4,333333333333333;3,5;3,3333333333333335;2,0;2,75
1,0;1,0;2,5;3,25;3,3333333333333335;2,5;2,5;3,6;3,75
1,0;1,0;3,0;2,5;2,7777777777777777;1,0;2,1666666666666665;2,6;2,75
1,0;1,0;3,0;3,75;2,111111111111111;1,5;1,8333333333333333;2,8;3,5
2,0;3,0;3,0;3,0;4,0;1,5;1,0;2,8;2,5
2,0;3,0;5,0;4,5;4,333333333333333;4,0;2,0;3,2;3,25
2,0;3,0;2,0;2,5;2,5555555555555554;1,0;1,1666666666666667;2,0;2,5
2,0;3,0;2,5;3,0;5,0;4,5;2,8333333333333335;3,8;3,5
2,0;3,0;4,0;3,5;4,666666666666667;3,5;2,8333333333333335;2,0;2,0
2,0;3,0;3,5;2,75;4,888888888888889;4,0;3,0;3,4;3,5
2,0;3,0;2,0;3,25;3,7777777777777777;1,5;3,3333333333333335;2,8;3,0
2,0;3,0;5,0;2,75;4,888888888888889;5,0;4,0;2,6;2,25
2,0;3,0;3,5;2,75;2,888888888888889;1,0;2,6666666666666665;2,4;3,0
2,0;3,0;1,5;4,0;4,888888888888889;3,0;2,3333333333333335;3,2;3,5
2,0;3,0;5,0;3,5;4,777777777777778;4,5;2,1666666666666665;3,4;3,0
2,0;3,0;2,0;3,5;4,111111111111111;1,0;3,1666666666666665;2,6;2,25
2,0;3,0;2,0;2,5;3,7777777777777777;2,0;2,8333333333333335;3,0;3,0
2,0;3,0;3,0;2,25;3,7777777777777777;3,0;4,0;2,4;2,75
2,0;3,0;2,0;2,25;3,3333333333333335;1,0;3,6666666666666665;3,0;2,75
2,0;3,0;4,0;2,25;4,0;1,5;1,1666666666666667;2,8;2,75
2,0;3,0;4,0;3,0;3,888888888888889;3,5;2,0;2,8;3,0
2,0;3,0;3,5;2,5;4,444444444444445;1,0;3,0;2,4;2,75
2,0;3,0;2,0;3,0;3,7777777777777777;2,0;2,6666666666666665;2,4;3,0
2,0;3,0;4,0;4,0;3,111111111111111;2,0;1,8333333333333333;3,4;2,75
2,0;2,0;2,5;3,0;4,777777777777778;3,0;2,3333333333333335;3,6;3,75
2,0;2,0;2,5;2,5;5,0;4,5;2,5;3,2;3,25
2,0;2,0;2,0;3,5;3,888888888888889;2,0;2,1666666666666665;3,4;3,0
2,0;2,0;2,0;3,5;3,3333333333333335;2,0;1,5;3,4;3,75
2,0;2,0;2,5;2,5;3,7777777777777777;1,5;3,6666666666666665;3,6;3,5
2,0;2,0;4,5;2,75;3,111111111111111;2,5;2,0;2,6;2,75
2,0;2,0;2,5;2,75;2,4444444444444446;1,0;1,8333333333333333;3,0;3,5
2,0;2,0;3,0;2,75;4,555555555555555;4,0;2,3333333333333335;2,4;2,25
2,0;2,0;4,0;4,0;4,666666666666667;4,0;2,0;4,0;4,0
2,0;2,0;3,0;3,5;2,2222222222222223;1,0;3,0;2,4;2,0
2,0;3,0;3,0;3,5;5,0;3,0;3,6666666666666665;3,0;2,5
2,0;3,0;2,5;3,0;4,444444444444445;2,5;2,1666666666666665;3,4;3,5
2,0;3,0;4,5;3,5;4,0;4,0;3,3333333333333335;3,0;2,5
2,0;3,0;2,0;3,0;3,6666666666666665;2,0;3,3333333333333335;2,8;2,5
2,0;3,0;4,0;3,25;4,333333333333333;2,5;2,5;2,4;2,25
2,0;3,0;2,5;2,75;4,555555555555555;1,5;4,0;3,0;3,25
2,0;3,0;3,0;3,25;4,222222222222222;3,0;3,1666666666666665;3,0;2,75
2,0;3,0;5,0;2,75;5,0;2,5;4,0;2,4;1,75
2,0;3,0;4,5;2,25;4,0;1,0;2,3333333333333335;2,4;2,0
2,0;3,0;5,0;3,5;3,5555555555555554;3,0;3,0;3,2;2,25
3,0;3,0;3,5;3,5;4,777777777777778;3,0;2,8333333333333335;3,0;2,75
3,0;3,0;5,0;3,25;3,7777777777777777;3,0;2,6666666666666665;2,4;2,0
3,0;3,0;5,0;4,0;4,777777777777778;4,0;3,3333333333333335;3,2;3,25
3,0;3,0;5,0;2,75;2,2222222222222223;2,5;2,3333333333333335;2,4;2,75
3,0;3,0;4,0;2,75;4,777777777777778;2,5;3,1666666666666665;3,0;2,5
3,0;3,0;2,5;3,0;4,777777777777778;3,5;2,3333333333333335;2,8;2,0
3,0;3,0;4,5;3,25;4,888888888888889;2,0;2,6666666666666665;3,2;2,25
3,0;3,0;4,5;3,75;4,555555555555555;1,0;2,8333333333333335;2,2;2,5
3,0;3,0;2,0;2,25;4,444444444444445;3,5;1,3333333333333333;2,8;2,75
3,0;3,0;3,0;3,0;3,888888888888889;3,0;1,5;3,0;3,0
2,0;3,0;2,5;3,5;3,111111111111111;1,0;1,5;3,6;3,25
2,0;3,0;5,0;3,5;3,111111111111111;1,0;2,6666666666666665;2,8;3,0
2,0;3,0;2,0;2,5;5,0;3,0;3,6666666666666665;3,4;3,5
2,0;3,0;5,0;2,25;5,0;5,0;3,6666666666666665;3,2;2,5
2,0;3,0;4,0;3,0;4,333333333333333;2,0;2,1666666666666665;2,8;2,75
2,0;3,0;4,5;3,5;4,333333333333333;4,0;3,0;3,6;3,5
2,0;3,0;5,0;3,5;4,777777777777778;3,5;2,6666666666666665;3,2;3,0
2,0;3,0;4,5;2,75;4,222222222222222;2,0;2,6666666666666665;2,8;2,5
2,0;3,0;4,0;2,0;4,0;3,0;2,3333333333333335;2,4;2,75
2,0;3,0;2,5;1,75;4,777777777777778;1,0;3,0;3,2;3,0
2,0;2,0;2,5;4,0;3,888888888888889;2,0;3,0;3,6;3,5
2,0;2,0;3,0;1,0;2,7777777777777777;1,0;2,3333333333333335;2,6;3,0
2,0;2,0;4,5;1,75;4,111111111111111;1,0;2,0;3,4;3,75
2,0;2,0;3,0;2,5;3,4444444444444446;2,0;3,5;3,0;2,5
2,0;2,0;4,5;2,5;4,0;1,0;3,1666666666666665;3,2;3,25
2,0;2,0;5,0;4,5;3,7777777777777777;3,0;2,3333333333333335;3,2;3,0
2,0;2,0;2,0;3,0;4,0;4,0;1,0;3,2;3,75
2,0;2,0;1,5;3,75;2,5555555555555554;2,0;1,8333333333333333;3,2;3,0
2,0;2,0;2,5;3,75;2,5555555555555554;2,0;2,3333333333333335;3,4;3,5
2,0;2,0;1,0;1,25;1,5555555555555556;1,0;3,1666666666666665;3,0;2,25
2,0;4,0;2,0;3,5;3,3333333333333335;3,0;2,3333333333333335;2,8;3,0
2,0;4,0;2,0;2,25;4,666666666666667;4,0;3,6666666666666665;3,2;4,0
2,0;4,0;2,0;4,0;4,333333333333333;3,5;3,0;3,6;3,0
2,0;4,0;4,0;4,25;4,333333333333333;2,5;2,6666666666666665;3,4;3,5
2,0;4,0;3,0;3,75;4,666666666666667;2,5;3,1666666666666665;3,2;3,25
2,0;4,0;4,5;5,0;3,888888888888889;4,0;3,8333333333333335;3,4;3,75
2,0;4,0;1,5;3,75;4,555555555555555;4,5;2,8333333333333335;3,4;3,25
2,0;4,0;1,5;3,25;3,6666666666666665;1,5;3,1666666666666665;3,6;3,25
2,0;4,0;4,0;4,0;4,333333333333333;3,5;2,3333333333333335;3,8;3,75
2,0;4,0;4,5;3,25;4,111111111111111;3,5;3,3333333333333335;3,4;3,25
1,0;2,0;4,0;3,25;4,111111111111111;1,0;1,5;3,6;4,0
1,0;2,0;4,0;3,25;3,0;1,0;3,1666666666666665;4,0;4,0
1,0;2,0;4,5;3,5;4,333333333333333;2,0;3,6666666666666665;3,8;3,75
1,0;2,0;1,5;2,5;3,6666666666666665;4,0;2,0;4,0;3,75
1,0;2,0;2,0;3,75;1,8888888888888888;1,0;1,0;3,6;3,0
1,0;2,0;5,0;4,25;3,888888888888889;2,0;1,6666666666666667;3,4;3,75
1,0;2,0;3,5;3,0;4,666666666666667;5,0;3,3333333333333335;3,4;3,5
1,0;2,0;1,0;2,5;3,888888888888889;3,0;3,0;3,6;3,75
1,0;2,0;4,5;3,75;2,888888888888889;3,0;3,0;4,0;3,75
1,0;2,0;5,0;4,25;4,444444444444445;1,0;3,3333333333333335;4,0;3,75
3,0;3,0;3,5;2,75;5,0;3,0;3,1666666666666665;2,4;2,5
3,0;3,0;2,0;2,5;3,3333333333333335;2,5;2,1666666666666665;2,6;2,25
3,0;3,0;5,0;3,75;5,0;5,0;1,0;2,8;2,75
3,0;3,0;3,5;3,5;4,555555555555555;2,0;3,8333333333333335;2,8;3,25
3,0;3,0;4,5;3,5;4,444444444444445;4,0;2,3333333333333335;3,8;3,5
3,0;3,0;4,5;2,5;2,888888888888889;1,0;1,0;2,2;2,25
3,0;3,0;4,5;2,75;5,0;1,0;2,3333333333333335;3,2;3,0
3,0;3,0;4,5;2,5;3,6666666666666665;1,5;3,0;2,8;2,75
3,0;3,0;4,5;3,5;4,666666666666667;2,5;1,0;2,8;3,0
3,0;3,0;3,0;3,0;5,0;5,0;1,5;3,8;3,5
3,0;2,0;3,0;2,25;4,111111111111111;3,0;1,8333333333333333;3,2;2,75
3,0;2,0;4,5;2,75;3,0;2,5;2,0;3,0;2,0
3,0;2,0;4,0;2,5;3,7777777777777777;2,5;3,0;3,4;2,75
3,0;2,0;3,0;1,75;2,7777777777777777;1,5;2,8333333333333335;3,2;2,5
3,0;2,0;2,5;2,75;4,0;3,5;2,5;3,4;2,5
3,0;2,0;3,5;2,0;1,8888888888888888;1,0;1,8333333333333333;2,2;2,0
3,0;2,0;1,5;2,0;3,5555555555555554;2,5;1,3333333333333333;2,6;2,25
3,0;2,0;2,0;2,5;2,111111111111111;1,0;1,0;3,4;3,25
3,0;2,0;3,5;2,75;4,0;1,0;1,1666666666666667;2,8;3,0
3,0;2,0;1,5;2,0;2,7777777777777777;2,0;3,6666666666666665;2,4;3,5
3,0;3,0;2,5;2,0;4,333333333333333;3,0;2,6666666666666665;2,6;2,75
3,0;3,0;4,0;2,5;4,555555555555555;1,0;3,0;3,6;3,5
3,0;3,0;5,0;3,0;2,5555555555555554;1,0;3,8333333333333335;2,8;3,5
3,0;3,0;3,0;4,75;3,3333333333333335;1,0;1,0;3,0;3,25
3,0;3,0;5,0;3,25;4,555555555555555;2,0;3,6666666666666665;3,4;3,0
3,0;3,0;4,5;2,5;4,0;1,0;3,0;3,0;3,25
3,0;3,0;2,0;2,25;4,0;3,5;2,6666666666666665;2,4;2,25
3,0;3,0;5,0;3,5;4,111111111111111;2,0;3,5;3,0;2,75
3,0;3,0;5,0;3,5;4,333333333333333;1,0;3,3333333333333335;3,4;3,0
3,0;3,0;5,0;2,25;3,6666666666666665;2,5;2,3333333333333335;2,8;3,75
1,0;4,0;3,5;3,75;3,111111111111111;2,5;1,8333333333333333;3,0;3,25
1,0;4,0;5,0;5,0;4,0;4,0;2,0;3,0;3,0
1,0;4,0;5,0;4,25;5,0;4,5;2,3333333333333335;3,2;4,0
1,0;4,0;4,5;3,25;4,222222222222222;2,5;3,5;3,0;3,0
1,0;4,0;3,5;2,75;4,0;3,0;3,1666666666666665;3,4;2,25
1,0;4,0;4,5;3,5;4,111111111111111;4,5;2,1666666666666665;3,0;2,0
1,0;4,0;2,0;3,25;1,2222222222222223;1,0;3,0;1,8;1,0
1,0;4,0;5,0;5,0;4,0;4,0;3,5;3,8;3,75
1,0;4,0;5,0;5,0;4,888888888888889;4,5;3,5;3,6;3,25
1,0;4,0;4,5;3,25;4,111111111111111;3,5;3,0;3,2;3,0
2,0;3,0;2,0;3,0;3,5555555555555554;1,0;1,0;2,8;1,75
2,0;3,0;2,0;2,25;3,6666666666666665;3,5;2,1666666666666665;2,2;3,0
2,0;3,0;2,5;2,5;3,4444444444444446;3,5;2,5;3,0;3,5
2,0;3,0;5,0;3,25;4,777777777777778;4,0;2,6666666666666665;2,8;2,75
2,0;3,0;4,5;2,5;4,888888888888889;4,5;3,8333333333333335;3,8;3,75
2,0;3,0;4,0;3,5;3,888888888888889;2,5;2,8333333333333335;2,8;3,0
2,0;3,0;3,0;2,5;3,0;1,0;2,5;2,2;2,0
2,0;3,0;5,0;3,5;4,0;2,5;3,1666666666666665;3,0;3,0
2,0;3,0;4,0;2,75;3,888888888888889;3,0;3,3333333333333335;3,6;3,0
2,0;3,0;3,0;3,25;4,555555555555555;4,0;4,0;3,6;3,25
1,0;3,0;4,0;3,0;4,777777777777778;5,0;3,0;3,4;3,5
1,0;3,0;3,5;2,75;4,111111111111111;2,0;2,5;3,2;2,5
1,0;3,0;4,5;2,5;3,7777777777777777;2,5;4,0;3,4;3,5
1,0;3,0;4,5;3,75;3,3333333333333335;1,0;3,5;3,2;3,25
1,0;3,0;4,0;2,75;3,0;2,0;3,3333333333333335;2,6;2,75
1,0;3,0;2,0;2,5;2,5555555555555554;1,0;1,0;3,2;2,25
1,0;3,0;3,0;3,25;3,7777777777777777;2,0;3,0;3,2;2,25
1,0;3,0;4,5;3,0;4,111111111111111;3,0;3,5;2,2;3,0
1,0;3,0;1,0;2,25;3,3333333333333335;1,0;3,6666666666666665;3,4;2,5
1,0;3,0;3,5;4,25;5,0;3,0;1,5;3,4;2,0
1,0;2,0;2,0;2,75;3,6666666666666665;3,0;3,3333333333333335;4,0;3,5
1,0;2,0;4,5;3,0;4,333333333333333;3,0;4,0;3,4;3,0
1,0;2,0;2,0;3,25;2,888888888888889;4,0;2,6666666666666665;3,8;3,5
1,0;2,0;2,5;3,25;3,4444444444444446;1,0;2,5;3,0;3,5
1,0;2,0;2,0;3,5;3,111111111111111;5,0;4,0;3,8;3,75
1,0;2,0;2,0;2,75;2,5555555555555554;2,0;2,1666666666666665;3,0;2,25
1,0;2,0;2,5;2,75;3,888888888888889;2,0;2,8333333333333335;3,4;3,5
1,0;2,0;3,0;3,75;2,6666666666666665;2,5;2,1666666666666665;3,6;3,5
1,0;2,0;2,0;2,75;2,3333333333333335;1,0;3,3333333333333335;3,0;3,0
1,0;2,0;1,5;3,0;3,0;3,0;2,0;4,0;3,25
1,0;2,0;2,0;4,0;3,111111111111111;1,0;2,8333333333333335;2,8;2,75
1,0;2,0;4,0;2,75;3,5555555555555554;1,0;4,0;3,8;4,0
1,0;2,0;3,0;3,5;2,111111111111111;1,0;3,6666666666666665;3,0;3,0
1,0;2,0;1,5;1,5;3,111111111111111;2,0;1,6666666666666667;2,8;3,0
1,0;2,0;5,0;1,5;3,2222222222222223;1,0;3,0;3,4;3,5
1,0;2,0;2,5;2,5;3,4444444444444446;2,5;3,3333333333333335;3,6;3,5
1,0;2,0;2,0;2,25;4,0;1,0;3,1666666666666665;2,6;3,0
1,0;2,0;4,0;3,75;3,888888888888889;2,0;3,5;3,6;2,75
1,0;2,0;5,0;5,0;3,888888888888889;3,0;3,8333333333333335;3,8;3,75
1,0;2,0;3,0;5,0;2,2222222222222223;3,0;2,3333333333333335;3,4;3,75
2,0;3,0;3,5;3,75;4,0;2,0;2,6666666666666665;2,8;3,25
2,0;3,0;3,0;3,0;3,7777777777777777;1,0;1,3333333333333333;2,8;2,75
2,0;3,0;4,5;2,5;4,222222222222222;2,0;2,3333333333333335;2,4;1,75
2,0;3,0;3,0;2,25;4,555555555555555;1,0;1,0;2,6;2,75
2,0;3,0;5,0;3,75;4,777777777777778;4,0;3,0;3,4;4,0
2,0;3,0;4,5;1,25;3,0;1,0;1,0;3,8;3,5
2,0;3,0;4,0;2,5;4,333333333333333;2,5;3,0;2,6;2,5
2,0;3,0;5,0;2,25;5,0;5,0;2,0;3,2;3,0
2,0;3,0;2,0;2,0;4,555555555555555;2,0;2,6666666666666665;2,4;3,0
2,0;3,0;4,5;4,0;3,2222222222222223;1,0;1,3333333333333333;3,2;3,0
2,0;3,0;5,0;3,25;4,888888888888889;3,0;3,1666666666666665;3,6;3,75
2,0;3,0;5,0;3,0;4,0;2,0;3,6666666666666665;3,0;3,0
2,0;3,0;4,0;3,5;4,0;2,5;2,5;3,0;3,25
2,0;3,0;4,5;2,0;4,111111111111111;1,0;3,3333333333333335;3,2;3,5
2,0;3,0;4,0;2,0;4,444444444444445;2,5;2,5;2,4;2,5
2,0;3,0;3,5;2,75;3,888888888888889;2,0;2,5;3,0;3,5
2,0;3,0;4,0;3,0;3,888888888888889;3,0;3,5;3,8;3,5
2,0;3,0;2,5;2,0;4,666666666666667;1,0;2,8333333333333335;3,6;4,0
2,0;3,0;3,0;1,75;3,888888888888889;1,0;3,1666666666666665;2,4;2,25
2,0;3,0;5,0;3,5;5,0;4,0;4,0;3,4;4,0
1,0;3,0;5,0;4,5;2,0;1,5;2,5;3,4;3,5
1,0;3,0;4,0;3,25;2,4444444444444446;1,0;3,0;3,4;4,0
1,0;3,0;4,5;3,5;4,0;2,0;3,1666666666666665;3,4;3,25
1,0;3,0;4,0;3,25;3,7777777777777777;1,0;3,8333333333333335;2,8;2,75
1,0;3,0;4,0;3,5;4,777777777777778;5,0;4,0;2,2;2,25
1,0;3,0;4,0;3,0;4,444444444444445;4,0;3,3333333333333335;3,0;3,0
1,0;3,0;2,0;3,5;3,4444444444444446;3,0;2,5;2,8;2,25
1,0;3,0;4,5;4,0;3,888888888888889;3,0;4,0;3,8;3,75
1,0;3,0;3,5;3,25;3,4444444444444446;2,0;2,1666666666666665;3,2;3,0
1,0;3,0;3,5;3,75;3,2222222222222223;3,0;3,5;3,0;3,0
2,0;3,0;2,0;3,0;3,7777777777777777;1,0;2,1666666666666665;2,8;3,0
2,0;3,0;4,5;2,5;3,2222222222222223;1,0;3,0;1,4;1,25
2,0;3,0;4,0;2,25;4,0;1,0;3,8333333333333335;2,0;1,75
2,0;3,0;5,0;3,25;4,888888888888889;4,0;1,1666666666666667;2,2;4,0
2,0;3,0;5,0;3,75;4,0;4,0;2,1666666666666665;2,6;2,25
2,0;3,0;5,0;3,75;3,4444444444444446;1,0;3,1666666666666665;3,2;2,75
2,0;3,0;3,5;3,25;4,666666666666667;3,5;3,0;2,8;3,0
2,0;3,0;4,5;3,0;4,333333333333333;2,0;2,5;2,6;3,0
2,0;3,0;3,5;2,0;4,333333333333333;2,0;2,0;2,6;3,0
2,0;3,0;2,0;1,75;4,0;4,0;2,0;3,2;3,0
2,0;4,0;2,0;3,0;3,0;2,0;4,0;2,8;2,5
2,0;4,0;4,0;3,5;4,666666666666667;4,0;3,0;3,8;3,75
2,0;4,0;4,0;3,25;3,7777777777777777;3,5;3,0;3,2;3,0
2,0;4,0;5,0;3,75;5,0;5,0;3,6666666666666665;2,2;3,0
2,0;4,0;5,0;4,0;5,0;5,0;3,5;1,4;1,0
2,0;4,0;3,0;3,25;3,7777777777777777;2,5;1,3333333333333333;2,8;3,0
2,0;4,0;4,5;3,0;4,555555555555555;2,0;2,3333333333333335;2,6;3,5
2,0;4,0;3,0;3,75;4,777777777777778;3,5;1,1666666666666667;3,2;2,5
2,0;4,0;4,0;4,0;4,0;4,0;3,1666666666666665;2,8;2,0
2,0;4,0;4,0;5,0;3,7777777777777777;2,5;1,3333333333333333;3,4;3,5
3,0;3,0;5,0;4,0;4,888888888888889;3,5;2,6666666666666665;2,8;2,5
3,0;3,0;4,0;4,0;5,0;4,5;2,0;3,2;4,0
3,0;3,0;2,0;3,0;4,555555555555555;1,0;3,0;2,4;2,5
3,0;3,0;3,5;3,0;5,0;4,0;3,5;2,0;2,75
3,0;3,0;2,5;3,0;4,333333333333333;2,0;1,8333333333333333;2,6;2,5
3,0;3,0;4,5;3,0;5,0;1,0;2,3333333333333335;1,6;1,25
3,0;3,0;4,0;3,75;4,222222222222222;3,5;2,1666666666666665;2,8;3,25
3,0;3,0;4,0;3,25;4,888888888888889;4,0;2,0;2,2;2,0
3,0;3,0;2,5;3,5;4,555555555555555;3,0;3,5;3,0;2,25
3,0;3,0;3,5;3,75;4,777777777777778;4,0;4,0;2,8;3,75
2,0;3,0;4,0;5,0;4,888888888888889;5,0;1,3333333333333333;3,0;3,0
2,0;3,0;1,5;2,5;4,222222222222222;1,0;2,6666666666666665;2,2;1,5
2,0;3,0;3,0;3,0;3,7777777777777777;4,0;2,8333333333333335;3,0;2,25
2,0;3,0;5,0;4,75;4,333333333333333;4,0;2,6666666666666665;3,6;3,75
2,0;3,0;5,0;2,75;4,444444444444445;3,5;4,0;1,4;1,5
2,0;3,0;4,0;2,5;4,888888888888889;4,0;3,0;3,0;3,75
2,0;3,0;3,5;3,5;4,0;1,0;2,6666666666666665;2,6;2,75
2,0;3,0;4,5;4,0;2,3333333333333335;1,5;4,0;3,6;3,0
2,0;3,0;4,0;3,5;3,3333333333333335;2,5;3,0;2,6;2,75
2,0;3,0;2,5;4,0;3,111111111111111;2,0;2,8333333333333335;3,2;3,5
3,0;3,0;2,0;3,5;4,222222222222222;2,0;3,8333333333333335;2,2;2,5
3,0;3,0;1,5;3,5;5,0;5,0;4,0;2,6;2,0
3,0;3,0;4,0;3,25;5,0;5,0;2,6666666666666665;2,2;3,0
3,0;3,0;2,5;3,0;4,777777777777778;2,0;2,1666666666666665;2,6;1,5
3,0;3,0;1,0;1,75;4,555555555555555;1,5;2,0;2,4;2,0
3,0;3,0;4,5;4,0;5,0;4,0;3,3333333333333335;2,4;2,75
3,0;3,0;4,0;3,25;4,777777777777778;2,0;2,1666666666666665;2,4;2,75
3,0;3,0;4,5;3,75;4,0;2,0;1,0;3,2;3,5
3,0;3,0;3,0;4,25;5,0;5,0;4,0;3,4;3,75
3,0;3,0;5,0;4,25;5,0;5,0;4,0;2,2;1,75
2,0;3,0;3,5;3,25;3,7777777777777777;4,0;2,0;3,0;2,75
2,0;3,0;3,0;3,75;3,6666666666666665;2,5;2,8333333333333335;2,8;2,75
2,0;3,0;4,0;3,0;4,0;3,5;4,0;3,4;3,5
2,0;3,0;3,5;3,0;4,0;2,5;3,3333333333333335;2,6;2,5
2,0;3,0;4,0;3,0;3,7777777777777777;2,0;2,0;2,4;2,25
2,0;3,0;5,0;3,25;5,0;5,0;2,1666666666666665;1,8;2,25
2,0;3,0;4,5;4,5;3,3333333333333335;4,0;2,0;3,4;3,0
2,0;3,0;3,5;3,75;3,6666666666666665;2,5;3,6666666666666665;2,6;2,75
2,0;3,0;3,0;3,0;3,5555555555555554;3,5;3,3333333333333335;2,4;2,5
2,0;3,0;4,0;4,75;4,666666666666667;3,5;2,3333333333333335;3,0;2,75
1,0;2,0;3,5;1,25;2,5555555555555554;1,0;4,0;3,2;2,75
1,0;2,0;2,5;2,5;3,7777777777777777;3,0;1,8333333333333333;3,4;3,25
1,0;2,0;4,0;2,5;3,888888888888889;1,5;3,3333333333333335;3,6;3,75
1,0;2,0;2,0;1,75;3,2222222222222223;3,0;3,8333333333333335;2,2;2,0
1,0;2,0;5,0;3,5;3,7777777777777777;3,0;2,6666666666666665;3,2;3,25
1,0;2,0;2,0;2,0;3,5555555555555554;1,0;3,1666666666666665;3,6;3,5
1,0;2,0;4,5;3,25;4,444444444444445;4,5;3,3333333333333335;3,2;3,5
1,0;2,0;4,0;2,75;5,0;5,0;2,5;3,2;3,0
1,0;2,0;3,0;1,75;2,6666666666666665;1,0;3,3333333333333335;3,8;3,75
1,0;2,0;5,0;2,75;4,555555555555555;2,0;3,6666666666666665;3,2;3,25
3,0;3,0;3,0;2,75;4,0;3,0;1,8333333333333333;2,6;2,5
3,0;3,0;2,5;2,25;4,222222222222222;2,0;3,5;2,4;2,0
3,0;3,0;3,0;3,0;4,555555555555555;2,0;3,1666666666666665;2,4;2,5
3,0;3,0;2,5;2,25;3,3333333333333335;1,0;2,6666666666666665;2,2;3,25
3,0;3,0;1,5;2,0;4,111111111111111;1,0;2,6666666666666665;2,6;2,75
3,0;3,0;1,5;2,0;3,888888888888889;2,0;1,1666666666666667;2,0;3,0
3,0;3,0;4,0;2,25;4,555555555555555;4,5;2,1666666666666665;2,6;2,75
3,0;3,0;4,0;2,25;4,222222222222222;1,0;1,0;2,0;2,0
3,0;3,0;4,5;2,75;4,333333333333333;3,5;2,5;2,6;2,5
3,0;3,0;5,0;3,75;4,555555555555555;2,0;3,1666666666666665;2,4;2,75
1,0;2,0;2,0;1,75;3,3333333333333335;1,0;2,1666666666666665;3,6;4,0
1,0;2,0;4,0;2,25;3,111111111111111;2,0;1,5;2,6;2,25
1,0;2,0;3,0;2,25;4,333333333333333;4,0;2,3333333333333335;3,2;3,0
1,0;2,0;3,5;3,75;3,3333333333333335;2,0;2,5;3,6;3,75
1,0;2,0;5,0;2,75;4,888888888888889;3,5;3,3333333333333335;3,6;3,75
1,0;2,0;2,0;2,75;3,6666666666666665;3,0;3,1666666666666665;3,0;2,75
1,0;2,0;5,0;4,25;3,3333333333333335;2,0;1,5;3,4;3,5
1,0;2,0;3,5;2,5;3,4444444444444446;1,0;4,0;3,2;3,25
1,0;2,0;5,0;4,75;5,0;5,0;3,1666666666666665;3,8;3,5
1,0;2,0;3,5;2,75;3,888888888888889;2,0;1,5;3,8;4,0
2,0;3,0;5,0;2,0;4,111111111111111;2,5;3,6666666666666665;2,0;3,25
2,0;3,0;4,0;2,75;3,7777777777777777;1,5;2,0;2,4;3,0
2,0;3,0;2,0;2,75;3,888888888888889;2,0;2,8333333333333335;2,8;2,75
2,0;3,0;2,5;2,5;3,5555555555555554;1,0;2,0;2,0;2,25
2,0;3,0;2,0;2,5;4,888888888888889;2,0;2,6666666666666665;3,2;2,25
2,0;3,0;5,0;2,25;5,0;4,5;3,8333333333333335;2,2;3,25
2,0;3,0;2,5;2,0;3,5555555555555554;2,0;2,8333333333333335;2,2;2,25
2,0;3,0;3,5;2,5;3,6666666666666665;3,5;2,8333333333333335;2,6;2,0
2,0;3,0;1,5;2,75;3,888888888888889;3,5;3,0;2,8;1,75
2,0;3,0;4,5;3,5;4,333333333333333;2,0;2,8333333333333335;3,6;3,0
2,0;2,0;2,5;4,75;4,555555555555555;3,5;3,8333333333333335;3,8;3,0
2,0;2,0;5,0;4,0;3,6666666666666665;1,0;2,8333333333333335;3,4;3,0
2,0;2,0;3,0;3,5;3,6666666666666665;3,0;1,3333333333333333;3,4;3,25
2,0;2,0;3,5;3,25;3,7777777777777777;2,0;2,5;3,6;2,5
2,0;2,0;2,0;3,5;4,0;1,0;2,5;3,6;3,5
2,0;2,0;2,5;3,25;2,7777777777777777;1,0;2,3333333333333335;2,6;2,75
2,0;2,0;3,0;5,0;4,555555555555555;4,0;2,8333333333333335;2,8;2,75
2,0;2,0;1,5;3,25;3,0;1,0;3,1666666666666665;3,2;2,5
2,0;2,0;2,0;2,5;3,7777777777777777;1,0;1,5;3,4;3,0
2,0;2,0;2,5;3,0;3,6666666666666665;2,5;3,5;3,2;2,75
2,0;4,0;5,0;5,0;4,0;4,0;3,0;3,2;4,0
2,0;4,0;5,0;5,0;5,0;5,0;4,0;3,8;3,5
2,0;4,0;5,0;3,25;4,0;4,0;4,0;2,4;3,0
2,0;4,0;5,0;5,0;3,4444444444444446;3,0;4,0;2,8;3,0
2,0;4,0;5,0;1,5;4,555555555555555;4,0;2,6666666666666665;2,8;3,5
2,0;4,0;5,0;4,25;4,888888888888889;5,0;1,3333333333333333;3,2;3,0
2,0;4,0;3,5;2,75;4,555555555555555;3,5;2,5;2,8;3,25
2,0;4,0;4,5;2,75;4,777777777777778;3,5;4,0;2,6;3,0
2,0;4,0;4,5;4,25;3,3333333333333335;1,0;2,6666666666666665;3,2;3,0
2,0;4,0;3,0;2,0;3,888888888888889;3,0;1,3333333333333333;2,4;3,25
2,0;2,0;2,0;2,5;3,4444444444444446;2,5;2,0;3,2;2,75
2,0;2,0;1,0;1,75;1,2222222222222223;1,0;3,6666666666666665;4,0;3,75
2,0;2,0;5,0;4,75;4,444444444444445;4,0;3,8333333333333335;3,2;3,5
2,0;2,0;3,0;3,75;3,111111111111111;3,0;3,0;3,6;3,5
2,0;2,0;5,0;3,0;3,0;2,5;3,1666666666666665;4,0;4,0
2,0;2,0;4,0;4,0;4,0;4,0;1,0;3,0;3,25
2,0;2,0;3,0;3,75;2,888888888888889;1,0;2,6666666666666665;3,0;2,0
2,0;2,0;2,0;4,25;2,7777777777777777;2,5;3,8333333333333335;3,4;3,5
2,0;2,0;1,5;3,5;2,888888888888889;1,0;2,8333333333333335;3,8;3,25
2,0;2,0;4,5;4,25;3,111111111111111;3,0;2,3333333333333335;3,2;3,25
2,0;4,0;4,0;3,0;4,111111111111111;2,0;1,8333333333333333;2,6;2,75
2,0;4,0;4,5;4,0;4,0;4,0;3,3333333333333335;3,0;3,0
2,0;4,0;5,0;3,25;3,888888888888889;4,0;1,3333333333333333;3,0;3,75
2,0;4,0;3,0;3,0;3,5555555555555554;2,0;2,6666666666666665;2,4;2,0
2,0;4,0;2,0;3,0;3,7777777777777777;2,0;3,3333333333333335;2,6;2,25
2,0;4,0;1,0;2,0;2,6666666666666665;1,5;4,0;1,6;1,5
2,0;4,0;4,0;4,0;4,888888888888889;5,0;3,8333333333333335;3,2;3,0
2,0;4,0;3,5;3,25;3,7777777777777777;4,5;2,8333333333333335;1,0;2,25
2,0;4,0;4,5;3,5;3,888888888888889;1,0;2,6666666666666665;3,2;2,75
2,0;4,0;4,5;3,25;4,0;4,0;3,0;3,2;3,75
3,0;3,0;2,0;2,75;4,666666666666667;5,0;4,0;2,6;2,75
3,0;3,0;4,0;2,5;4,222222222222222;3,0;1,6666666666666667;2,2;2,75
3,0;3,0;3,0;4,0;4,555555555555555;1,0;1,5;2,2;3,0
3,0;3,0;4,0;3,25;4,666666666666667;3,0;2,6666666666666665;2,4;3,5
3,0;3,0;5,0;4,0;5,0;4,5;3,5;2,8;3,5
3,0;3,0;2,0;2,0;4,333333333333333;1,0;3,1666666666666665;3,0;2,75
3,0;3,0;4,5;3,25;4,111111111111111;2,0;3,6666666666666665;2,8;2,5
3,0;3,0;2,5;2,75;4,333333333333333;2,5;3,0;2,2;3,0
3,0;3,0;4,0;3,0;4,777777777777778;3,5;3,6666666666666665;2,8;3,0
3,0;3,0;5,0;3,25;4,888888888888889;2,5;4,0;2,8;3,5
1,0;2,0;3,0;3,75;2,5555555555555554;4,5;2,3333333333333335;3,2;3,75
1,0;2,0;2,0;2,25;2,5555555555555554;2,5;2,8333333333333335;2,2;3,0
1,0;2,0;4,5;4,0;3,2222222222222223;1,5;1,8333333333333333;3,2;2,25
1,0;2,0;3,0;4,0;3,7777777777777777;4,5;3,3333333333333335;4,0;3,0
1,0;2,0;3,0;3,25;3,111111111111111;3,0;2,0;3,2;2,75
1,0;2,0;5,0;4,0;3,0;3,5;3,6666666666666665;3,6;3,75
1,0;2,0;1,5;2,75;3,3333333333333335;2,5;3,8333333333333335;2,6;2,75
1,0;2,0;2,5;2,75;3,6666666666666665;4,0;2,5;2,6;2,0
1,0;2,0;3,0;3,25;2,5555555555555554;2,0;2,6666666666666665;3,6;3,5
1,0;2,0;3,5;3,5;3,888888888888889;3,0;2,6666666666666665;3,4;3,25
1,0;2,0;1,0;1,5;2,7777777777777777;1,0;2,0;3,4;3,5
1,0;2,0;3,0;2,25;2,7777777777777777;1,0;2,6666666666666665;3,6;3,5
1,0;2,0;1,0;2,5;1,3333333333333333;1,0;1,0;3,8;3,75
1,0;2,0;1,5;2,5;1,6666666666666667;1,0;1,6666666666666667;3,2;3,5
1,0;2,0;3,0;3,25;3,0;2,0;4,0;3,4;3,25
1,0;2,0;4,5;3,75;4,333333333333333;2,0;3,5;3,6;3,0
1,0;2,0;4,0;3,5;4,111111111111111;4,0;3,6666666666666665;3,6;3,75
1,0;2,0;3,5;2,0;4,333333333333333;1,0;2,5;1,8;2,0
1,0;2,0;2,0;3,25;3,7777777777777777;3,0;1,5;3,0;3,5
1,0;2,0;4,0;2,75;3,3333333333333335;1,0;2,8333333333333335;3,0;3,0
2,0;3,0;4,5;2,5;3,888888888888889;1,0;1,6666666666666667;2,4;2,75
2,0;3,0;2,0;3,0;4,0;1,0;2,6666666666666665;2,4;2,25
2,0;3,0;4,0;4,0;4,222222222222222;3,0;3,0;3,0;3,25
2,0;3,0;4,0;4,5;3,888888888888889;3,0;2,1666666666666665;2,6;2,75
2,0;3,0;5,0;2,5;4,333333333333333;1,5;3,1666666666666665;2,4;2,75
2,0;3,0;4,0;2,5;4,111111111111111;2,0;2,5;2,8;2,5
2,0;3,0;2,0;3,0;3,4444444444444446;2,0;2,8333333333333335;3,4;3,5
2,0;3,0;5,0;3,5;4,0;1,0;3,0;2,6;3,0
2,0;3,0;5,0;3,25;4,666666666666667;2,0;2,6666666666666665;2,8;3,0
2,0;3,0;4,5;4,0;5,0;2,5;3,0;3,4;3,75
2,0;3,0;3,5;1,75;2,888888888888889;2,0;2,0;3,2;3,25
2,0;3,0;4,0;3,25;3,6666666666666665;2,0;2,8333333333333335;3,2;3,0
2,0;3,0;3,0;2,5;4,555555555555555;2,5;3,8333333333333335;2,8;3,0
2,0;3,0;4,5;2,5;4,555555555555555;4,0;3,0;1,8;1,0
2,0;3,0;1,5;3,75;3,4444444444444446;3,5;2,3333333333333335;4,0;3,5
2,0;3,0;3,5;2,5;4,444444444444445;1,0;1,0;3,0;3,0
2,0;3,0;5,0;3,0;4,666666666666667;4,0;4,0;2,4;2,75
2,0;3,0;3,5;2,0;4,333333333333333;1,0;3,5;3,8;3,5
2,0;3,0;4,0;2,0;4,0;2,0;1,0;2,8;2,25
2,0;3,0;4,0;2,5;4,111111111111111;3,5;2,3333333333333335;3,2;3,5
3,0;3,0;5,0;3,0;4,888888888888889;1,0;3,8333333333333335;3,2;3,5
3,0;3,0;4,0;3,0;3,6666666666666665;2,5;3,0;2,4;2,75
3,0;3,0;4,0;3,0;4,888888888888889;3,0;2,8333333333333335;2,6;3,25
3,0;3,0;5,0;3,5;4,888888888888889;3,5;2,8333333333333335;3,4;3,5
3,0;3,0;2,5;3,0;4,444444444444445;2,0;1,8333333333333333;3,4;3,5
3,0;3,0;5,0;3,0;4,555555555555555;1,0;3,0;3,6;4,0
3,0;3,0;4,0;2,5;4,666666666666667;2,5;3,5;3,4;3,0
3,0;3,0;3,0;2,75;4,333333333333333;2,0;3,0;3,0;2,75
3,0;3,0;4,5;2,5;4,0;1,5;3,1666666666666665;2,8;2,75
3,0;3,0;5,0;3,25;4,444444444444445;2,5;2,8333333333333335;2,4;2,5
2,0;2,0;3,5;3,25;4,333333333333333;3,0;2,5;2,8;2,75
2,0;2,0;5,0;3,5;3,5555555555555554;2,5;3,6666666666666665;2,8;3,0
2,0;2,0;2,0;4,0;2,888888888888889;2,5;2,8333333333333335;3,6;3,75
2,0;2,0;3,5;3,0;4,111111111111111;2,5;4,0;3,8;3,75
2,0;2,0;1,5;2,25;3,888888888888889;2,0;3,5;2,8;1,5
2,0;2,0;5,0;2,0;5,0;4,0;1,8333333333333333;2,6;2,5
2,0;2,0;4,0;2,25;2,4444444444444446;1,0;3,1666666666666665;3,6;4,0
2,0;2,0;3,0;2,5;1,0;1,0;1,6666666666666667;3,4;3,25
2,0;2,0;4,0;3,5;4,222222222222222;2,5;4,0;4,0;4,0
2,0;2,0;4,0;3,25;4,333333333333333;2,5;1,0;3,8;3,5
2,0;2,0;2,5;3,75;3,111111111111111;2,0;2,8333333333333335;3,4;1,0
2,0;2,0;2,0;1,25;3,0;1,0;1,8333333333333333;3,4;2,75
2,0;2,0;3,5;3,0;2,7777777777777777;1,0;3,6666666666666665;3,6;4,0
2,0;2,0;3,0;2,5;4,0;2,5;2,6666666666666665;3,0;3,0
2,0;2,0;3,0;2,75;4,111111111111111;4,5;3,6666666666666665;3,4;3,25
2,0;2,0;2,0;1,75;3,5555555555555554;2,0;1,8333333333333333;3,4;3,5
2,0;2,0;2,5;3,0;2,3333333333333335;3,0;1,5;3,6;3,25
2,0;2,0;5,0;3,75;3,4444444444444446;1,0;2,0;3,2;3,0
2,0;2,0;3,0;2,75;4,111111111111111;1,0;1,6666666666666667;2,6;3,75
2,0;2,0;1,0;1,25;1,7777777777777777;1,0;1,0;2,4;3,0
2,0;2,0;2,5;2,25;4,111111111111111;3,0;1,1666666666666667;3,6;3,75
2,0;2,0;5,0;2,5;4,777777777777778;5,0;3,8333333333333335;3,6;3,75
2,0;2,0;2,5;2,75;2,6666666666666665;1,0;2,3333333333333335;3,0;3,5
2,0;2,0;4,5;4,25;4,666666666666667;4,5;3,8333333333333335;3,6;3,0
2,0;2,0;4,5;3,0;3,5555555555555554;3,0;2,3333333333333335;3,2;3,5
2,0;2,0;3,5;3,0;4,111111111111111;3,0;2,0;3,0;2,75
2,0;2,0;4,5;2,25;2,111111111111111;1,0;1,5;3,6;3,0
2,0;2,0;3,0;4,0;4,777777777777778;4,5;3,0;3,4;3,75
2,0;2,0;2,5;3,5;2,888888888888889;1,5;3,6666666666666665;3,6;4,0
2,0;2,0;2,5;2,5;2,3333333333333335;2,5;2,5;3,6;3,25
2,0;2,0;2,5;3,0;4,666666666666667;3,0;2,6666666666666665;2,6;2,0
2,0;2,0;3,0;4,0;3,2222222222222223;2,0;3,8333333333333335;2,8;3,5
2,0;2,0;3,0;2,5;4,777777777777778;2,5;3,6666666666666665;3,8;2,75
2,0;2,0;3,0;4,0;3,888888888888889;2,0;3,5;3,2;3,0
2,0;2,0;3,5;3,75;3,2222222222222223;3,0;4,0;2,6;3,0
2,0;2,0;1,5;2,5;4,555555555555555;2,5;2,6666666666666665;2,8;3,5
2,0;2,0;2,0;2,75;3,7777777777777777;2,5;3,6666666666666665;3,2;1,25
2,0;2,0;4,5;3,75;3,7777777777777777;3,0;2,6666666666666665;3,0;3,0
2,0;2,0;3,0;3,75;4,777777777777778;5,0;1,5;3,4;3,75
2,0;2,0;4,0;3,5;3,888888888888889;2,0;2,6666666666666665;2,8;3,25
1,0;2,0;3,0;3,25;3,4444444444444446;5,0;3,1666666666666665;3,8;4,0
1,0;2,0;2,0;2,75;1,0;1,0;1,8333333333333333;3,8;3,75
1,0;2,0;5,0;3,0;3,4444444444444446;3,5;3,0;3,8;3,75
1,0;2,0;3,0;2,25;3,7777777777777777;3,0;3,5;3,4;3,5
1,0;2,0;2,5;3,0;4,0;3,5;2,6666666666666665;3,2;3,5
1,0;2,0;3,5;1,75;2,7777777777777777;2,0;2,3333333333333335;3,0;2,25
1,0;2,0;4,0;1,5;2,3333333333333335;1,0;3,0;3,8;4,0
1,0;2,0;1,5;1,75;3,6666666666666665;2,0;3,0;3,2;3,0
1,0;2,0;1,5;2,0;3,7777777777777777;3,0;2,8333333333333335;3,0;3,25
1,0;2,0;5,0;1,75;3,7777777777777777;1,0;2,3333333333333335;3,6;3,25
2,0;4,0;4,5;4,75;3,4444444444444446;3,0;2,5;3,8;3,25
2,0;4,0;4,0;3,75;4,0;4,0;2,0;2,8;2,25
2,0;4,0;3,0;3,5;4,0;3,5;2,0;3,2;3,0
2,0;4,0;5,0;4,0;3,6666666666666665;3,0;3,1666666666666665;2,8;2,0
2,0;4,0;5,0;3,75;4,888888888888889;2,0;3,8333333333333335;2,4;2,5
2,0;4,0;1,5;2,5;3,0;4,0;2,5;3,8;3,5
2,0;4,0;3,5;2,25;3,3333333333333335;1,0;1,1666666666666667;3,8;3,0
2,0;4,0;4,0;3,5;4,0;4,0;2,8333333333333335;1,8;3,0
2,0;4,0;2,0;2,0;2,0;2,0;2,0;3,6;4,0
2,0;4,0;2,5;2,25;4,444444444444445;4,5;2,0;2,8;2,75
2,0;2,0;2,5;2,75;2,3333333333333335;1,5;1,5;2,6;3,25
2,0;2,0;3,0;3,0;4,333333333333333;3,0;2,6666666666666665;3,8;3,5
2,0;2,0;2,0;4,0;3,2222222222222223;5,0;2,1666666666666665;3,2;3,0
2,0;2,0;1,0;2,0;1,8888888888888888;2,0;1,5;3,4;3,0
2,0;2,0;2,5;1,75;3,0;1,0;3,6666666666666665;1,6;2,5
2,0;2,0;3,0;3,25;4,333333333333333;3,0;1,0;3,6;3,5
2,0;2,0;5,0;2,5;2,5555555555555554;1,0;1,0;2,6;2,5
2,0;2,0;5,0;3,0;4,222222222222222;3,0;2,6666666666666665;2,6;2,5
2,0;2,0;3,0;3,0;3,0;2,0;2,0;3,4;3,25
2,0;2,0;4,5;3,25;4,333333333333333;3,5;2,8333333333333335;3,2;3,75
3,0;3,0;5,0;3,25;3,111111111111111;1,0;1,8333333333333333;2,4;2,75
3,0;3,0;5,0;2,25;4,0;2,0;2,3333333333333335;2,4;2,5
3,0;3,0;4,5;2,5;4,666666666666667;3,5;2,8333333333333335;2,8;3,25
3,0;3,0;4,5;2,5;5,0;5,0;3,1666666666666665;3,8;2,75
3,0;3,0;3,5;2,75;4,666666666666667;2,5;3,0;2,2;2,75
3,0;3,0;4,0;4,0;4,333333333333333;3,5;2,1666666666666665;2,4;2,25
3,0;3,0;5,0;2,75;3,6666666666666665;2,0;3,0;2,0;2,75
3,0;3,0;4,0;3,0;4,777777777777778;4,5;2,8333333333333335;2,6;2,25
3,0;3,0;3,5;2,5;4,0;2,0;2,6666666666666665;3,2;3,5
3,0;3,0;3,5;3,0;4,111111111111111;1,0;2,3333333333333335;3,0;2,75
2,0;2,0;2,0;2,75;3,0;1,0;1,5;3,6;3,0
2,0;2,0;5,0;3,5;3,111111111111111;1,5;2,6666666666666665;2,8;3,5
2,0;2,0;2,0;2,25;3,5555555555555554;2,5;2,1666666666666665;2,8;2,75
2,0;2,0;3,5;2,25;3,6666666666666665;2,5;2,6666666666666665;3,0;2,5
2,0;2,0;2,0;3,0;3,111111111111111;3,0;1,6666666666666667;3,0;3,25
2,0;2,0;4,0;2,75;3,0;3,0;1,6666666666666667;3,2;3,0
2,0;2,0;3,0;3,25;2,3333333333333335;1,0;3,5;3,0;2,5
2,0;2,0;3,0;2,75;4,333333333333333;3,0;1,6666666666666667;3,0;3,25
2,0;2,0;2,5;4,0;3,2222222222222223;2,0;3,0;3,2;3,0
2,0;2,0;4,5;3,5;4,777777777777778;2,5;3,0;3,8;3,75
2,0;2,0;4,0;2,75;3,7777777777777777;1,0;2,3333333333333335;2,2;2,0
2,0;2,0;4,0;1,75;2,888888888888889;1,0;1,3333333333333333;3,2;3,0
2,0;2,0;4,0;3,0;4,444444444444445;3,5;2,6666666666666665;3,8;3,75
2,0;2,0;3,5;3,0;4,111111111111111;1,0;3,1666666666666665;3,4;3,25
2,0;2,0;2,0;3,5;3,6666666666666665;2,0;3,1666666666666665;2,8;3,0
2,0;2,0;5,0;4,0;5,0;3,0;3,1666666666666665;3,8;4,0
2,0;2,0;5,0;3,75;5,0;4,5;4,0;3,8;4,0
2,0;2,0;5,0;2,0;3,5555555555555554;3,0;2,5;3,4;3,75
2,0;2,0;5,0;4,75;4,555555555555555;3,5;3,8333333333333335;3,6;3,75
2,0;2,0;2,5;2,5;3,2222222222222223;1,0;2,3333333333333335;3,4;3,75
2,0;2,0;3,0;1,5;3,2222222222222223;2,0;3,0;3,0;1,75
2,0;2,0;3,5;3,5;3,888888888888889;2,5;3,0;2,8;3,0
2,0;2,0;4,0;4,0;2,4444444444444446;2,5;3,8333333333333335;3,8;2,5
2,0;2,0;5,0;2,0;3,111111111111111;1,0;1,3333333333333333;3,4;3,75
2,0;2,0;4,0;2,5;1,8888888888888888;1,0;3,8333333333333335;2,8;2,75
2,0;2,0;2,0;2,5;2,4444444444444446;1,0;2,6666666666666665;3,0;3,0
2,0;2,0;5,0;1,75;1,7777777777777777;1,0;1,5;3,8;3,5
2,0;2,0;3,5;3,0;4,777777777777778;1,0;2,0;2,8;3,5
2,0;2,0;5,0;3,0;3,6666666666666665;3,0;2,6666666666666665;3,6;3,75
2,0;2,0;1,0;2,0;3,0;1,5;1,6666666666666667;4,0;4,0
2,0;2,0;4,0;1,5;2,4444444444444446;1,5;3,0;2,6;2,5
2,0;2,0;5,0;1,25;3,5555555555555554;1,0;1,0;4,0;4,0
2,0;2,0;2,0;2,25;3,111111111111111;1,5;3,6666666666666665;3,4;3,25
2,0;2,0;5,0;1,5;4,555555555555555;1,0;3,5;2,8;3,25
2,0;2,0;4,5;2,25;3,2222222222222223;1,0;3,6666666666666665;4,0;4,0
2,0;2,0;5,0;1,0;2,6666666666666665;2,0;2,0;3,6;3,0
2,0;2,0;3,0;2,0;2,6666666666666665;2,5;3,0;3,0;2,5
2,0;2,0;2,0;1,25;2,0;1,0;2,3333333333333335;3,0;2,5
2,0;2,0;3,0;1,25;2,6666666666666665;1,0;1,3333333333333333;3,0;3,0
2,0;2,0;2,5;1,0;3,7777777777777777;2,5;1,5;3,2;3,25
1,0;3,0;3,0;3,25;4,444444444444445;3,0;3,5;3,2;3,25
1,0;3,0;3,5;2,75;4,0;3,0;3,0;1,8;2,5
1,0;3,0;4,0;3,0;4,333333333333333;3,5;2,3333333333333335;2,6;2,5
1,0;3,0;5,0;5,0;5,0;5,0;2,8333333333333335;4,0;2,0
1,0;3,0;4,5;3,5;5,0;5,0;3,5;2,6;3,25
1,0;3,0;2,0;3,25;4,444444444444445;3,0;3,0;3,2;3,0
1,0;3,0;4,0;3,25;4,777777777777778;4,5;3,5;3,8;3,75
1,0;3,0;4,0;4,0;4,0;3,5;3,8333333333333335;2,2;3,0
1,0;3,0;5,0;4,0;5,0;5,0;4,0;3,8;3,5
1,0;3,0;5,0;4,0;4,333333333333333;3,0;3,3333333333333335;3,2;3,75
2,0;3,0;2,0;2,25;3,7777777777777777;5,0;2,5;3,2;3,5
2,0;3,0;2,0;3,25;2,111111111111111;1,0;1,5;3,6;2,25
2,0;3,0;5,0;2,75;4,777777777777778;2,0;3,3333333333333335;3,0;2,5
2,0;3,0;2,0;2,0;3,0;1,0;1,8333333333333333;2,6;2,5
2,0;3,0;3,0;2,75;4,555555555555555;3,0;2,6666666666666665;3,8;4,0
2,0;3,0;2,5;3,0;4,111111111111111;2,0;3,5;2,6;2,5
2,0;3,0;4,5;2,75;4,555555555555555;2,0;3,0;3,2;3,0
2,0;3,0;2,0;3,0;4,0;2,5;2,5;2,4;2,25
2,0;3,0;4,0;3,25;4,333333333333333;3,0;3,0;2,4;1,5
2,0;3,0;5,0;3,0;4,888888888888889;2,5;1,5;2,2;3,25
2,0;2,0;4,0;3,0;3,4444444444444446;1,0;2,8333333333333335;3,0;3,0
2,0;2,0;1,5;2,0;4,222222222222222;1,0;2,0;2,6;2,25
2,0;2,0;4,0;2,75;4,0;3,5;3,0;3,6;3,25
2,0;2,0;1,5;2,5;3,7777777777777777;2,5;3,1666666666666665;3,0;2,75
2,0;2,0;1,5;2,0;3,7777777777777777;2,5;3,8333333333333335;2,2;2,0
2,0;2,0;4,5;3,0;3,0;1,5;2,3333333333333335;4,0;4,0
2,0;2,0;1,0;2,25;2,111111111111111;1,0;1,6666666666666667;1,4;1,75
2,0;2,0;3,0;2,5;2,111111111111111;2,5;2,0;2,4;3,25
2,0;2,0;1,5;2,0;2,6666666666666665;1,0;2,6666666666666665;3,2;3,25
2,0;2,0;5,0;3,25;4,888888888888889;3,0;3,0;3,8;3,5
2,0;2,0;5,0;4,0;4,777777777777778;1,0;3,6666666666666665;4,0;3,25
2,0;2,0;1,5;4,0;3,3333333333333335;1,0;3,3333333333333335;3,0;2,5
2,0;2,0;4,0;3,0;4,111111111111111;3,0;2,1666666666666665;3,6;4,0
2,0;2,0;2,0;3,0;2,888888888888889;2,0;2,6666666666666665;3,6;3,5
2,0;2,0;3,0;3,0;3,0;3,0;2,0;2,0;3,5
2,0;2,0;4,5;4,75;3,111111111111111;2,5;2,1666666666666665;3,0;2,5
2,0;2,0;3,0;3,0;2,5555555555555554;2,5;1,3333333333333333;4,0;3,75
2,0;2,0;2,5;2,75;3,4444444444444446;1,0;3,0;3,2;3,0
2,0;2,0;3,0;3,5;2,5555555555555554;4,0;2,8333333333333335;3,6;3,75
2,0;2,0;2,5;2,25;3,6666666666666665;4,0;2,5;3,6;3,5
2,0;2,0;5,0;3,5;3,2222222222222223;4,0;1,6666666666666667;3,6;3,0
2,0;2,0;2,5;2,25;3,888888888888889;1,0;2,6666666666666665;3,0;2,0
2,0;2,0;3,5;1,5;4,555555555555555;3,0;2,5;2,0;2,75
2,0;2,0;4,0;3,0;4,777777777777778;2,0;3,1666666666666665;3,4;2,5
2,0;2,0;4,0;4,0;4,222222222222222;4,0;3,3333333333333335;3,6;3,5
2,0;2,0;3,0;4,25;3,6666666666666665;3,0;1,0;2,0;3,75
2,0;2,0;1,5;3,0;4,222222222222222;3,5;3,5;3,0;3,0
2,0;2,0;5,0;3,25;2,6666666666666665;2,5;3,5;3,0;3,0
2,0;2,0;1,5;3,5;3,3333333333333335;3,0;1,5;3,8;3,25
2,0;2,0;3,5;2,25;2,6666666666666665;1,5;1,6666666666666667;1,6;1,0
2,0;2,0;3,5;3,5;3,6666666666666665;2,0;2,6666666666666665;2,8;2,5
2,0;2,0;3,0;3,5;3,3333333333333335;2,0;2,3333333333333335;3,6;2,75
2,0;2,0;2,5;3,5;3,5555555555555554;2,5;1,8333333333333333;3,4;3,0
2,0;2,0;3,5;4,5;4,222222222222222;4,5;3,1666666666666665;3,8;3,5
2,0;2,0;2,5;3,25;4,222222222222222;3,5;2,8333333333333335;2,8;2,75
2,0;2,0;5,0;4,75;3,3333333333333335;1,0;4,0;4,0;4,0
2,0;2,0;2,0;3,75;4,222222222222222;3,0;1,3333333333333333;3,8;4,0
2,0;2,0;4,5;4,25;5,0;5,0;3,1666666666666665;3,2;3,75
2,0;2,0;3,0;4,0;4,444444444444445;4,5;1,3333333333333333;4,0;3,75
2,0;2,0;4,0;2,5;3,888888888888889;3,0;2,8333333333333335;2,8;2,5
2,0;2,0;5,0;5,0;5,0;4,0;3,0;4,0;4,0
2,0;2,0;4,5;3,5;4,888888888888889;3,0;4,0;3,4;3,5
2,0;2,0;1,0;3,75;4,0;4,0;2,0;3,2;3,25
2,0;2,0;2,5;3,5;4,111111111111111;2,5;2,3333333333333335;3,0;3,0
2,0;2,0;2,5;3,75;3,5555555555555554;2,5;3,6666666666666665;3,2;3,75
2,0;2,0;3,0;2,0;3,6666666666666665;3,0;3,3333333333333335;1,6;2,0
2,0;2,0;3,0;4,0;3,6666666666666665;1,0;1,5;3,6;3,5
2,0;2,0;3,0;4,0;2,0;1,0;1,0;2,0;1,5
2,0;2,0;4,0;2,75;4,777777777777778;3,0;3,8333333333333335;2,8;3,0
2,0;2,0;2,0;2,75;2,6666666666666665;1,0;2,0;3,0;3,25
2,0;3,0;4,0;3,25;4,777777777777778;5,0;3,8333333333333335;2,6;2,5
2,0;3,0;4,0;4,25;4,777777777777778;3,5;3,0;3,0;3,0
2,0;3,0;2,5;2,25;4,333333333333333;4,0;3,1666666666666665;2,6;2,0
2,0;3,0;4,0;3,25;4,111111111111111;3,5;1,0;3,6;3,0
2,0;3,0;5,0;1,75;4,0;4,0;1,0;2,0;2,0
2,0;3,0;2,0;2,25;4,777777777777778;4,5;2,8333333333333335;2,8;2,5
2,0;3,0;3,0;3,5;3,5555555555555554;3,5;2,5;3,2;2,75
2,0;3,0;3,0;2,5;4,888888888888889;3,0;2,5;3,2;3,0
2,0;3,0;4,0;3,25;4,666666666666667;4,5;2,5;3,4;2,5
2,0;3,0;5,0;5,0;4,888888888888889;4,0;2,0;3,0;3,25
1,0;2,0;4,0;3,5;3,888888888888889;3,5;2,1666666666666665;3,4;3,5
1,0;2,0;3,0;3,75;3,3333333333333335;3,5;2,6666666666666665;3,4;3,25
1,0;2,0;5,0;4,25;4,666666666666667;4,5;1,8333333333333333;3,8;4,0
1,0;2,0;4,5;4,75;3,5555555555555554;4,5;2,1666666666666665;4,0;4,0
1,0;2,0;5,0;2,0;4,0;3,5;1,3333333333333333;3,8;3,5
1,0;2,0;4,5;2,75;2,6666666666666665;1,0;2,8333333333333335;3,2;3,0
1,0;2,0;4,5;4,25;5,0;5,0;3,8333333333333335;3,8;3,75
1,0;2,0;5,0;5,0;3,7777777777777777;3,0;2,6666666666666665;3,8;4,0
1,0;2,0;5,0;3,0;3,7777777777777777;1,0;2,1666666666666665;2,6;2,0
1,0;2,0;4,0;3,75;2,888888888888889;3,5;2,8333333333333335;2,4;2,5
1,0;4,0;3,0;2,25;4,0;3,0;4,0;3,0;3,0
1,0;4,0;4,0;3,25;2,7777777777777777;1,0;2,6666666666666665;3,0;2,75
1,0;4,0;3,0;2,5;3,6666666666666665;1,0;2,5;2,4;3,0
1,0;4,0;2,5;2,25;3,6666666666666665;3,0;3,6666666666666665;3,2;3,0
1,0;4,0;4,0;2,5;4,888888888888889;3,0;4,0;3,4;2,25
1,0;4,0;4,0;3,75;3,5555555555555554;4,0;2,0;2,8;3,0
1,0;4,0;3,0;3,25;3,3333333333333335;2,5;3,3333333333333335;3,0;3,25
1,0;4,0;4,5;2,5;4,666666666666667;3,0;4,0;2,8;3,0
1,0;4,0;5,0;4,5;4,222222222222222;4,0;2,8333333333333335;1,8;1,5
1,0;4,0;5,0;2,75;3,4444444444444446;3,0;2,3333333333333335;3,4;4,0
2,0;3,0;2,5;3,25;4,0;3,5;1,6666666666666667;2,8;3,25
2,0;3,0;3,0;2,25;3,4444444444444446;2,0;3,0;3,0;2,75
2,0;3,0;3,0;3,25;4,0;1,0;3,1666666666666665;2,4;2,5
2,0;3,0;2,0;3,5;4,444444444444445;3,5;3,1666666666666665;2,6;2,75
2,0;3,0;4,0;4,0;3,7777777777777777;3,0;4,0;3,0;2,75
2,0;3,0;2,5;2,75;4,888888888888889;2,5;2,6666666666666665;2,2;1,75
2,0;3,0;4,5;4,0;4,888888888888889;3,0;4,0;3,0;2,25
2,0;3,0;4,0;3,25;4,0;3,5;1,0;2,2;2,25
2,0;3,0;4,0;3,0;4,222222222222222;2,5;3,0;3,2;2,5
2,0;3,0;3,5;3,5;3,888888888888889;2,0;3,3333333333333335;2,8;2,75
1,0;2,0;2,5;2,75;2,3333333333333335;2,5;2,6666666666666665;3,8;3,25
1,0;2,0;4,5;3,5;4,0;4,0;2,0;3,6;3,5
1,0;2,0;1,5;3,0;3,5555555555555554;3,0;2,5;2,6;2,5
1,0;2,0;1,5;2,5;4,0;2,0;3,3333333333333335;3,4;3,75
1,0;2,0;2,5;4,25;3,888888888888889;4,0;2,0;3,4;3,5
1,0;2,0;2,0;2,75;1,6666666666666667;1,0;1,5;3,4;3,75
1,0;2,0;2,5;3,25;4,555555555555555;1,0;1,6666666666666667;4,0;3,75
1,0;2,0;4,5;5,0;4,555555555555555;3,0;2,8333333333333335;3,8;4,0
1,0;2,0;3,0;3,25;3,5555555555555554;1,0;1,5;3,4;3,25
1,0;2,0;1,5;1,75;3,5555555555555554;3,5;2,6666666666666665;3,0;2,75
1,0;2,0;2,0;3,5;3,7777777777777777;2,5;3,3333333333333335;3,6;3,75
1,0;2,0;1,0;3,0;4,777777777777778;2,5;2,5;3,6;3,5
1,0;2,0;2,0;3,0;3,3333333333333335;1,0;3,1666666666666665;2,4;3,0
1,0;2,0;2,5;3,25;3,5555555555555554;2,0;2,0;3,2;3,5
1,0;2,0;4,5;3,75;3,111111111111111;2,0;2,1666666666666665;3,4;3,0
1,0;2,0;1,5;3,75;2,2222222222222223;1,5;2,1666666666666665;3,2;2,5
1,0;2,0;5,0;3,75;4,111111111111111;2,5;2,8333333333333335;3,6;3,75
1,0;2,0;4,0;3,75;3,888888888888889;4,0;2,5;3,4;3,75
1,0;2,0;1,5;2,75;4,333333333333333;1,0;3,8333333333333335;1,8;2,25
1,0;2,0;1,0;3,25;3,0;1,0;2,3333333333333335;2,6;2,25
2,0;2,0;4,0;3,25;3,888888888888889;1,0;2,6666666666666665;3,2;3,25
2,0;2,0;2,0;2,5;4,888888888888889;5,0;3,6666666666666665;3,4;2,5
2,0;2,0;1,5;3,25;4,111111111111111;2,0;4,0;3,2;3,0
2,0;2,0;2,0;2,25;3,6666666666666665;2,0;3,0;3,6;3,5
2,0;2,0;4,5;2,0;2,7777777777777777;2,5;3,1666666666666665;2,4;2,25
2,0;2,0;3,0;2,5;3,4444444444444446;1,0;3,8333333333333335;3,4;3,75
2,0;2,0;3,5;3,0;4,333333333333333;1,0;3,1666666666666665;3,2;2,75
2,0;2,0;4,0;2,5;3,2222222222222223;2,0;2,1666666666666665;3,2;2,75
2,0;2,0;2,0;3,0;4,555555555555555;1,0;3,1666666666666665;3,4;3,75
2,0;2,0;2,0;3,25;3,888888888888889;1,0;2,0;3,2;3,25
2,0;2,0;3,5;2,25;3,2222222222222223;1,0;3,0;3,8;3,25
2,0;2,0;2,5;2,25;2,4444444444444446;2,0;2,1666666666666665;3,4;3,0
2,0;2,0;2,0;2,0;2,0;1,0;2,8333333333333335;2,6;3,0
2,0;2,0;5,0;2,75;5,0;5,0;4,0;3,6;3,5
2,0;2,0;2,5;2,25;3,111111111111111;1,0;3,8333333333333335;3,8;3,75
2,0;2,0;5,0;1,75;4,555555555555555;2,5;3,1666666666666665;4,0;4,0
2,0;2,0;2,0;2,5;4,666666666666667;2,5;4,0;3,0;2,75
2,0;2,0;5,0;1,0;3,2222222222222223;3,0;4,0;3,0;3,0
2,0;2,0;4,5;3,0;4,0;3,0;2,8333333333333335;3,8;3,25
2,0;2,0;4,5;3,25;3,3333333333333335;2,5;2,1666666666666665;3,6;3,75
2,0;3,0;4,5;3,5;4,888888888888889;3,0;3,6666666666666665;3,2;3,0
2,0;3,0;3,0;3,75;5,0;2,5;1,8333333333333333;3,2;3,5
2,0;3,0;3,5;3,25;4,888888888888889;3,5;4,0;3,2;2,75
2,0;3,0;4,5;3,5;3,5555555555555554;4,0;3,0;3,6;3,75
2,0;3,0;4,5;2,5;4,555555555555555;2,0;2,1666666666666665;3,6;3,5
2,0;3,0;2,0;2,75;2,7777777777777777;1,0;1,1666666666666667;2,8;2,5
2,0;3,0;5,0;4,0;4,777777777777778;3,0;2,6666666666666665;3,0;2,75
2,0;3,0;4,0;2,75;4,333333333333333;2,0;3,6666666666666665;3,0;2,75
2,0;3,0;4,0;2,5;4,666666666666667;2,5;3,3333333333333335;2,6;2,5
2,0;3,0;2,0;2,75;4,777777777777778;4,0;1,1666666666666667;2,2;2,0
1,0;2,0;1,0;3,0;2,3333333333333335;1,0;1,0;3,8;2,5
1,0;2,0;5,0;2,25;3,888888888888889;3,0;1,0;3,0;2,25
1,0;2,0;2,0;2,0;4,0;2,0;3,0;2,4;2,25
1,0;2,0;3,5;2,25;3,3333333333333335;2,0;2,3333333333333335;3,4;3,5
1,0;2,0;3,0;3,5;2,0;2,0;1,0;3,6;2,5
1,0;2,0;3,0;2,5;1,6666666666666667;2,5;3,0;3,8;4,0
1,0;2,0;3,0;2,75;2,7777777777777777;1,0;3,1666666666666665;3,2;4,0
1,0;2,0;3,0;2,0;2,888888888888889;1,0;3,0;3,2;3,25
1,0;2,0;2,5;2,75;3,2222222222222223;1,0;2,1666666666666665;3,2;3,75
1,0;2,0;4,0;3,25;3,3333333333333335;3,0;2,5;2,8;2,5
1,0;1,0;3,0;3,75;2,0;1,0;2,1666666666666665;3,4;3,5
1,0;1,0;3,0;3,25;1,6666666666666667;2,5;1,0;2,8;2,75
1,0;1,0;3,0;4,25;2,5555555555555554;1,0;1,0;3,4;3,0
1,0;4,0;5,0;4,25;3,6666666666666665;4,5;4,0;3,6;2,75
1,0;4,0;4,0;3,5;3,3333333333333335;2,0;3,3333333333333335;3,0;3,5
1,0;4,0;4,5;4,25;4,555555555555555;5,0;2,8333333333333335;3,6;4,0
1,0;4,0;3,5;1,25;3,5555555555555554;1,0;1,0;3,8;3,25
1,0;4,0;4,5;2,5;3,0;2,0;2,1666666666666665;2,8;2,75
1,0;4,0;4,5;3,75;2,111111111111111;1,0;1,6666666666666667;3,4;3,25
1,0;4,0;2,5;2,75;3,111111111111111;1,0;3,5;3,0;3,0
1,0;4,0;1,0;1,5;3,0;3,0;2,0;3,0;2,75
1,0;4,0;5,0;3,25;4,0;3,5;2,8333333333333335;3,0;2,5
1,0;4,0;2,5;2,5;5,0;3,0;3,0;2,6;1,5
1,0;4,0;4,5;3,0;5,0;3,5;3,8333333333333335;3,6;3,75
1,0;4,0;4,0;3,25;3,5555555555555554;1,0;1,0;3,4;2,5
1,0;4,0;3,5;3,75;4,888888888888889;3,5;3,3333333333333335;4,0;4,0
1,0;4,0;5,0;5,0;5,0;4,0;4,0;2,8;3,75
1,0;4,0;4,0;3,75;4,888888888888889;3,5;2,5;3,2;3,75
1,0;4,0;4,0;3,75;4,0;1,0;2,6666666666666665;2,4;3,25
1,0;4,0;4,5;3,75;4,111111111111111;2,0;3,1666666666666665;3,8;3,75
1,0;4,0;4,5;3,75;4,444444444444445;3,5;3,3333333333333335;3,8;3,5
1,0;4,0;3,0;2,25;3,111111111111111;1,0;4,0;3,0;3,75
1,0;4,0;3,0;3,0;5,0;4,0;3,8333333333333335;3,6;3,75
3,0;3,0;5,0;3,75;4,666666666666667;4,0;3,1666666666666665;3,4;3,75
3,0;3,0;3,0;3,25;4,444444444444445;2,5;2,6666666666666665;3,2;3,0
3,0;3,0;5,0;3,5;5,0;4,5;3,6666666666666665;3,0;3,75
3,0;3,0;4,5;3,5;4,222222222222222;2,5;3,1666666666666665;3,2;2,75
3,0;3,0;4,0;3,5;5,0;5,0;3,0;3,8;4,0
3,0;3,0;5,0;5,0;4,555555555555555;4,5;3,1666666666666665;3,2;3,5
3,0;3,0;2,0;4,75;3,888888888888889;3,0;1,1666666666666667;3,2;3,25
3,0;3,0;4,5;4,0;4,888888888888889;3,0;1,3333333333333333;3,8;4,0
3,0;3,0;3,5;3,25;4,666666666666667;1,0;2,8333333333333335;2,6;3,25
3,0;3,0;4,5;3,25;5,0;3,0;3,5;3,6;4,0
1,0;1,0;3,0;4,5;3,4444444444444446;4,0;2,5;4,0;4,0
1,0;1,0;2,5;3,25;2,888888888888889;2,0;2,1666666666666665;3,0;3,0
1,0;1,0;2,0;3,75;3,5555555555555554;4,0;2,6666666666666665;3,0;3,5
1,0;1,0;4,0;4,25;2,5555555555555554;5,0;1,5;3,4;2,25
1,0;1,0;1,5;2,75;2,0;2,0;2,1666666666666665;3,6;3,75
1,0;1,0;5,0;2,75;3,3333333333333335;1,0;3,3333333333333335;3,4;2,25
1,0;1,0;4,5;3,0;2,0;1,0;1,6666666666666667;3,8;4,0
1,0;1,0;2,0;3,5;2,111111111111111;2,0;1,3333333333333333;4,0;4,0
1,0;1,0;1,0;3,5;2,4444444444444446;1,0;2,0;4,0;4,0
1,0;1,0;2,5;1,5;2,2222222222222223;1,0;2,1666666666666665;3,6;3,25
1,0;1,0;1,5;1,0;1,2222222222222223;1,5;3,0;3,6;3,25
1,0;1,0;1,0;3,0;3,2222222222222223;3,0;3,5;3,4;3,5
1,0;2,0;3,0;4,0;2,888888888888889;2,5;2,0;3,4;2,0
1,0;2,0;4,0;3,0;2,888888888888889;3,0;2,6666666666666665;3,0;2,5
1,0;2,0;4,0;3,5;2,4444444444444446;2,5;1,3333333333333333;3,8;3,75
1,0;2,0;4,0;2,75;3,3333333333333335;3,5;3,3333333333333335;3,2;3,5
1,0;2,0;3,0;3,75;4,555555555555555;3,5;2,6666666666666665;3,4;3,5
1,0;2,0;4,5;2,0;2,7777777777777777;2,5;2,5;3,8;3,5
1,0;2,0;2,0;3,0;4,666666666666667;4,0;3,8333333333333335;3,2;4,0
1,0;2,0;2,5;2,5;3,0;1,0;3,1666666666666665;4,0;4,0
1,0;2,0;2,5;2,0;1,8888888888888888;1,0;1,3333333333333333;2,2;3,0
1,0;2,0;1,5;1,0;1,6666666666666667;1,0;3,0;3,8;3,75
1,0;1,0;2,0;2,0;2,111111111111111;1,5;2,3333333333333335;2,6;2,5
1,0;1,0;2,0;3,5;2,111111111111111;2,0;1,6666666666666667;3,0;3,0
1,0;1,0;4,5;2,75;4,0;1,0;3,0;3,2;2,5
1,0;2,0;1,5;1,0;2,0;2,0;1,0;3,4;4,0
1,0;2,0;5,0;3,0;4,111111111111111;3,0;3,8333333333333335;3,0;3,75
1,0;2,0;4,5;4,25;2,888888888888889;3,0;4,0;2,8;2,75
1,0;2,0;2,0;3,25;4,555555555555555;3,0;3,8333333333333335;3,8;3,25
1,0;2,0;4,0;4,0;2,5555555555555554;4,0;1,8333333333333333;3,8;3,75
1,0;2,0;5,0;3,5;3,888888888888889;1,0;3,8333333333333335;3,2;3,5
1,0;2,0;3,0;3,0;3,5555555555555554;1,0;2,6666666666666665;4,0;4,0
1,0;2,0;1,5;1,75;1,0;1,0;1,5;1,8;3,75
1,0;2,0;3,0;3,75;4,222222222222222;1,0;2,8333333333333335;3,0;2,5
1,0;2,0;3,0;1,75;2,7777777777777777;1,0;2,5;3,2;3,5
1,0;1,0;2,5;2,25;3,6666666666666665;1,0;4,0;3,8;3,25
1,0;1,0;1,5;1,5;3,0;3,0;2,8333333333333335;3,4;1,75
1,0;1,0;3,5;3,0;2,3333333333333335;1,0;2,5;4,0;4,0
2,0;4,0;3,5;3,0;3,7777777777777777;3,5;1,6666666666666667;3,0;3,25
2,0;4,0;3,0;3,0;4,111111111111111;2,0;3,0;3,2;3,0
2,0;4,0;4,0;4,0;4,888888888888889;4,0;4,0;3,2;3,0
2,0;4,0;2,0;2,75;3,7777777777777777;3,0;3,0;3,4;3,5
2,0;4,0;3,5;3,25;3,111111111111111;2,0;1,8333333333333333;3,0;2,0
2,0;4,0;3,0;2,25;2,7777777777777777;1,5;3,6666666666666665;3,6;3,25
2,0;4,0;5,0;5,0;4,888888888888889;4,0;2,8333333333333335;3,6;3,0
2,0;4,0;4,5;4,25;3,111111111111111;3,0;1,0;4,0;3,75
2,0;4,0;5,0;4,75;4,777777777777778;4,0;2,8333333333333335;3,4;4,0
2,0;4,0;5,0;4,5;5,0;1,0;1,5;3,2;3,0
1,0;1,0;3,0;2,75;2,4444444444444446;2,0;2,8333333333333335;2,6;2,5
1,0;1,0;4,0;2,5;4,555555555555555;2,0;4,0;3,8;3,5
1,0;1,0;3,5;2,25;4,222222222222222;4,0;1,3333333333333333;3,4;3,25
1,0;1,0;3,5;4,5;3,4444444444444446;2,5;2,5;3,4;3,5
1,0;1,0;3,5;4,25;4,444444444444445;4,0;3,8333333333333335;2,8;3,5
1,0;1,0;5,0;3,25;3,0;3,0;2,5;3,8;3,75
1,0;1,0;4,0;2,25;3,4444444444444446;3,0;4,0;2,8;3,5
1,0;1,0;4,0;2,25;2,6666666666666665;1,0;2,5;3,2;3,5
1,0;1,0;5,0;3,5;2,3333333333333335;1,0;1,6666666666666667;2,4;2,5
1,0;1,0;2,5;3,25;2,5555555555555554;4,0;2,1666666666666665;3,4;3,75
1,0;1,0;3,0;3,0;3,6666666666666665;2,0;2,5;3,0;2,75
1,0;1,0;3,5;3,0;4,444444444444445;4,0;2,5;4,0;4,0
1,0;1,0;3,5;2,75;3,3333333333333335;1,0;2,5;4,0;3,25
1,0;1,0;1,5;3,75;4,333333333333333;4,5;2,1666666666666665;3,6;3,75
1,0;1,0;4,5;3,75;3,5555555555555554;3,0;2,1666666666666665;3,2;3,0
1,0;2,0;2,5;3,25;3,0;1,0;3,0;3,2;3,75
1,0;2,0;2,5;2,75;3,6666666666666665;2,5;3,1666666666666665;3,8;3,5
1,0;2,0;3,0;1,75;4,555555555555555;1,0;3,8333333333333335;3,2;2,75
1,0;2,0;1,0;2,75;3,2222222222222223;2,0;3,5;3,4;3,5
1,0;2,0;3,0;2,25;3,0;1,0;2,3333333333333335;2,4;2,0
1,0;2,0;1,5;3,5;3,5555555555555554;1,0;3,6666666666666665;3,4;3,25
1,0;2,0;1,0;2,0;1,6666666666666667;1,0;3,0;3,2;3,25
1,0;2,0;4,0;4,0;2,5555555555555554;1,0;2,3333333333333335;3,8;4,0
1,0;2,0;4,5;4,0;3,4444444444444446;3,0;2,6666666666666665;3,4;3,75
1,0;2,0;3,0;2,0;3,0;2,5;1,5;3,6;3,5
1,0;1,0;2,5;3,5;3,2222222222222223;1,0;3,3333333333333335;3,4;3,25
1,0;1,0;4,0;3,25;4,0;2,5;1,1666666666666667;3,6;3,25
1,0;1,0;4,0;4,0;3,7777777777777777;3,0;3,5;3,4;3,0
2,0;3,0;3,5;2,25;4,444444444444445;1,5;3,1666666666666665;3,0;2,5
2,0;3,0;2,5;3,25;4,888888888888889;2,5;3,1666666666666665;3,4;3,0
2,0;3,0;5,0;3,25;4,777777777777778;2,0;3,5;3,4;3,5
2,0;3,0;5,0;3,75;4,666666666666667;2,0;3,0;2,4;1,75
2,0;3,0;5,0;4,0;3,7777777777777777;1,0;3,3333333333333335;3,4;4,0
2,0;3,0;4,5;2,75;3,888888888888889;1,0;3,0;3,2;3,25
2,0;3,0;3,0;3,5;3,888888888888889;2,0;3,1666666666666665;2,8;3,0
2,0;3,0;4,5;2,75;4,333333333333333;1,0;3,8333333333333335;3,0;3,25
2,0;3,0;2,0;2,25;3,7777777777777777;1,0;2,0;2,6;2,0
2,0;3,0;5,0;3,5;4,777777777777778;4,0;3,5;3,0;3,25
1,0;2,0;2,0;3,5;4,444444444444445;3,0;4,0;3,6;4,0
1,0;2,0;2,0;2,25;3,6666666666666665;1,0;2,5;3,6;3,5
1,0;2,0;2,0;2,25;1,5555555555555556;1,0;2,8333333333333335;3,6;4,0
1,0;2,0;3,0;3,0;3,888888888888889;2,5;3,1666666666666665;3,8;3,5
1,0;2,0;2,0;3,0;3,0;2,0;3,6666666666666665;3,2;3,75
1,0;2,0;2,0;2,5;3,6666666666666665;1,0;1,8333333333333333;3,6;3,5
1,0;2,0;1,0;2,75;2,3333333333333335;1,5;1,5;3,4;3,5
1,0;2,0;2,5;2,75;2,7777777777777777;1,0;1,8333333333333333;3,6;2,5
1,0;2,0;2,0;3,5;3,888888888888889;1,0;3,8333333333333335;4,0;3,5
1,0;2,0;2,0;3,5;2,3333333333333335;1,0;3,3333333333333335;3,6;2,5
1,0;2,0;3,0;2,75;3,888888888888889;3,5;3,0;3,4;3,5
1,0;2,0;1,5;3,0;4,444444444444445;2,5;4,0;3,2;3,0
1,0;2,0;3,0;3,75;4,555555555555555;3,0;3,1666666666666665;3,6;3,75
1,0;2,0;3,0;3,5;2,7777777777777777;1,0;3,1666666666666665;3,2;3,0
1,0;2,0;1,5;3,25;3,7777777777777777;3,0;2,1666666666666665;3,0;2,75
1,0;2,0;3,5;4,5;3,3333333333333335;3,0;2,6666666666666665;4,0;2,75
1,0;2,0;1,0;2,75;2,4444444444444446;1,5;1,3333333333333333;4,0;4,0
1,0;2,0;2,5;2,5;3,2222222222222223;3,0;2,8333333333333335;3,6;4,0
1,0;2,0;3,0;2,75;2,6666666666666665;1,0;3,1666666666666665;2,8;3,0
1,0;2,0;2,5;3,0;3,7777777777777777;1,0;2,6666666666666665;3,0;3,0
1,0;4,0;2,5;1,75;3,6666666666666665;2,5;2,6666666666666665;2,6;2,5
1,0;4,0;3,0;3,0;4,333333333333333;3,5;3,5;3,0;3,0
1,0;4,0;4,5;2,5;3,0;1,0;3,0;3,0;2,75
1,0;4,0;4,0;4,75;3,3333333333333335;4,0;1,6666666666666667;3,4;3,25
1,0;4,0;2,0;2,75;4,0;3,0;1,3333333333333333;2,8;3,25
1,0;4,0;5,0;4,0;4,333333333333333;3,0;3,3333333333333335;3,4;4,0
1,0;4,0;5,0;4,0;2,6666666666666665;1,0;1,6666666666666667;3,0;2,0
1,0;4,0;2,5;2,75;4,444444444444445;3,0;2,6666666666666665;2,0;2,25
1,0;4,0;3,0;3,25;3,7777777777777777;1,0;2,0;3,0;3,0
1,0;4,0;5,0;2,5;2,888888888888889;4,0;1,1666666666666667;3,8;1,5
1,0;2,0;2,5;2,25;2,4444444444444446;1,0;4,0;3,6;4,0
1,0;2,0;1,5;3,0;3,2222222222222223;3,5;3,0;3,4;3,25
1,0;2,0;1,5;1,5;4,111111111111111;4,0;3,3333333333333335;3,0;1,75
1,0;2,0;3,0;2,25;2,4444444444444446;1,0;3,8333333333333335;3,8;3,25
1,0;2,0;4,0;3,25;3,4444444444444446;1,5;2,8333333333333335;3,4;3,5
1,0;2,0;2,5;1,0;3,2222222222222223;2,5;3,0;4,0;4,0
1,0;2,0;2,5;2,0;2,5555555555555554;2,0;2,3333333333333335;3,4;3,5
1,0;2,0;3,0;1,75;3,7777777777777777;3,0;3,0;2,8;3,0
1,0;2,0;3,0;3,25;3,888888888888889;1,0;3,3333333333333335;3,4;4,0
1,0;2,0;1,5;2,5;1,7777777777777777;1,0;1,1666666666666667;3,6;3,25
1,0;2,0;2,0;3,25;4,666666666666667;4,0;2,3333333333333335;2,8;4,0
1,0;2,0;1,0;3,0;4,0;2,5;1,0;3,2;2,5
1,0;2,0;2,0;2,25;4,222222222222222;4,0;2,6666666666666665;3,2;3,25
1,0;2,0;3,0;3,0;2,4444444444444446;1,0;2,0;3,8;3,25
1,0;2,0;2,0;2,75;3,5555555555555554;2,0;2,8333333333333335;3,8;3,5
1,0;2,0;4,5;4,0;4,222222222222222;4,0;2,0;3,4;3,5
1,0;2,0;4,5;2,75;4,0;3,0;3,0;4,0;4,0
1,0;2,0;2,0;2,5;4,111111111111111;1,0;2,3333333333333335;2,8;3,25
1,0;2,0;2,0;3,75;2,2222222222222223;1,0;4,0;4,0;3,75
1,0;2,0;3,0;3,25;3,5555555555555554;1,0;3,6666666666666665;3,2;3,25
1,0;2,0;4,0;2,5;3,3333333333333335;1,0;4,0;2,8;2,75
1,0;2,0;1,5;1,0;1,6666666666666667;1,0;2,1666666666666665;3,8;2,0
1,0;2,0;4,5;2,5;3,0;1,5;3,1666666666666665;3,0;3,0
1,0;2,0;1,5;2,0;3,4444444444444446;2,5;2,5;3,0;3,25
1,0;2,0;2,5;2,25;2,0;1,5;3,0;3,6;3,25
1,0;2,0;1,5;2,0;2,7777777777777777;2,0;3,1666666666666665;3,6;3,75
1,0;2,0;3,0;3,0;4,0;1,0;2,1666666666666665;3,0;3,25
1,0;2,0;3,5;4,0;4,0;3,5;3,1666666666666665;3,4;3,5
1,0;2,0;2,0;2,5;4,0;2,5;4,0;3,4;4,0
1,0;2,0;4,0;4,0;2,4444444444444446;2,0;2,3333333333333335;2,4;2,25
2,0;2,0;3,5;2,0;3,3333333333333335;1,0;1,3333333333333333;2,8;2,25
2,0;2,0;4,5;3,75;4,888888888888889;3,5;2,5;3,6;4,0
2,0;2,0;3,0;1,25;2,5555555555555554;1,0;2,5;2,2;3,0
2,0;2,0;3,0;3,25;2,4444444444444446;2,0;2,5;3,0;2,75
2,0;2,0;5,0;3,25;4,111111111111111;3,5;3,0;3,6;3,5
2,0;2,0;5,0;2,75;2,7777777777777777;1,0;1,5;3,6;3,75
2,0;2,0;4,0;2,0;3,111111111111111;4,0;2,5;3,8;3,5
2,0;2,0;4,0;4,75;3,7777777777777777;2,5;2,1666666666666665;2,8;3,75
2,0;2,0;3,5;1,5;4,222222222222222;4,0;3,0;3,0;2,75
2,0;2,0;5,0;3,5;3,7777777777777777;4,0;2,8333333333333335;3,6;4,0
2,0;2,0;4,0;5,0;1,0;1,0;1,0;3,4;4,0
2,0;2,0;2,5;2,75;4,222222222222222;2,0;3,3333333333333335;2,8;3,0
2,0;2,0;3,5;2,25;3,888888888888889;1,0;2,0;3,6;3,75
2,0;2,0;2,0;2,5;3,6666666666666665;2,5;2,8333333333333335;3,6;1,5
2,0;2,0;3,5;4,0;5,0;5,0;3,8333333333333335;3,6;3,25
2,0;2,0;1,0;2,0;1,7777777777777777;1,0;3,3333333333333335;3,0;2,0
2,0;2,0;2,5;3,5;3,2222222222222223;3,0;3,0;3,0;3,0
2,0;2,0;1,5;3,0;3,3333333333333335;2,5;3,0;3,4;2,5
2,0;2,0;2,0;3,25;3,888888888888889;2,5;3,1666666666666665;3,4;3,25
2,0;2,0;3,0;2,5;3,3333333333333335;2,5;2,1666666666666665;1,8;4,0
1,0;1,0;3,5;3,25;3,888888888888889;2,0;3,0;3,0;2,0
1,0;1,0;4,0;2,5;3,5555555555555554;2,5;2,8333333333333335;3,6;4,0
1,0;1,0;2,0;1,75;3,111111111111111;2,5;2,5;3,0;3,75
2,0;3,0;4,0;2,75;3,5555555555555554;1,0;3,1666666666666665;2,6;3,25
2,0;3,0;5,0;3,25;4,444444444444445;1,0;2,5;3,2;3,5
2,0;3,0;5,0;2,75;4,666666666666667;5,0;2,8333333333333335;2,2;3,0
2,0;3,0;5,0;2,75;4,777777777777778;1,0;3,3333333333333335;2,8;2,25
2,0;3,0;2,0;3,75;4,111111111111111;3,5;4,0;2,4;2,25
2,0;3,0;2,5;2,75;4,111111111111111;2,5;3,1666666666666665;3,2;2,25
2,0;3,0;4,5;3,25;4,666666666666667;2,5;4,0;3,4;3,0
2,0;3,0;3,0;1,5;5,0;4,5;3,0;3,0;3,75
2,0;3,0;5,0;3,25;5,0;1,0;2,5;2,2;3,5
2,0;3,0;2,0;2,0;3,5555555555555554;1,0;3,0;3,2;3,0
2,0;4,0;2,5;2,5;3,7777777777777777;3,0;2,3333333333333335;3,4;3,5
2,0;4,0;5,0;3,25;4,111111111111111;3,5;4,0;2,2;2,0
2,0;4,0;5,0;3,5;3,888888888888889;3,0;3,6666666666666665;4,0;3,75
2,0;4,0;3,5;2,25;4,777777777777778;1,0;4,0;2,6;1,5
2,0;4,0;4,0;3,25;4,777777777777778;4,0;3,5;3,8;3,5
2,0;4,0;4,0;4,0;3,888888888888889;2,5;2,5;3,8;3,25
2,0;4,0;2,5;3,25;4,111111111111111;1,0;3,5;3,2;3,0
2,0;4,0;2,5;2,5;3,3333333333333335;2,0;1,0;3,6;3,75
2,0;4,0;4,5;3,0;4,222222222222222;4,0;3,3333333333333335;3,0;3,5
2,0;4,0;4,0;3,25;3,7777777777777777;3,5;3,3333333333333335;3,0;3,0
1,0;1,0;4,0;3,5;3,2222222222222223;1,5;4,0;3,4;4,0
1,0;1,0;2,5;3,0;4,777777777777778;3,0;3,5;3,0;3,5
1,0;1,0;3,0;1,75;3,111111111111111;3,5;3,0;2,4;3,0
1,0;1,0;3,5;3,75;3,0;1,5;1,8333333333333333;3,2;3,5
1,0;1,0;4,0;3,5;3,4444444444444446;2,5;1,6666666666666667;3,6;3,0
1,0;1,0;5,0;4,5;5,0;5,0;3,3333333333333335;4,0;3,25
1,0;1,0;4,5;4,0;4,666666666666667;3,0;2,8333333333333335;3,0;3,75
1,0;1,0;4,0;3,5;4,444444444444445;4,0;3,0;3,8;3,5
1,0;1,0;3,0;2,25;3,3333333333333335;2,5;1,0;3,6;4,0
1,0;1,0;2,0;4,25;3,111111111111111;3,0;2,3333333333333335;3,2;3,75
1,0;1,0;1,0;4,25;3,7777777777777777;3,0;1,8333333333333333;3,4;3,25
1,0;1,0;4,0;4,0;4,111111111111111;4,5;3,8333333333333335;3,0;3,25
1,0;2,0;4,0;5,0;3,5555555555555554;1,0;2,8333333333333335;3,2;3,0
1,0;2,0;4,0;3,25;3,888888888888889;1,0;2,5;4,0;3,25
1,0;2,0;1,5;1,5;2,888888888888889;2,0;2,1666666666666665;3,2;3,5
1,0;2,0;3,0;3,25;3,5555555555555554;2,5;2,6666666666666665;3,4;3,75
1,0;2,0;1,5;2,75;2,6666666666666665;3,0;2,3333333333333335;2,4;2,25
1,0;2,0;1,0;2,75;3,4444444444444446;1,0;3,6666666666666665;3,6;3,5
1,0;2,0;1,0;2,25;3,3333333333333335;3,0;2,8333333333333335;3,6;4,0
1,0;2,0;2,5;3,5;3,0;3,5;3,3333333333333335;3,8;2,75
1,0;2,0;4,0;4,0;2,5555555555555554;2,0;2,1666666666666665;3,0;2,75
1,0;2,0;4,5;3,25;4,444444444444445;1,0;2,8333333333333335;3,2;3,25
2,0;3,0;4,5;2,25;4,777777777777778;4,0;3,3333333333333335;2,8;3,25
2,0;3,0;3,5;2,75;4,111111111111111;2,5;2,0;2,4;2,0
2,0;3,0;3,5;2,5;3,7777777777777777;2,0;3,5;2,0;2,5
2,0;3,0;3,5;2,5;4,222222222222222;1,0;3,0;2,8;2,0
2,0;3,0;4,0;2,25;4,888888888888889;2,5;3,0;2,4;2,75
2,0;3,0;4,5;2,5;4,666666666666667;1,0;2,1666666666666665;2,4;2,5
2,0;3,0;5,0;2,75;4,111111111111111;2,0;2,0;2,6;2,5
2,0;3,0;4,0;2,75;4,0;2,5;1,8333333333333333;2,8;2,5
2,0;3,0;4,5;2,0;4,444444444444445;2,5;2,1666666666666665;3,2;3,5
2,0;3,0;3,5;2,25;4,777777777777778;3,5;2,3333333333333335;2,8;3,5
2,0;3,0;3,5;3,75;4,0;1,0;2,3333333333333335;2,8;3,0
2,0;3,0;5,0;2,75;4,555555555555555;5,0;3,8333333333333335;3,0;3,0
2,0;3,0;4,0;3,75;3,888888888888889;3,0;3,0;2,6;3,0
2,0;3,0;4,5;3,75;4,666666666666667;3,0;2,8333333333333335;2,8;1,75
2,0;3,0;4,5;3,5;4,333333333333333;2,0;2,6666666666666665;2,8;3,25
2,0;3,0;2,0;3,0;4,333333333333333;1,0;2,1666666666666665;2,8;3,5
2,0;3,0;4,5;3,25;4,888888888888889;3,5;2,8333333333333335;2,8;2,25
2,0;3,0;4,0;3,75;4,777777777777778;4,0;2,8333333333333335;3,8;3,5
2,0;3,0;1,5;3,5;3,4444444444444446;2,5;3,0;3,0;2,75
2,0;3,0;4,0;2,75;4,333333333333333;2,0;2,1666666666666665;2,6;2,5
1,0;4,0;5,0;3,25;3,6666666666666665;4,0;3,0;3,2;3,5
1,0;4,0;4,0;3,0;4,555555555555555;4,0;3,3333333333333335;2,8;3,0
1,0;4,0;3,5;4,0;5,0;5,0;3,0;3,0;3,0
1,0;4,0;5,0;3,75;4,666666666666667;3,0;2,1666666666666665;3,2;2,75
1,0;4,0;5,0;3,0;2,888888888888889;1,0;2,5;3,8;3,75
1,0;4,0;3,0;1,5;3,6666666666666665;1,0;2,1666666666666665;2,2;2,75
1,0;4,0;2,5;1,75;1,7777777777777777;1,0;3,0;2,4;2,0
1,0;4,0;3,5;2,25;3,5555555555555554;1,0;1,1666666666666667;2,8;2,0
1,0;4,0;3,0;2,75;3,6666666666666665;3,5;2,5;3,6;3,25
1,0;4,0;2,0;1,5;5,0;3,0;2,0;2,2;1,0
1,0;3,0;5,0;3,0;4,333333333333333;4,0;1,8333333333333333;2,2;3,0
1,0;3,0;5,0;3,75;4,0;4,0;3,0;3,0;3,0
1,0;3,0;2,0;2,5;3,0;3,0;2,5;3,0;2,75
1,0;3,0;5,0;3,0;5,0;3,0;3,3333333333333335;2,2;2,0
1,0;3,0;4,0;4,0;3,7777777777777777;3,0;2,6666666666666665;2,6;3,0
1,0;3,0;2,0;2,0;3,7777777777777777;3,5;2,3333333333333335;3,0;3,0
1,0;3,0;5,0;5,0;5,0;5,0;1,5;4,0;4,0
1,0;3,0;5,0;5,0;5,0;5,0;4,0;3,0;3,25
1,0;3,0;4,5;3,0;3,888888888888889;1,0;1,5;3,2;2,25
1,0;3,0;5,0;3,0;3,888888888888889;2,5;3,0;3,0;3,0
2,0;3,0;4,0;3,75;3,7777777777777777;3,0;2,8333333333333335;3,0;3,5
2,0;3,0;5,0;3,25;4,111111111111111;3,0;1,5;4,0;4,0
2,0;3,0;3,5;2,0;3,5555555555555554;1,5;3,0;2,6;3,25
2,0;3,0;2,5;2,25;2,2222222222222223;1,0;1,0;2,4;1,25
2,0;3,0;3,5;3,5;4,777777777777778;1,5;2,0;3,0;3,0
2,0;3,0;2,5;2,5;3,6666666666666665;2,5;2,6666666666666665;2,6;2,75
2,0;3,0;4,5;3,25;5,0;3,0;2,5;3,2;2,25
2,0;3,0;3,5;3,25;4,777777777777778;4,5;2,5;2,6;3,5
2,0;3,0;2,0;4,0;3,888888888888889;3,0;2,0;3,4;4,0
2,0;3,0;3,5;3,0;4,222222222222222;3,5;2,1666666666666665;3,0;3,75
1,0;4,0;3,0;2,75;4,0;2,0;2,3333333333333335;2,8;2,25
1,0;4,0;4,0;4,75;4,111111111111111;3,5;2,5;3,8;4,0
1,0;4,0;5,0;3,5;3,3333333333333335;2,5;2,1666666666666665;3,0;3,0
1,0;4,0;4,0;3,5;4,333333333333333;3,0;3,1666666666666665;3,6;3,25
1,0;4,0;3,0;2,75;3,888888888888889;2,0;3,5;2,6;2,25
1,0;4,0;4,5;3,5;4,0;3,0;2,1666666666666665;3,0;3,25
1,0;4,0;3,0;2,5;3,3333333333333335;2,0;2,3333333333333335;3,0;2,25
1,0;4,0;4,0;2,75;4,0;2,5;3,0;2,2;2,0
1,0;4,0;5,0;4,25;3,888888888888889;3,0;2,0;3,0;2,5
1,0;4,0;4,5;2,75;4,444444444444445;2,5;4,0;2,4;3,25
1,0;2,0;5,0;4,0;5,0;4,0;2,6666666666666665;3,8;3,5
1,0;2,0;3,0;2,0;3,4444444444444446;4,0;4,0;3,8;3,5
1,0;2,0;5,0;4,0;5,0;4,0;2,6666666666666665;3,8;3,5
1,0;2,0;2,0;3,75;5,0;2,5;4,0;3,6;4,0
1,0;2,0;4,5;2,5;4,777777777777778;4,5;3,0;4,0;3,75
1,0;2,0;1,5;1,5;2,7777777777777777;1,0;2,5;1,8;1,25
1,0;2,0;2,0;1,75;2,111111111111111;1,0;1,0;3,2;2,75
1,0;2,0;1,5;2,25;3,2222222222222223;2,0;3,3333333333333335;2,8;3,5
1,0;2,0;1,0;1,5;2,4444444444444446;1,0;2,5;3,6;3,75
1,0;2,0;2,5;4,0;3,7777777777777777;3,5;2,5;3,2;3,0
2,0;3,0;2,5;2,75;4,777777777777778;4,5;3,1666666666666665;2,8;3,0
2,0;3,0;3,5;3,0;4,333333333333333;2,5;3,0;3,0;3,25
2,0;3,0;4,0;3,0;4,666666666666667;1,0;3,8333333333333335;3,4;3,5
2,0;3,0;4,0;3,0;4,777777777777778;2,0;2,6666666666666665;3,4;3,75
2,0;3,0;5,0;3,25;3,888888888888889;2,0;2,3333333333333335;3,4;3,5
2,0;3,0;5,0;3,5;4,555555555555555;3,5;1,6666666666666667;4,0;4,0
2,0;3,0;4,5;4,25;3,0;1,0;2,5;3,8;3,25
2,0;3,0;3,0;2,75;3,5555555555555554;1,0;2,8333333333333335;3,8;3,75
2,0;3,0;5,0;3,75;3,6666666666666665;1,0;3,0;3,6;3,5
2,0;3,0;4,5;2,75;4,777777777777778;2,0;3,0;3,6;3,0
1,0;1,0;4,0;3,75;4,111111111111111;1,0;3,8333333333333335;3,8;3,75
1,0;1,0;2,5;2,75;4,222222222222222;1,0;3,3333333333333335;3,8;3,5
1,0;1,0;3,0;3,5;3,6666666666666665;3,5;3,0;3,0;3,25
2,0;3,0;5,0;4,0;4,222222222222222;3,0;2,0;2,8;2,75
2,0;3,0;3,0;3,0;4,666666666666667;3,0;3,3333333333333335;3,0;2,5
2,0;3,0;5,0;3,75;5,0;5,0;3,3333333333333335;4,0;3,25
2,0;3,0;4,0;3,5;4,555555555555555;1,0;2,3333333333333335;2,8;3,0
2,0;3,0;3,0;2,25;2,888888888888889;1,0;2,8333333333333335;1,4;2,0
2,0;3,0;4,0;3,0;3,6666666666666665;3,0;3,0;3,0;2,25
2,0;3,0;3,5;3,75;3,7777777777777777;1,0;2,5;2,8;2,75
2,0;3,0;3,0;3,25;4,777777777777778;3,5;3,6666666666666665;3,4;2,75
2,0;3,0;4,5;3,75;4,888888888888889;5,0;3,6666666666666665;2,6;3,0
2,0;3,0;4,5;4,0;4,111111111111111;1,0;3,0;3,0;2,0
2,0;4,0;3,5;2,75;3,888888888888889;3,5;2,3333333333333335;2,2;2,5
2,0;4,0;4,5;3,5;3,3333333333333335;1,5;3,8333333333333335;2,6;3,0
2,0;4,0;3,0;3,25;5,0;3,5;3,0;2,2;2,0
2,0;4,0;4,5;3,5;4,777777777777778;3,0;3,3333333333333335;3,0;3,0
2,0;4,0;3,0;2,0;4,0;3,0;3,3333333333333335;2,0;2,5
2,0;4,0;3,0;2,5;4,666666666666667;2,0;2,3333333333333335;2,6;2,5
2,0;4,0;4,0;3,0;4,111111111111111;1,5;2,6666666666666665;2,6;2,75
2,0;4,0;5,0;4,5;2,2222222222222223;1,0;3,3333333333333335;3,8;4,0
2,0;4,0;3,5;3,0;4,555555555555555;2,5;3,3333333333333335;2,8;2,25
2,0;4,0;3,0;2,25;4,444444444444445;3,5;4,0;3,0;3,0
1,0;2,0;3,0;4,0;3,6666666666666665;4,0;3,5;4,0;3,5
1,0;2,0;2,5;3,75;2,0;1,0;3,0;3,2;3,0
1,0;2,0;4,0;4,25;3,6666666666666665;2,5;3,0;4,0;3,5
1,0;2,0;4,0;2,25;2,888888888888889;1,0;2,3333333333333335;3,8;2,75
1,0;2,0;1,5;3,0;2,6666666666666665;5,0;3,3333333333333335;3,6;3,5
1,0;2,0;4,0;3,25;3,111111111111111;3,0;2,8333333333333335;2,0;2,5
1,0;2,0;2,5;3,0;2,5555555555555554;1,0;3,3333333333333335;3,0;2,25
1,0;2,0;2,0;4,0;3,7777777777777777;3,5;3,0;3,0;3,0
1,0;2,0;4,0;4,5;3,5555555555555554;2,0;2,0;3,8;3,5
1,0;2,0;5,0;5,0;4,0;3,0;2,5;3,0;4,0
1,0;2,0;2,5;3,25;3,7777777777777777;2,0;2,8333333333333335;3,8;3,5
1,0;2,0;3,5;2,75;2,7777777777777777;1,0;3,6666666666666665;2,4;2,5
1,0;2,0;3,0;3,0;3,3333333333333335;1,5;3,5;3,2;3,0
1,0;2,0;2,0;3,25;3,6666666666666665;1,0;3,5;2,6;2,5
1,0;2,0;2,5;3,75;4,111111111111111;1,0;3,6666666666666665;3,8;4,0
1,0;2,0;4,5;4,25;4,222222222222222;4,5;2,8333333333333335;3,2;3,5
1,0;2,0;4,5;3,5;5,0;5,0;1,5;3,8;4,0
1,0;2,0;5,0;3,5;3,888888888888889;2,0;1,1666666666666667;4,0;4,0
1,0;2,0;3,0;3,0;3,3333333333333335;4,0;2,5;3,2;3,0
1,0;2,0;4,0;2,0;4,111111111111111;2,0;3,8333333333333335;3,8;3,25
1,0;2,0;2,5;4,5;1,6666666666666667;1,5;1,1666666666666667;3,2;3,5
1,0;2,0;2,0;3,75;4,777777777777778;4,0;3,5;3,4;3,5
1,0;2,0;4,0;3,5;3,2222222222222223;3,5;1,6666666666666667;3,4;3,25
1,0;2,0;2,0;3,0;2,5555555555555554;2,5;1,1666666666666667;3,4;3,75
1,0;2,0;4,5;4,0;4,333333333333333;4,0;2,6666666666666665;2,6;2,25
1,0;2,0;3,0;2,25;3,888888888888889;1,5;3,8333333333333335;2,6;2,25
1,0;2,0;2,0;3,0;3,6666666666666665;2,5;3,3333333333333335;3,0;2,0
1,0;2,0;3,0;3,25;5,0;5,0;3,6666666666666665;4,0;4,0
1,0;2,0;4,5;3,25;4,111111111111111;2,5;2,1666666666666665;3,0;2,5
1,0;2,0;1,5;2,0;3,111111111111111;2,0;4,0;2,6;3,0
1,0;2,0;2,0;3,5;3,6666666666666665;2,5;1,3333333333333333;3,6;3,0
1,0;2,0;2,5;3,75;3,0;1,5;1,8333333333333333;3,6;3,25
1,0;2,0;1,5;2,5;3,0;4,5;4,0;4,0;4,0
1,0;2,0;1,0;2,5;2,3333333333333335;2,0;1,8333333333333333;3,0;2,75
1,0;2,0;3,5;3,0;4,666666666666667;2,5;4,0;3,4;3,25
1,0;2,0;3,0;3,75;3,6666666666666665;3,5;3,3333333333333335;3,6;3,5
1,0;2,0;3,0;3,25;4,0;1,0;3,3333333333333335;3,2;3,5
1,0;2,0;3,5;3,25;4,666666666666667;2,5;2,8333333333333335;3,8;4,0
1,0;2,0;3,5;3,25;3,6666666666666665;2,5;3,6666666666666665;3,6;3,0
1,0;2,0;4,0;3,25;3,5555555555555554;2,5;3,8333333333333335;3,8;3,25
1,0;2,0;2,5;1,5;3,2222222222222223;1,0;1,8333333333333333;2,4;2,25
1,0;2,0;2,5;1,5;2,4444444444444446;2,0;2,1666666666666665;3,0;3,0
1,0;2,0;5,0;3,75;3,111111111111111;3,0;1,8333333333333333;3,0;3,0
1,0;2,0;3,5;2,5;1,6666666666666667;2,5;1,0;3,0;1,75
1,0;2,0;4,0;3,25;4,444444444444445;3,0;2,0;2,4;2,0
1,0;2,0;5,0;4,75;3,888888888888889;3,0;2,3333333333333335;4,0;4,0
1,0;2,0;2,5;3,25;3,888888888888889;3,5;2,8333333333333335;2,2;2,0
1,0;2,0;3,0;4,25;3,3333333333333335;2,0;3,3333333333333335;3,8;3,5
1,0;2,0;2,5;3,25;3,0;2,5;2,0;2,8;1,75
1,0;2,0;3,5;3,0;3,7777777777777777;2,0;3,1666666666666665;2,6;3,25
1,0;1,0;3,0;2,25;4,222222222222222;1,0;2,5;3,4;3,5
1,0;1,0;3,0;2,25;2,3333333333333335;1,0;1,1666666666666667;3,0;2,75
1,0;1,0;2,0;2,25;2,7777777777777777;1,0;2,1666666666666665;3,4;3,0
1,0;1,0;3,0;3,25;4,333333333333333;4,0;3,6666666666666665;3,2;3,25
1,0;1,0;2,0;3,5;3,4444444444444446;1,0;2,8333333333333335;3,2;3,25
1,0;1,0;2,5;3,25;3,888888888888889;3,5;3,3333333333333335;3,0;3,25
1,0;1,0;3,5;3,25;4,333333333333333;1,5;2,3333333333333335;3,8;3,25
1,0;1,0;4,0;3,5;3,4444444444444446;1,5;2,0;3,8;3,75
1,0;1,0;5,0;3,25;4,333333333333333;5,0;4,0;3,8;3,0
2,0;3,0;2,0;2,0;2,888888888888889;1,0;3,6666666666666665;2,0;1,25
2,0;3,0;4,5;2,25;4,111111111111111;1,0;3,1666666666666665;2,0;2,5
2,0;3,0;3,0;1,75;3,0;1,0;4,0;1,4;2,25
2,0;3,0;4,0;2,75;3,5555555555555554;1,5;2,5;3,2;2,75
2,0;3,0;4,0;2,75;4,0;4,0;1,6666666666666667;3,6;3,75
2,0;3,0;2,0;3,25;3,6666666666666665;1,5;1,0;2,0;2,0
2,0;3,0;3,0;2,75;4,111111111111111;3,0;3,5;2,8;3,0
2,0;3,0;3,0;2,0;3,5555555555555554;1,0;3,0;2,4;2,5
2,0;3,0;4,0;3,25;3,3333333333333335;1,0;1,8333333333333333;3,2;3,25
2,0;3,0;3,5;1,75;4,222222222222222;1,0;3,5;3,2;3,25
1,0;2,0;4,0;3,75;3,0;4,0;2,3333333333333335;3,4;3,25
1,0;2,0;2,0;3,0;2,0;1,5;1,6666666666666667;3,0;2,25
1,0;2,0;5,0;4,25;3,5555555555555554;1,0;1,5;3,6;3,25
1,0;2,0;2,5;3,25;3,7777777777777777;3,0;3,8333333333333335;3,2;4,0
1,0;2,0;3,5;3,75;3,6666666666666665;2,5;2,3333333333333335;3,6;3,5
1,0;2,0;3,5;2,0;3,3333333333333335;1,0;4,0;3,4;3,5
1,0;2,0;3,5;3,5;2,6666666666666665;3,5;2,8333333333333335;3,8;3,75
1,0;2,0;2,0;2,25;2,5555555555555554;2,0;2,3333333333333335;3,2;3,25
1,0;2,0;5,0;3,5;4,111111111111111;1,0;3,5;3,4;3,5
1,0;2,0;2,0;3,5;1,6666666666666667;1,5;2,6666666666666665;3,2;2,75
2,0;2,0;3,0;1,75;4,555555555555555;4,0;3,8333333333333335;2,8;2,75
2,0;2,0;4,5;2,5;4,0;3,0;3,6666666666666665;3,2;2,5
2,0;2,0;2,5;2,75;3,4444444444444446;2,0;2,8333333333333335;3,4;3,5
2,0;2,0;3,5;2,25;4,333333333333333;1,0;2,8333333333333335;3,6;3,25
2,0;2,0;5,0;3,5;4,111111111111111;3,0;3,8333333333333335;3,4;3,25
2,0;2,0;1,0;1,75;2,5555555555555554;2,5;3,8333333333333335;3,4;4,0
2,0;2,0;5,0;4,25;4,0;2,0;1,5;3,6;3,5
2,0;2,0;2,0;2,25;3,4444444444444446;2,0;3,6666666666666665;2,6;1,5
2,0;2,0;3,0;2,25;3,6666666666666665;1,0;2,8333333333333335;2,6;3,0
2,0;2,0;5,0;2,5;3,888888888888889;2,5;2,5;3,2;3,25
2,0;2,0;3,0;3,75;3,4444444444444446;3,5;2,8333333333333335;3,8;3,0
2,0;2,0;3,0;3,25;4,444444444444445;4,0;2,5;3,6;3,75
2,0;2,0;4,0;3,25;2,5555555555555554;2,0;2,5;3,0;3,0
2,0;2,0;5,0;3,5;4,555555555555555;4,0;2,8333333333333335;2,6;2,25
2,0;2,0;4,0;4,0;3,5555555555555554;1,0;2,5;3,8;3,25
2,0;2,0;4,0;4,25;4,333333333333333;3,5;2,5;3,4;3,0
2,0;2,0;4,5;4,0;4,666666666666667;5,0;3,5;3,8;4,0
2,0;2,0;4,5;2,25;3,6666666666666665;3,0;2,6666666666666665;3,0;3,25
2,0;2,0;4,5;4,25;4,333333333333333;4,0;3,0;3,8;3,5
2,0;2,0;2,5;3,75;3,0;1,0;2,3333333333333335;3,4;3,5
2,0;2,0;4,0;2,5;3,888888888888889;2,5;2,8333333333333335;3,6;3,25
2,0;2,0;3,5;2,5;2,6666666666666665;2,5;2,0;3,6;3,75
2,0;2,0;2,0;4,25;1,7777777777777777;1,0;1,0;3,8;3,75
2,0;2,0;2,0;1,75;3,4444444444444446;1,0;2,5;4,0;3,5
2,0;2,0;2,5;2,0;4,111111111111111;3,0;4,0;1,6;2,5
2,0;2,0;5,0;3,0;2,2222222222222223;3,0;2,5;3,6;4,0
2,0;2,0;3,5;2,0;3,888888888888889;1,0;2,5;3,6;3,75
2,0;2,0;3,0;4,0;4,111111111111111;1,0;3,0;3,6;3,25
2,0;2,0;4,0;2,25;4,444444444444445;2,5;2,8333333333333335;3,8;3,75
2,0;2,0;2,0;1,5;3,6666666666666665;3,0;3,0;2,8;2,75
2,0;2,0;3,5;4,0;5,0;5,0;3,6666666666666665;3,8;3,0
2,0;2,0;3,0;3,0;3,2222222222222223;2,0;2,3333333333333335;3,8;3,75
2,0;2,0;4,0;3,0;4,111111111111111;1,0;2,6666666666666665;3,0;2,75
2,0;2,0;4,0;2,25;4,555555555555555;2,0;3,1666666666666665;3,4;3,5
2,0;2,0;4,5;4,0;5,0;3,0;3,0;3,4;3,75
2,0;2,0;1,5;2,5;2,3333333333333335;1,5;2,5;3,2;2,75
2,0;2,0;2,5;5,0;3,111111111111111;4,0;1,5;3,8;3,75
2,0;2,0;5,0;4,25;4,555555555555555;5,0;3,6666666666666665;2,8;4,0
2,0;2,0;2,0;3,0;3,0;2,0;3,3333333333333335;2,6;3,5
2,0;2,0;3,5;4,5;4,666666666666667;4,0;1,1666666666666667;3,8;3,25
2,0;3,0;3,5;2,5;4,111111111111111;3,5;4,0;2,8;2,5
2,0;3,0;4,0;2,5;4,888888888888889;3,0;2,0;2,6;3,0
2,0;3,0;3,5;2,75;4,0;2,5;2,0;3,2;3,25
2,0;3,0;3,0;3,0;5,0;4,0;2,3333333333333335;1,6;3,75
2,0;3,0;4,5;2,5;5,0;4,5;3,8333333333333335;3,4;4,0
2,0;3,0;4,0;2,5;4,333333333333333;2,0;3,0;3,2;3,0
2,0;3,0;4,5;3,25;4,888888888888889;1,5;3,0;2,8;3,25
2,0;3,0;4,5;2,5;4,333333333333333;2,5;1,0;3,4;3,0
2,0;3,0;1,5;3,0;4,666666666666667;2,5;2,3333333333333335;3,6;2,5
2,0;3,0;4,0;2,5;3,888888888888889;2,5;2,8333333333333335;2,8;2,25
2,0;2,0;4,5;3,5;4,222222222222222;3,0;2,6666666666666665;3,4;2,5
2,0;2,0;2,0;1,5;2,0;1,0;2,1666666666666665;3,2;3,25
2,0;2,0;2,0;1,75;2,2222222222222223;2,0;3,3333333333333335;3,4;3,75
2,0;2,0;5,0;3,5;3,888888888888889;4,0;2,0;3,2;3,25
2,0;2,0;4,5;1,5;4,666666666666667;3,0;3,3333333333333335;3,8;3,75
2,0;2,0;4,5;4,0;4,444444444444445;5,0;1,3333333333333333;3,4;3,5
2,0;2,0;5,0;2,75;3,3333333333333335;1,0;2,6666666666666665;2,8;3,5
2,0;2,0;4,0;2,25;4,777777777777778;3,5;4,0;3,4;3,75
2,0;2,0;4,5;1,75;3,3333333333333335;2,5;3,0;3,0;3,0
2,0;2,0;4,0;1,5;4,666666666666667;3,0;3,0;3,8;3,75
2,0;2,0;2,5;2,5;3,111111111111111;2,0;2,1666666666666665;3,0;3,0
2,0;2,0;1,5;2,5;2,3333333333333335;3,0;1,5;3,4;3,75
2,0;2,0;2,5;2,5;3,111111111111111;2,0;2,5;3,6;3,5
2,0;2,0;4,0;1,75;1,8888888888888888;1,0;1,1666666666666667;3,6;4,0
2,0;2,0;4,0;3,25;4,0;4,5;3,1666666666666665;3,8;3,5
2,0;2,0;5,0;4,25;5,0;5,0;4,0;3,8;3,75
2,0;2,0;2,5;1,5;3,2222222222222223;1,5;3,6666666666666665;2,6;3,0
2,0;2,0;3,0;1,75;4,444444444444445;4,0;3,1666666666666665;3,2;3,5
2,0;2,0;4,5;1,0;4,666666666666667;4,0;1,0;2,2;3,5
2,0;2,0;4,0;2,0;1,1111111111111112;1,0;1,5;3,0;3,0
1,0;2,0;1,0;1,0;1,0;1,0;2,0;3,4;3,0
1,0;2,0;3,5;2,5;2,0;2,0;3,0;3,2;3,75
1,0;2,0;2,0;3,5;2,2222222222222223;2,0;2,8333333333333335;2,6;2,0
1,0;2,0;4,5;3,75;3,2222222222222223;3,0;3,0;3,2;3,0
1,0;2,0;5,0;1,25;1,0;1,0;1,6666666666666667;3,4;3,25
1,0;2,0;2,0;2,0;1,5555555555555556;1,5;1,0;3,8;3,0
1,0;2,0;2,0;3,0;1,7777777777777777;1,0;1,5;3,2;3,75
1,0;2,0;1,0;3,0;5,0;5,0;4,0;3,6;4,0
1,0;2,0;2,0;3,5;4,333333333333333;4,0;2,6666666666666665;2,6;2,75
1,0;2,0;4,5;3,5;4,0;2,5;2,1666666666666665;3,0;3,0
1,0;4,0;4,5;3,5;4,111111111111111;3,5;2,1666666666666665;3,4;3,5
1,0;4,0;3,0;2,0;3,6666666666666665;2,5;3,3333333333333335;4,0;4,0
1,0;4,0;5,0;4,25;3,111111111111111;1,0;3,3333333333333335;3,0;4,0
1,0;4,0;2,5;1,75;4,444444444444445;5,0;2,1666666666666665;3,2;2,5
1,0;4,0;5,0;4,25;3,888888888888889;2,5;3,3333333333333335;4,0;3,75
1,0;4,0;4,0;3,25;4,111111111111111;3,0;2,6666666666666665;3,6;2,75
1,0;4,0;4,0;2,25;3,2222222222222223;2,0;2,3333333333333335;3,6;3,75
1,0;4,0;3,5;2,5;3,5555555555555554;2,0;3,0;3,4;4,0
1,0;4,0;2,5;2,0;4,555555555555555;3,0;3,5;3,6;3,5
1,0;4,0;4,5;3,75;3,5555555555555554;1,0;4,0;2,4;2,75
1,0;2,0;2,0;3,0;2,888888888888889;1,0;2,8333333333333335;3,8;4,0
1,0;2,0;4,0;3,75;4,111111111111111;3,0;2,5;3,6;3,75
1,0;2,0;5,0;4,5;4,777777777777778;5,0;4,0;4,0;4,0
1,0;2,0;2,0;3,5;4,666666666666667;2,5;2,3333333333333335;3,6;3,5
1,0;2,0;1,5;3,5;3,888888888888889;3,0;2,8333333333333335;4,0;3,5
1,0;2,0;2,0;3,5;3,3333333333333335;1,0;3,1666666666666665;3,4;3,0
1,0;2,0;2,0;4,75;3,6666666666666665;5,0;1,0;4,0;3,75
1,0;2,0;5,0;4,25;4,333333333333333;4,0;3,1666666666666665;3,2;3,5
1,0;2,0;5,0;4,0;4,666666666666667;4,5;2,6666666666666665;3,4;3,75
1,0;2,0;1,0;4,75;5,0;3,5;1,8333333333333333;3,6;3,5
1,0;2,0;3,5;3,25;3,0;2,0;2,6666666666666665;3,0;3,5
1,0;2,0;5,0;3,25;3,888888888888889;1,0;2,1666666666666665;4,0;4,0
1,0;2,0;5,0;4,5;4,555555555555555;4,0;4,0;4,0;4,0
1,0;2,0;3,5;4,0;3,5555555555555554;1,0;2,6666666666666665;3,0;3,0
1,0;2,0;4,0;3,25;2,888888888888889;2,0;3,8333333333333335;4,0;4,0
1,0;2,0;4,0;2,75;3,111111111111111;2,5;2,0;3,6;4,0
1,0;2,0;4,5;4,0;3,111111111111111;2,5;4,0;3,6;4,0
1,0;2,0;2,5;4,0;3,5555555555555554;3,0;2,1666666666666665;3,2;3,0
1,0;2,0;3,0;2,5;4,0;1,5;2,6666666666666665;3,4;3,0
1,0;2,0;2,5;2,75;4,222222222222222;3,5;3,0;3,4;3,25
1,0;2,0;3,0;3,5;3,888888888888889;1,0;1,5;2,6;3,0
1,0;2,0;2,5;3,0;3,4444444444444446;1,0;1,6666666666666667;3,8;3,75
1,0;2,0;4,5;2,0;2,888888888888889;3,0;2,0;3,6;3,5
1,0;2,0;2,5;3,5;4,333333333333333;2,0;3,0;3,4;3,75
1,0;2,0;4,5;2,75;4,0;4,0;2,6666666666666665;3,0;3,0
1,0;2,0;3,0;2,25;4,444444444444445;2,5;2,6666666666666665;2,6;3,0
1,0;2,0;4,5;3,25;2,3333333333333335;1,0;2,5;3,6;3,75
1,0;2,0;3,0;3,0;2,7777777777777777;1,0;2,6666666666666665;3,0;3,0
1,0;2,0;4,0;2,75;4,0;2,5;1,0;3,0;3,25
1,0;2,0;4,0;3,25;2,888888888888889;3,0;1,0;3,6;3,75
1,0;2,0;2,5;3,25;2,6666666666666665;1,0;1,8333333333333333;3,6;3,0
1,0;2,0;3,5;2,75;2,4444444444444446;1,0;2,1666666666666665;3,6;2,75
1,0;2,0;1,0;2,25;3,4444444444444446;2,0;2,6666666666666665;3,2;3,25
1,0;2,0;3,5;1,75;1,1111111111111112;1,0;1,5;3,0;3,25
1,0;2,0;1,5;3,0;2,0;1,0;1,3333333333333333;3,4;3,25
1,0;2,0;2,0;1,75;2,111111111111111;1,0;1,8333333333333333;2,6;2,75
1,0;2,0;1,5;2,0;1,6666666666666667;1,0;2,0;4,0;4,0
1,0;2,0;5,0;1,75;2,7777777777777777;2,5;2,8333333333333335;4,0;3,75
1,0;2,0;2,5;4,0;4,888888888888889;5,0;1,6666666666666667;3,8;4,0
1,0;2,0;4,5;3,75;4,333333333333333;3,0;3,0;3,2;2,0
1,0;3,0;2,5;2,25;3,888888888888889;2,5;2,1666666666666665;2,4;2,25
1,0;3,0;5,0;3,25;4,0;2,5;2,8333333333333335;3,2;3,5
1,0;3,0;5,0;3,0;4,0;4,0;3,0;2,2;1,75
1,0;3,0;4,0;3,25;3,7777777777777777;2,0;2,1666666666666665;2,4;3,0
1,0;3,0;3,5;2,25;4,555555555555555;4,0;2,6666666666666665;3,0;2,75
1,0;3,0;1,5;2,25;4,666666666666667;2,5;3,3333333333333335;3,2;3,75
1,0;3,0;1,5;2,5;4,222222222222222;1,0;2,6666666666666665;2,4;1,75
1,0;3,0;3,5;3,0;3,4444444444444446;3,0;3,5;3,0;2,75
1,0;3,0;3,0;2,5;4,333333333333333;4,5;2,8333333333333335;3,0;3,0
1,0;3,0;3,5;2,75;3,7777777777777777;1,5;3,6666666666666665;2,8;3,25
1,0;2,0;1,0;4,0;1,3333333333333333;1,0;2,0;3,2;2,75
1,0;2,0;2,5;3,25;4,0;2,5;2,8333333333333335;2,4;3,5
1,0;2,0;1,5;3,75;3,0;4,0;3,0;2,8;2,5
1,0;2,0;4,0;4,25;4,111111111111111;4,0;1,0;4,0;3,75
1,0;2,0;4,0;4,5;2,4444444444444446;2,0;3,8333333333333335;3,2;3,5
1,0;2,0;5,0;4,75;3,888888888888889;3,0;2,8333333333333335;3,6;4,0
1,0;2,0;5,0;4,5;4,444444444444445;4,0;1,1666666666666667;4,0;4,0
1,0;2,0;4,5;4,75;3,0;4,0;1,0;3,6;3,5
1,0;2,0;3,0;4,0;3,6666666666666665;3,0;2,8333333333333335;3,8;3,25
1,0;2,0;5,0;4,0;4,0;4,0;1,0;3,2;4,0
1,0;2,0;3,5;3,75;2,6666666666666665;3,0;2,5;4,0;4,0
1,0;2,0;3,0;4,25;3,4444444444444446;3,5;1,5;3,8;3,25
1,0;2,0;4,5;3,25;4,555555555555555;3,5;3,8333333333333335;4,0;4,0
1,0;2,0;4,0;1,75;1,6666666666666667;1,0;2,0;3,4;3,25
1,0;2,0;2,0;2,75;2,6666666666666665;1,0;2,6666666666666665;2,6;3,0
1,0;2,0;3,0;3,5;3,111111111111111;3,0;2,1666666666666665;3,6;4,0
1,0;2,0;3,5;3,5;2,6666666666666665;3,0;3,6666666666666665;3,6;3,5
1,0;2,0;2,0;2,25;4,555555555555555;2,0;3,0;3,4;3,25
1,0;2,0;4,0;4,5;3,5555555555555554;1,0;2,8333333333333335;3,2;3,25
1,0;2,0;4,5;3,5;4,666666666666667;3,0;2,8333333333333335;3,6;3,5
2,0;2,0;4,0;4,0;4,666666666666667;1,0;3,5;3,6;3,5
2,0;2,0;4,0;3,25;3,111111111111111;1,5;3,1666666666666665;4,0;3,75
2,0;2,0;3,5;2,5;4,555555555555555;1,0;4,0;3,4;3,5
2,0;2,0;1,5;2,0;2,0;3,0;1,8333333333333333;3,4;3,5
2,0;2,0;4,0;3,0;4,555555555555555;4,0;4,0;2,6;2,25
2,0;2,0;1,0;1,0;1,5555555555555556;1,0;1,8333333333333333;3,2;3,0
2,0;2,0;2,0;1,75;3,111111111111111;1,0;2,3333333333333335;3,0;3,0
2,0;2,0;3,0;2,25;2,0;1,0;2,6666666666666665;3,2;3,0
2,0;2,0;2,5;1,25;2,6666666666666665;1,0;2,8333333333333335;3,6;3,25
2,0;2,0;2,0;2,0;3,6666666666666665;2,0;3,1666666666666665;3,4;3,25
1,0;2,0;3,0;2,5;3,111111111111111;1,0;1,6666666666666667;2,8;2,75
1,0;2,0;3,0;4,0;3,3333333333333335;2,0;2,0;3,6;4,0
1,0;2,0;4,0;2,75;3,7777777777777777;2,0;2,1666666666666665;3,2;2,25
1,0;2,0;4,0;2,5;4,777777777777778;4,0;2,1666666666666665;2,8;4,0
1,0;2,0;1,0;2,25;2,0;1,5;2,0;2,4;3,0
1,0;2,0;4,0;3,5;4,222222222222222;2,0;3,6666666666666665;2,6;3,75
1,0;2,0;4,5;3,25;3,0;1,0;2,3333333333333335;3,4;3,0
1,0;2,0;1,0;2,0;2,0;2,0;2,0;3,2;3,0
1,0;2,0;2,5;3,25;3,3333333333333335;4,0;3,5;4,0;4,0
1,0;2,0;2,5;2,0;2,4444444444444446;1,0;3,6666666666666665;3,0;3,0
1,0;3,0;3,0;3,5;3,888888888888889;1,0;2,8333333333333335;3,0;3,0
1,0;3,0;4,5;4,0;5,0;4,0;4,0;3,8;3,5
1,0;3,0;2,5;4,5;5,0;4,5;3,6666666666666665;4,0;3,75
1,0;3,0;5,0;3,25;4,222222222222222;3,0;3,3333333333333335;2,4;1,5
1,0;3,0;2,0;3,5;4,666666666666667;4,0;2,6666666666666665;3,8;3,0
1,0;3,0;5,0;5,0;4,0;4,0;3,8333333333333335;3,0;3,0
1,0;3,0;4,5;3,75;4,777777777777778;4,0;3,8333333333333335;4,0;3,5
1,0;3,0;2,5;1,75;3,5555555555555554;1,0;2,8333333333333335;3,8;2,75
1,0;3,0;4,5;4,25;3,4444444444444446;2,5;2,6666666666666665;1,0;1,5
1,0;3,0;4,0;4,0;2,888888888888889;1,0;2,1666666666666665;3,4;3,0
2,0;2,0;5,0;3,0;3,6666666666666665;1,0;3,3333333333333335;3,6;3,5
2,0;2,0;5,0;3,0;2,0;1,0;2,8333333333333335;3,8;4,0
2,0;2,0;5,0;3,25;4,333333333333333;3,0;4,0;3,8;3,75
2,0;2,0;2,5;3,0;4,111111111111111;2,0;1,0;3,2;3,25
2,0;2,0;5,0;2,25;3,6666666666666665;1,0;3,5;1,8;1,5
2,0;2,0;3,0;4,0;1,4444444444444444;1,0;2,5;2,8;4,0
2,0;2,0;1,0;1,0;5,0;5,0;4,0;3,0;3,0
2,0;2,0;2,5;4,0;3,7777777777777777;2,5;3,5;3,2;3,25
2,0;2,0;1,5;2,25;2,3333333333333335;1,0;3,5;2,6;2,75
2,0;2,0;2,0;1,25;5,0;5,0;2,3333333333333335;3,6;3,5
2,0;2,0;4,5;4,25;3,7777777777777777;4,0;3,1666666666666665;3,8;3,5
2,0;2,0;1,0;1,75;3,6666666666666665;2,5;2,0;3,4;3,5
2,0;2,0;4,0;3,75;4,111111111111111;4,0;3,6666666666666665;3,8;4,0
2,0;2,0;3,0;3,0;2,7777777777777777;1,0;1,1666666666666667;3,8;2,5
2,0;2,0;5,0;2,5;3,6666666666666665;2,0;3,8333333333333335;3,6;3,25
2,0;2,0;5,0;4,0;3,5555555555555554;3,5;2,5;3,4;2,5
2,0;2,0;1,5;1,75;3,4444444444444446;1,0;2,3333333333333335;3,8;3,25
2,0;2,0;1,0;2,5;4,0;4,5;3,3333333333333335;4,0;4,0
2,0;2,0;3,5;2,25;2,6666666666666665;1,0;1,8333333333333333;3,2;4,0
2,0;2,0;3,5;2,25;1,0;1,0;4,0;3,2;4,0
2,0;3,0;2,0;3,25;4,222222222222222;2,0;1,6666666666666667;3,0;2,5
2,0;3,0;3,0;4,0;3,5555555555555554;1,0;2,6666666666666665;2,8;3,25
2,0;3,0;2,0;2,5;4,777777777777778;1,0;3,1666666666666665;2,8;2,5
2,0;3,0;4,5;3,25;4,444444444444445;3,0;3,1666666666666665;2,8;2,25
2,0;3,0;4,0;3,75;4,222222222222222;3,0;2,8333333333333335;3,6;3,25
2,0;3,0;4,5;3,75;4,555555555555555;1,0;4,0;2,8;3,0
2,0;3,0;4,0;3,75;3,2222222222222223;2,0;2,0;3,2;2,75
2,0;3,0;3,5;3,5;4,555555555555555;1,0;2,0;3,2;3,0
2,0;3,0;3,5;3,5;4,222222222222222;2,0;2,8333333333333335;3,8;3,25
2,0;3,0;4,5;3,25;4,888888888888889;4,0;3,5;3,8;3,75
2,0;2,0;2,0;3,0;3,5555555555555554;2,5;2,1666666666666665;3,4;2,75
2,0;2,0;5,0;4,25;3,888888888888889;4,5;3,3333333333333335;3,6;3,5
2,0;2,0;4,5;3,0;3,7777777777777777;4,0;2,3333333333333335;3,8;3,5
2,0;2,0;3,5;2,75;3,6666666666666665;3,5;2,0;3,2;3,25
2,0;2,0;2,0;2,75;4,0;2,0;2,3333333333333335;3,4;3,5
2,0;2,0;3,0;2,75;4,666666666666667;3,5;2,8333333333333335;3,6;3,25
2,0;2,0;2,0;3,25;4,666666666666667;3,0;2,0;2,8;3,0
2,0;2,0;2,5;2,5;3,7777777777777777;3,5;3,1666666666666665;2,8;2,5
2,0;2,0;4,0;3,0;4,111111111111111;3,5;2,8333333333333335;3,4;3,5
2,0;2,0;1,5;2,75;3,888888888888889;2,5;3,0;3,4;3,0
1,0;2,0;2,5;3,5;3,3333333333333335;1,0;1,8333333333333333;3,2;2,5
1,0;2,0;4,0;3,75;3,5555555555555554;1,0;4,0;4,0;3,75
1,0;2,0;2,5;2,0;4,222222222222222;2,5;2,8333333333333335;3,0;2,75
1,0;2,0;1,5;2,5;4,555555555555555;4,5;1,0;3,2;3,25
1,0;2,0;3,0;3,5;4,666666666666667;3,5;1,6666666666666667;2,2;3,5
1,0;2,0;5,0;3,5;4,222222222222222;5,0;1,5;3,2;2,25
1,0;2,0;2,5;3,25;3,6666666666666665;2,5;2,8333333333333335;3,0;3,0
1,0;2,0;1,5;3,0;2,7777777777777777;2,5;1,0;3,0;2,5
1,0;2,0;2,5;3,25;3,0;2,0;2,3333333333333335;3,2;3,0
1,0;2,0;1,5;1,0;4,0;4,0;4,0;2,0;1,0
1,0;3,0;4,5;3,25;4,777777777777778;5,0;2,3333333333333335;3,0;3,0
1,0;3,0;2,0;2,75;3,2222222222222223;3,0;2,1666666666666665;3,4;3,0
1,0;3,0;4,5;3,75;4,111111111111111;2,5;2,0;3,4;3,5
1,0;3,0;4,0;5,0;3,888888888888889;4,0;1,3333333333333333;3,2;4,0
1,0;3,0;5,0;4,0;4,666666666666667;4,5;2,0;3,8;3,25
1,0;3,0;4,0;2,75;3,5555555555555554;1,0;3,1666666666666665;2,4;2,75
1,0;3,0;2,0;3,0;4,555555555555555;1,0;1,5;2,6;4,0
1,0;3,0;3,5;2,75;3,7777777777777777;2,5;2,6666666666666665;3,0;3,0
1,0;3,0;3,5;4,75;4,888888888888889;2,0;4,0;3,8;2,5
1,0;3,0;4,0;3,25;4,777777777777778;4,5;3,0;3,4;4,0
2,0;3,0;3,5;2,5;3,6666666666666665;1,0;1,1666666666666667;3,2;3,5
2,0;3,0;2,0;2,75;4,888888888888889;4,0;1,3333333333333333;2,2;3,75
2,0;3,0;3,0;3,75;4,555555555555555;3,0;2,8333333333333335;3,0;2,75
2,0;3,0;3,5;3,25;4,444444444444445;3,5;2,5;3,2;2,75
2,0;3,0;2,5;2,5;1,0;1,0;2,3333333333333335;2,4;2,75
2,0;3,0;4,0;3,5;4,111111111111111;1,5;2,5;2,8;2,75
2,0;3,0;2,5;1,75;4,888888888888889;4,0;2,3333333333333335;3,0;2,5
2,0;3,0;4,0;3,5;4,777777777777778;4,0;3,5;3,0;2,75
2,0;3,0;2,0;1,0;4,0;4,0;2,5;2,8;3,75
2,0;3,0;4,0;4,0;4,666666666666667;2,5;3,8333333333333335;2,8;3,25
2,0;2,0;2,0;1,5;2,4444444444444446;2,0;2,5;2,8;3,0
2,0;2,0;3,0;1,0;1,2222222222222223;1,0;3,0;2,8;3,0
2,0;2,0;1,5;1,25;1,4444444444444444;3,0;2,1666666666666665;3,0;2,5
2,0;2,0;2,5;1,0;3,3333333333333335;1,0;2,5;2,8;2,75
2,0;2,0;5,0;1,0;3,5555555555555554;1,0;3,8333333333333335;3,2;3,5
2,0;2,0;3,0;1,75;3,7777777777777777;1,0;3,8333333333333335;2,6;2,75
2,0;2,0;2,5;2,75;2,111111111111111;1,0;2,5;3,4;3,75
2,0;2,0;2,0;2,0;3,2222222222222223;2,0;2,5;3,8;3,75
2,0;2,0;2,5;2,75;2,5555555555555554;4,5;2,1666666666666665;3,2;3,5
2,0;2,0;2,0;1,5;3,3333333333333335;1,0;2,3333333333333335;3,4;3,5
2,0;2,0;5,0;2,75;2,3333333333333335;1,0;2,1666666666666665;3,4;3,25
2,0;2,0;4,0;3,25;4,222222222222222;2,5;3,3333333333333335;3,0;3,75
2,0;2,0;4,0;3,25;3,7777777777777777;3,0;3,0;3,6;3,75
2,0;2,0;2,0;2,0;3,5555555555555554;2,0;1,5;2,8;1,75
2,0;2,0;3,5;2,75;3,111111111111111;2,5;2,3333333333333335;2,2;2,25
2,0;2,0;1,0;1,25;2,888888888888889;2,5;4,0;2,2;1,25
2,0;2,0;5,0;4,75;3,4444444444444446;3,0;2,3333333333333335;4,0;3,5
2,0;2,0;5,0;3,25;4,111111111111111;1,0;3,0;3,0;3,25
2,0;2,0;5,0;3,25;3,888888888888889;3,0;3,0;3,6;3,75
2,0;2,0;4,0;4,25;3,2222222222222223;2,5;3,3333333333333335;3,8;3,25
2,0;3,0;3,0;3,25;4,777777777777778;3,5;3,0;2,8;2,5
2,0;3,0;3,0;1,75;4,555555555555555;3,5;3,0;3,2;3,25
2,0;3,0;3,0;3,0;4,777777777777778;4,0;2,5;3,0;3,75
2,0;3,0;3,5;3,75;4,555555555555555;3,0;3,6666666666666665;3,8;4,0
2,0;3,0;2,5;2,75;3,6666666666666665;3,5;2,3333333333333335;3,4;3,5
2,0;3,0;2,5;2,5;4,666666666666667;4,0;3,5;3,2;3,25
2,0;3,0;4,5;3,5;3,7777777777777777;2,0;2,6666666666666665;3,4;3,75
2,0;3,0;5,0;3,0;4,333333333333333;3,0;3,8333333333333335;3,2;3,25
2,0;3,0;3,0;3,75;3,888888888888889;3,5;2,5;2,8;3,25
2,0;3,0;1,5;3,0;4,0;3,0;2,5;3,0;3,25
2,0;2,0;4,0;4,0;3,0;1,0;1,0;3,8;3,5
2,0;2,0;3,0;2,0;3,7777777777777777;1,0;3,6666666666666665;3,2;3,5
2,0;2,0;4,5;4,0;4,777777777777778;1,0;3,0;2,6;2,25
2,0;2,0;3,0;3,0;3,888888888888889;1,5;3,8333333333333335;2,6;3,25
2,0;2,0;3,0;2,5;2,6666666666666665;1,0;2,6666666666666665;3,4;3,25
2,0;2,0;3,5;1,75;2,7777777777777777;2,0;2,6666666666666665;2,6;2,5
2,0;2,0;1,5;1,75;3,7777777777777777;2,0;1,8333333333333333;2,0;2,25
2,0;2,0;4,5;3,25;4,444444444444445;1,0;3,0;3,6;3,75
2,0;2,0;2,5;2,5;2,2222222222222223;2,0;3,0;3,0;3,0
2,0;2,0;3,0;3,5;4,444444444444445;2,0;1,0;2,0;1,5
2,0;2,0;3,5;3,75;4,0;2,5;2,0;3,6;2,5
2,0;2,0;4,5;2,25;4,111111111111111;2,0;3,6666666666666665;3,2;2,75
2,0;2,0;5,0;4,25;4,333333333333333;4,5;2,8333333333333335;3,2;3,25
2,0;2,0;4,0;4,25;3,5555555555555554;4,0;4,0;3,6;3,75
2,0;2,0;1,5;3,0;4,444444444444445;3,0;2,6666666666666665;2,8;3,25
2,0;2,0;5,0;4,25;2,7777777777777777;1,0;3,0;3,6;3,25
2,0;2,0;2,0;3,0;4,777777777777778;4,0;3,1666666666666665;3,4;3,0
2,0;2,0;4,5;3,25;3,4444444444444446;1,0;3,3333333333333335;4,0;4,0
2,0;2,0;1,5;2,0;2,7777777777777777;1,0;1,8333333333333333;3,6;3,75
2,0;2,0;2,5;2,5;3,6666666666666665;2,0;2,8333333333333335;3,4;3,5
1,0;2,0;5,0;3,5;1,5555555555555556;1,5;1,3333333333333333;2,4;1,0
1,0;2,0;3,0;3,25;3,6666666666666665;2,0;1,5;3,2;3,5
1,0;2,0;2,0;1,75;2,2222222222222223;2,0;1,0;3,0;3,75
1,0;2,0;2,0;2,5;3,888888888888889;4,0;1,6666666666666667;3,6;3,75
1,0;2,0;3,5;3,25;5,0;5,0;3,1666666666666665;3,2;2,25
1,0;2,0;3,5;3,75;3,4444444444444446;1,0;2,6666666666666665;3,6;3,0
1,0;2,0;2,0;2,75;1,0;1,0;3,0;3,4;3,5
1,0;2,0;5,0;4,0;4,555555555555555;1,0;1,0;4,0;4,0
1,0;2,0;1,0;3,75;1,8888888888888888;2,5;3,5;3,8;2,75
1,0;2,0;4,5;3,0;2,3333333333333335;2,0;1,6666666666666667;3,6;3,25
1,0;2,0;5,0;5,0;5,0;5,0;3,0;3,0;3,75
1,0;2,0;1,5;2,75;2,7777777777777777;1,0;3,0;2,4;2,75
1,0;2,0;1,5;3,75;5,0;3,5;3,0;3,6;3,0
1,0;2,0;3,0;2,75;2,6666666666666665;2,5;2,1666666666666665;2,4;2,5
1,0;2,0;1,0;3,25;3,5555555555555554;3,0;3,5;3,6;3,75
1,0;2,0;2,5;3,75;3,7777777777777777;2,5;2,8333333333333335;3,0;2,25
1,0;2,0;5,0;4,25;4,666666666666667;4,5;2,8333333333333335;2,8;3,25
1,0;2,0;2,5;2,75;3,0;2,5;2,1666666666666665;2,8;3,25
1,0;2,0;5,0;5,0;5,0;5,0;2,5;3,2;4,0
1,0;2,0;3,5;2,5;4,111111111111111;3,5;2,3333333333333335;3,0;2,75
1,0;2,0;4,5;4,0;4,0;3,0;2,5;3,6;4,0
1,0;2,0;2,0;2,5;3,111111111111111;2,0;2,6666666666666665;3,0;2,25
1,0;2,0;5,0;4,25;3,6666666666666665;2,0;2,5;3,0;3,75
1,0;2,0;1,5;2,75;3,111111111111111;1,0;4,0;3,8;4,0
1,0;2,0;2,0;3,75;1,6666666666666667;2,0;3,6666666666666665;3,6;3,5
1,0;2,0;2,0;3,25;3,2222222222222223;2,5;2,5;3,4;2,75
1,0;2,0;3,5;2,0;3,6666666666666665;3,5;3,1666666666666665;3,4;3,75
1,0;2,0;1,5;1,5;3,6666666666666665;3,0;3,6666666666666665;3,2;3,0
1,0;2,0;2,0;2,25;3,6666666666666665;3,5;1,8333333333333333;3,4;3,5
1,0;2,0;4,0;3,75;3,4444444444444446;2,0;2,6666666666666665;3,0;3,25
1,0;2,0;4,5;4,5;3,888888888888889;3,0;2,8333333333333335;3,2;3,25
1,0;2,0;4,5;2,75;3,3333333333333335;3,5;2,6666666666666665;3,2;3,25
1,0;2,0;3,0;3,0;2,888888888888889;2,0;1,6666666666666667;3,4;3,25
1,0;2,0;3,0;3,0;3,6666666666666665;3,0;3,5;2,8;3,0
1,0;2,0;2,5;3,5;3,7777777777777777;2,0;3,6666666666666665;3,6;3,75
1,0;2,0;2,5;2,25;4,0;2,5;4,0;3,2;2,0
1,0;2,0;2,5;2,5;3,5555555555555554;2,5;2,3333333333333335;3,6;2,5
1,0;2,0;1,0;3,0;3,4444444444444446;1,0;2,5;3,2;3,0
1,0;2,0;4,0;4,75;4,222222222222222;3,5;3,8333333333333335;3,2;3,5
1,0;2,0;2,5;2,75;3,4444444444444446;1,0;4,0;3,8;3,5
2,0;2,0;3,5;4,0;3,7777777777777777;4,0;1,8333333333333333;4,0;2,75
2,0;2,0;3,5;3,5;4,333333333333333;2,0;3,8333333333333335;3,2;3,5
2,0;2,0;3,0;3,0;4,111111111111111;3,0;3,3333333333333335;2,8;2,5
2,0;2,0;2,0;3,5;3,7777777777777777;4,5;2,5;4,0;3,0
2,0;2,0;3,5;4,25;4,111111111111111;2,5;3,1666666666666665;3,4;2,75
2,0;2,0;3,5;3,75;2,7777777777777777;2,0;3,1666666666666665;3,6;3,25
2,0;2,0;4,0;3,0;4,555555555555555;1,0;3,5;3,6;3,0
2,0;2,0;3,0;4,75;4,777777777777778;5,0;3,0;3,6;4,0
2,0;2,0;5,0;3,25;5,0;3,0;3,8333333333333335;3,8;3,75
2,0;2,0;4,0;3,5;2,888888888888889;3,0;3,0;3,4;4,0
2,0;2,0;2,0;4,25;3,3333333333333335;4,0;1,0;3,6;3,75
2,0;2,0;2,0;2,25;4,111111111111111;3,5;3,0;3,0;3,0
2,0;2,0;5,0;3,25;4,333333333333333;3,5;2,8333333333333335;3,8;3,5
2,0;2,0;4,0;2,5;3,888888888888889;3,0;3,3333333333333335;3,6;3,25
2,0;2,0;3,0;2,0;4,0;2,0;2,6666666666666665;3,2;3,0
2,0;2,0;4,5;2,0;3,111111111111111;2,5;3,3333333333333335;3,8;3,5
2,0;2,0;1,5;3,25;4,111111111111111;3,0;2,6666666666666665;3,2;3,25
2,0;2,0;2,5;2,25;3,888888888888889;1,0;3,0;3,8;3,5
2,0;2,0;4,5;2,5;4,222222222222222;3,5;3,0;4,0;4,0
2,0;2,0;3,0;4,0;4,111111111111111;3,0;2,0;4,0;4,0
2,0;2,0;2,5;3,25;3,888888888888889;3,0;3,1666666666666665;2,8;2,75
2,0;2,0;3,0;2,25;3,2222222222222223;1,0;2,6666666666666665;3,2;3,75
2,0;2,0;4,0;4,25;3,0;2,5;3,6666666666666665;3,2;3,0
2,0;2,0;4,0;2,75;2,5555555555555554;2,5;2,6666666666666665;3,4;3,75
2,0;2,0;4,5;3,75;3,888888888888889;4,5;3,3333333333333335;3,6;2,75
2,0;2,0;3,0;3,0;4,222222222222222;2,5;3,6666666666666665;3,2;2,75
2,0;2,0;2,0;3,75;3,7777777777777777;2,5;3,1666666666666665;3,8;3,75
2,0;2,0;2,5;5,0;2,0;1,0;1,0;3,0;2,75
2,0;2,0;5,0;4,5;4,666666666666667;3,5;2,8333333333333335;3,8;4,0
2,0;2,0;1,5;2,75;3,3333333333333335;1,0;3,3333333333333335;3,4;3,75
2,0;2,0;2,0;2,0;3,0;1,0;1,0;3,4;3,75
2,0;2,0;2,5;2,75;2,5555555555555554;2,5;2,8333333333333335;3,2;3,5
2,0;2,0;2,5;3,25;3,5555555555555554;2,5;3,6666666666666665;4,0;4,0
2,0;2,0;3,5;3,25;3,2222222222222223;2,5;2,5;3,6;3,25
2,0;2,0;2,5;1,75;2,4444444444444446;2,0;2,5;3,4;3,0
2,0;2,0;3,0;3,5;3,6666666666666665;3,0;2,0;3,8;3,0
2,0;2,0;4,0;4,25;5,0;5,0;3,8333333333333335;4,0;3,5
2,0;2,0;1,5;1,0;2,2222222222222223;2,0;1,8333333333333333;3,4;3,0
2,0;2,0;2,0;2,0;3,5555555555555554;3,0;1,0;3,6;3,75
2,0;2,0;5,0;4,75;5,0;5,0;3,8333333333333335;3,2;3,0
2,0;2,0;3,0;3,0;3,7777777777777777;1,0;3,3333333333333335;2,4;3,5
2,0;2,0;3,0;3,25;4,555555555555555;3,5;3,3333333333333335;2,6;2,0
2,0;2,0;4,5;3,25;3,7777777777777777;1,0;3,1666666666666665;3,6;3,25
2,0;2,0;3,0;3,25;3,2222222222222223;1,0;2,5;3,4;3,5
2,0;2,0;5,0;1,75;4,555555555555555;3,5;3,1666666666666665;4,0;3,0
2,0;2,0;2,5;3,25;4,777777777777778;4,0;3,5;3,4;3,0
2,0;2,0;3,5;4,25;3,111111111111111;2,5;1,5;4,0;3,75
2,0;2,0;2,5;2,75;2,3333333333333335;2,5;2,6666666666666665;3,0;3,25
2,0;2,0;4,5;2,25;3,0;1,0;1,0;3,8;3,75
2,0;2,0;2,0;3,0;4,777777777777778;3,0;3,3333333333333335;3,4;3,5
2,0;2,0;3,5;3,5;3,888888888888889;1,0;3,5;3,6;3,75
2,0;2,0;2,0;3,25;3,7777777777777777;2,0;3,1666666666666665;3,0;2,75
2,0;2,0;4,5;3,5;4,555555555555555;1,5;2,6666666666666665;3,2;3,5
2,0;2,0;3,0;3,25;3,6666666666666665;2,5;2,1666666666666665;2,4;3,5
2,0;2,0;1,5;2,75;2,5555555555555554;2,0;2,6666666666666665;2,6;2,75
2,0;2,0;4,0;3,25;4,444444444444445;3,5;3,1666666666666665;2,8;3,75
2,0;2,0;5,0;4,0;3,7777777777777777;2,5;2,1666666666666665;3,8;3,75
2,0;2,0;4,0;2,5;4,0;4,0;2,0;3,4;2,75
2,0;2,0;4,0;2,75;4,555555555555555;3,0;1,6666666666666667;3,6;3,5
2,0;2,0;4,5;3,0;3,6666666666666665;3,0;2,1666666666666665;3,2;3,5
1,0;2,0;2,5;2,75;2,6666666666666665;1,0;2,3333333333333335;3,0;4,0
1,0;2,0;2,0;1,5;3,7777777777777777;3,5;2,6666666666666665;3,2;3,5
1,0;2,0;1,5;2,5;3,5555555555555554;2,0;1,1666666666666667;3,6;3,75
1,0;2,0;2,5;2,5;3,6666666666666665;4,0;3,5;3,2;3,75
1,0;2,0;5,0;4,0;3,5555555555555554;2,0;2,0;3,8;4,0
1,0;2,0;3,5;4,0;2,7777777777777777;1,0;3,3333333333333335;4,0;3,75
1,0;2,0;2,0;2,75;3,888888888888889;3,0;4,0;3,4;3,25
1,0;2,0;1,0;2,5;2,0;1,0;3,5;3,0;3,0
1,0;2,0;2,0;1,75;4,0;2,5;3,8333333333333335;3,4;3,5
1,0;2,0;1,5;2,25;4,0;3,5;1,0;3,6;3,5
1,0;2,0;3,5;3,5;2,4444444444444446;2,5;3,6666666666666665;3,6;3,25
1,0;2,0;3,0;4,0;2,5555555555555554;1,5;2,8333333333333335;3,2;3,0
1,0;2,0;1,5;2,5;2,3333333333333335;1,0;3,1666666666666665;4,0;4,0
1,0;2,0;4,5;4,5;5,0;5,0;3,8333333333333335;3,6;3,5
1,0;2,0;4,5;3,75;4,333333333333333;3,0;1,5;4,0;3,75
1,0;2,0;2,5;4,0;3,111111111111111;4,0;1,6666666666666667;2,6;1,75
1,0;2,0;5,0;4,25;2,888888888888889;2,5;2,6666666666666665;4,0;4,0
1,0;2,0;3,0;3,5;3,111111111111111;1,0;3,0;3,4;3,25
1,0;2,0;1,5;2,5;2,888888888888889;3,0;3,0;3,0;3,25
1,0;2,0;3,0;1,75;2,0;1,0;1,6666666666666667;3,0;2,75
1,0;2,0;4,0;3,75;2,6666666666666665;2,0;2,6666666666666665;1,6;3,25
1,0;2,0;3,0;3,0;3,4444444444444446;2,0;2,6666666666666665;3,8;3,5
1,0;2,0;5,0;4,0;3,3333333333333335;3,0;2,5;3,2;3,75
1,0;2,0;4,5;4,5;4,111111111111111;4,0;3,5;3,0;2,75
1,0;2,0;3,5;4,75;2,2222222222222223;1,0;3,6666666666666665;2,6;2,5
1,0;2,0;5,0;3,25;4,111111111111111;3,0;3,5;3,8;3,25
1,0;2,0;4,0;3,25;2,6666666666666665;1,0;1,0;3,2;3,0
1,0;2,0;2,0;2,0;3,3333333333333335;2,0;3,6666666666666665;3,6;3,25
1,0;2,0;5,0;4,0;2,7777777777777777;4,5;4,0;4,0;4,0
1,0;2,0;3,0;3,5;2,6666666666666665;2,5;1,8333333333333333;3,4;3,0
2,0;3,0;5,0;3,25;2,888888888888889;1,0;3,5;2,6;3,25
2,0;3,0;4,0;3,25;4,666666666666667;1,0;2,6666666666666665;3,2;2,5
2,0;3,0;4,0;3,75;4,111111111111111;3,5;2,3333333333333335;2,8;3,75
2,0;3,0;4,0;3,25;4,555555555555555;2,5;2,6666666666666665;3,4;3,0
2,0;3,0;4,0;3,25;4,777777777777778;1,0;2,8333333333333335;3,0;3,0
2,0;3,0;4,5;3,0;5,0;5,0;2,8333333333333335;2,6;3,0
2,0;3,0;3,0;2,5;4,555555555555555;2,0;3,6666666666666665;2,8;3,25
2,0;3,0;3,0;4,0;3,5555555555555554;1,0;2,0;3,0;1,75
2,0;3,0;4,0;3,5;3,7777777777777777;3,0;2,6666666666666665;2,8;2,5
2,0;3,0;4,0;3,25;3,7777777777777777;2,0;2,5;2,8;2,75
2,0;3,0;4,5;2,5;3,111111111111111;1,0;3,6666666666666665;2,4;1,5
2,0;3,0;4,5;2,0;3,3333333333333335;1,0;3,5;1,8;1,5
2,0;3,0;5,0;3,5;4,888888888888889;1,0;4,0;3,2;3,25
2,0;3,0;3,5;3,25;4,222222222222222;1,0;3,3333333333333335;3,0;3,0
2,0;3,0;5,0;4,5;4,888888888888889;3,5;4,0;3,4;3,75
2,0;3,0;2,5;3,25;4,444444444444445;3,0;2,1666666666666665;3,2;2,75
2,0;3,0;2,5;3,5;3,888888888888889;1,0;2,8333333333333335;3,0;3,75
2,0;3,0;3,5;2,75;3,888888888888889;1,0;3,1666666666666665;2,8;3,25
2,0;3,0;4,5;4,0;3,4444444444444446;4,0;2,8333333333333335;3,6;3,25
2,0;3,0;4,0;3,25;4,777777777777778;4,0;3,5;3,2;3,0
1,0;2,0;2,5;2,5;3,7777777777777777;2,5;3,0;2,8;3,25
1,0;2,0;3,0;3,0;4,666666666666667;3,5;2,8333333333333335;3,6;3,25
1,0;2,0;4,0;2,0;4,111111111111111;4,0;3,0;2,6;3,5
1,0;2,0;1,5;2,5;4,0;3,5;3,8333333333333335;3,4;4,0
1,0;2,0;2,5;2,25;3,7777777777777777;1,0;2,1666666666666665;3,0;2,75
1,0;2,0;2,5;3,0;4,888888888888889;5,0;3,1666666666666665;3,4;2,75
1,0;2,0;2,0;3,5;3,0;2,0;3,0;4,0;4,0
1,0;2,0;2,5;2,0;4,0;2,0;2,6666666666666665;3,0;2,75
1,0;2,0;3,5;2,75;3,7777777777777777;2,0;3,6666666666666665;3,8;3,25
1,0;2,0;2,0;1,75;3,6666666666666665;2,5;3,5;2,2;2,25
1,0;2,0;4,5;4,0;3,3333333333333335;2,5;3,6666666666666665;3,8;4,0
1,0;2,0;2,5;2,0;2,888888888888889;1,0;4,0;3,2;3,25
1,0;2,0;1,5;2,5;3,2222222222222223;2,0;2,6666666666666665;3,6;3,5
1,0;2,0;5,0;3,25;4,111111111111111;2,5;2,1666666666666665;4,0;3,75
1,0;2,0;2,5;3,25;4,222222222222222;3,0;3,8333333333333335;3,8;3,75
1,0;2,0;3,0;4,25;3,2222222222222223;4,5;2,8333333333333335;3,0;3,0
1,0;2,0;1,5;3,5;2,888888888888889;1,0;2,5;3,4;4,0
1,0;2,0;2,5;3,5;2,5555555555555554;1,0;2,6666666666666665;3,2;3,0
1,0;2,0;2,0;2,5;3,6666666666666665;1,0;3,8333333333333335;3,8;4,0
1,0;2,0;3,0;3,25;4,333333333333333;3,5;3,5;3,0;3,0
1,0;2,0;5,0;2,75;2,6666666666666665;2,5;2,8333333333333335;3,4;3,25
1,0;2,0;3,0;4,0;3,3333333333333335;4,0;2,6666666666666665;3,4;3,75
1,0;2,0;2,0;3,25;3,0;2,0;1,1666666666666667;3,4;2,25
1,0;2,0;2,0;2,5;3,6666666666666665;2,5;1,8333333333333333;2,6;2,5
1,0;2,0;4,0;3,5;3,111111111111111;2,0;2,6666666666666665;3,4;3,5
1,0;2,0;1,5;4,25;1,4444444444444444;4,0;1,0;3,2;3,25
1,0;2,0;3,0;3,0;2,5555555555555554;3,5;2,5;3,2;2,0
1,0;2,0;3,0;2,75;4,555555555555555;3,5;2,5;3,0;3,5
1,0;2,0;3,0;3,75;1,8888888888888888;2,0;2,0;3,6;3,75
1,0;2,0;5,0;3,5;3,0;3,0;2,1666666666666665;2,4;3,5
1,0;4,0;3,0;2,75;3,5555555555555554;1,0;3,3333333333333335;2,6;1,75
1,0;4,0;4,0;4,0;4,0;3,0;2,8333333333333335;3,8;3,0
1,0;4,0;4,5;3,25;4,222222222222222;2,5;3,3333333333333335;4,0;4,0
1,0;4,0;2,0;2,75;3,3333333333333335;2,5;2,8333333333333335;2,4;3,5
1,0;4,0;4,0;3,0;2,3333333333333335;2,0;3,0;3,4;2,75
1,0;4,0;4,0;3,25;5,0;3,0;3,5;3,6;3,5
1,0;4,0;3,0;3,0;3,5555555555555554;1,5;3,5;3,0;2,5
1,0;4,0;4,0;3,5;3,6666666666666665;1,0;3,1666666666666665;3,0;2,75
1,0;4,0;1,5;2,75;4,111111111111111;2,0;2,3333333333333335;2,4;2,75
1,0;4,0;5,0;4,0;4,111111111111111;3,0;4,0;3,8;4,0
2,0;4,0;5,0;4,5;4,777777777777778;2,0;4,0;4,0;4,0
2,0;4,0;2,5;3,5;4,666666666666667;4,5;3,6666666666666665;3,4;3,0
2,0;4,0;4,5;3,5;3,5555555555555554;4,0;2,3333333333333335;4,0;3,75
2,0;4,0;4,5;4,0;4,111111111111111;3,5;2,5;4,0;4,0
2,0;4,0;5,0;5,0;4,555555555555555;4,0;1,0;4,0;4,0
2,0;4,0;4,5;4,5;4,333333333333333;3,0;3,0;3,6;3,5
2,0;4,0;5,0;4,0;5,0;1,0;2,0;4,0;4,0
2,0;4,0;5,0;5,0;5,0;5,0;4,0;4,0;4,0
2,0;4,0;5,0;4,0;4,444444444444445;1,5;2,3333333333333335;3,4;4,0
2,0;4,0;4,0;4,0;4,0;3,5;2,8333333333333335;3,0;3,0
2,0;3,0;5,0;2,75;4,777777777777778;3,5;3,3333333333333335;3,6;2,75
2,0;3,0;4,0;2,5;5,0;3,5;4,0;3,0;3,25
2,0;3,0;4,0;2,25;4,666666666666667;3,5;3,1666666666666665;3,4;3,25
2,0;3,0;3,0;3,0;4,444444444444445;2,5;3,8333333333333335;3,2;3,75
2,0;3,0;5,0;4,75;4,666666666666667;4,0;3,5;3,0;3,0
2,0;3,0;3,0;2,5;3,2222222222222223;1,5;1,5;3,0;3,25
2,0;3,0;2,0;3,0;3,3333333333333335;3,0;2,6666666666666665;2,4;2,5
2,0;3,0;5,0;4,25;4,444444444444445;3,5;3,0;3,6;4,0
2,0;3,0;3,0;3,25;4,0;2,0;2,3333333333333335;3,0;3,5
2,0;3,0;4,5;3,25;3,888888888888889;2,0;3,0;3,8;3,5
2,0;3,0;4,0;2,5;4,333333333333333;2,5;2,3333333333333335;3,6;3,25
2,0;3,0;3,0;1,75;3,2222222222222223;1,0;4,0;2,4;1,75
2,0;3,0;2,5;2,25;4,555555555555555;3,5;2,6666666666666665;3,0;3,5
2,0;3,0;4,0;2,75;5,0;3,0;2,6666666666666665;3,2;2,5
2,0;3,0;1,5;2,25;3,2222222222222223;1,0;3,8333333333333335;2,0;1,5
2,0;3,0;4,0;4,0;3,4444444444444446;3,0;3,1666666666666665;3,2;3,25
2,0;3,0;4,0;3,0;4,444444444444445;3,5;3,0;3,6;3,5
2,0;3,0;1,5;2,5;3,7777777777777777;1,0;3,5;3,2;3,25
2,0;3,0;3,5;2,75;4,222222222222222;1,0;2,8333333333333335;3,2;3,0
2,0;3,0;4,5;2,25;3,888888888888889;2,0;3,0;3,2;3,25
2,0;2,0;4,0;2,75;4,777777777777778;5,0;4,0;2,8;4,0
2,0;2,0;2,0;2,75;2,111111111111111;1,5;2,6666666666666665;3,6;2,75
2,0;2,0;3,5;4,0;3,0;2,5;2,5;4,0;3,75
2,0;2,0;3,0;2,75;2,3333333333333335;3,0;1,5;3,6;3,75
2,0;2,0;2,0;2,5;4,111111111111111;3,0;2,8333333333333335;2,8;2,75
2,0;2,0;3,0;2,25;2,888888888888889;1,0;4,0;3,2;3,25
2,0;2,0;3,0;1,5;3,3333333333333335;1,5;3,1666666666666665;3,2;3,5
2,0;2,0;2,5;1,75;2,7777777777777777;2,5;3,0;3,0;3,75
2,0;2,0;3,0;2,75;3,2222222222222223;3,0;1,6666666666666667;3,2;3,5
2,0;2,0;5,0;3,25;3,3333333333333335;1,0;3,0;3,4;3,0
2,0;3,0;5,0;4,0;4,666666666666667;3,5;2,8333333333333335;4,0;3,25
2,0;3,0;5,0;4,25;5,0;2,5;3,8333333333333335;3,0;3,0
2,0;3,0;4,0;4,25;4,0;4,0;3,0;3,4;3,0
2,0;3,0;3,5;3,25;3,6666666666666665;3,0;2,5;2,8;3,25
2,0;3,0;2,0;3,25;3,4444444444444446;2,0;1,8333333333333333;3,8;4,0
2,0;3,0;3,0;3,25;3,7777777777777777;1,0;3,5;3,0;3,0
2,0;3,0;4,5;4,25;4,444444444444445;3,5;4,0;3,6;4,0
2,0;3,0;3,0;3,5;4,0;4,0;3,0;3,6;3,25
2,0;3,0;2,0;3,5;4,0;4,0;2,5;3,0;3,5
2,0;3,0;4,0;3,0;4,777777777777778;2,5;2,5;3,6;3,25
2,0;4,0;4,0;2,75;3,7777777777777777;3,5;3,0;2,6;3,0
2,0;4,0;5,0;2,5;3,7777777777777777;1,0;4,0;3,0;2,75
2,0;4,0;4,0;3,25;1,0;1,0;1,0;1,6;2,0
2,0;4,0;3,0;1,75;3,6666666666666665;1,0;1,5;3,0;2,75
2,0;4,0;3,0;2,0;4,555555555555555;4,0;4,0;3,8;3,75
2,0;4,0;5,0;2,75;4,333333333333333;3,5;2,3333333333333335;3,2;3,5
2,0;4,0;4,5;3,25;4,0;3,0;2,6666666666666665;3,0;3,0
2,0;4,0;4,0;1,75;4,0;4,0;3,0;2,4;2,5
2,0;4,0;4,5;1,75;3,2222222222222223;3,0;3,0;3,6;3,75
2,0;4,0;1,5;2,5;3,5555555555555554;2,5;3,6666666666666665;2,8;2,25
2,0;4,0;3,5;2,5;3,6666666666666665;3,5;2,0;3,2;2,75
2,0;4,0;5,0;3,25;4,333333333333333;2,5;2,6666666666666665;2,6;2,0
2,0;4,0;5,0;2,5;3,3333333333333335;1,0;2,0;3,4;3,5
2,0;4,0;4,0;4,25;4,777777777777778;5,0;3,3333333333333335;3,6;2,5
2,0;4,0;3,0;4,25;3,3333333333333335;3,0;2,3333333333333335;3,4;3,25
2,0;4,0;4,0;3,5;5,0;4,0;3,1666666666666665;3,4;3,25
2,0;4,0;2,0;2,25;4,444444444444445;1,0;1,3333333333333333;2,8;3,75
2,0;4,0;5,0;3,25;3,4444444444444446;2,5;2,5;4,0;3,25
2,0;4,0;2,5;3,25;3,7777777777777777;2,5;2,6666666666666665;2,2;1,75
2,0;4,0;4,5;4,5;4,444444444444445;3,5;3,1666666666666665;3,4;3,25
2,0;2,0;1,0;3,75;3,3333333333333335;4,5;3,6666666666666665;3,2;2,75
2,0;2,0;5,0;4,0;3,5555555555555554;3,5;2,0;4,0;3,25
2,0;2,0;4,0;4,25;3,6666666666666665;4,0;1,8333333333333333;3,0;3,5
2,0;2,0;2,0;3,25;4,0;1,0;2,8333333333333335;2,8;2,75
2,0;2,0;2,0;3,0;3,3333333333333335;3,0;3,1666666666666665;2,8;2,75
2,0;2,0;4,5;3,5;3,111111111111111;2,5;2,8333333333333335;3,2;3,25
2,0;2,0;2,0;4,0;4,222222222222222;4,0;1,0;3,0;2,5
2,0;2,0;2,0;3,25;4,111111111111111;1,0;2,5;3,0;3,5
2,0;2,0;2,5;3,5;4,333333333333333;1,0;2,8333333333333335;3,0;2,75
2,0;2,0;5,0;2,5;3,5555555555555554;4,0;2,8333333333333335;3,2;3,0
2,0;3,0;3,0;3,25;3,2222222222222223;2,0;3,0;3,2;3,75
2,0;3,0;4,0;2,25;3,0;2,5;3,3333333333333335;1,8;1,75
2,0;3,0;5,0;3,25;3,888888888888889;1,0;1,8333333333333333;2,4;2,25
2,0;3,0;5,0;3,25;4,777777777777778;3,0;2,1666666666666665;3,4;3,75
2,0;3,0;4,5;3,75;4,222222222222222;3,5;2,8333333333333335;3,6;4,0
2,0;3,0;5,0;3,5;4,0;3,0;3,1666666666666665;3,0;2,5
2,0;3,0;5,0;3,75;5,0;3,0;1,0;4,0;4,0
2,0;3,0;5,0;4,0;4,777777777777778;4,0;3,6666666666666665;3,4;3,5
2,0;3,0;4,0;2,5;4,777777777777778;4,0;2,5;3,6;3,0
2,0;3,0;3,5;3,0;4,555555555555555;3,0;3,1666666666666665;3,0;2,75
2,0;3,0;4,5;2,75;3,7777777777777777;2,5;3,3333333333333335;2,4;2,75
2,0;3,0;3,5;2,5;4,333333333333333;2,0;2,5;3,4;3,0
2,0;3,0;4,0;2,75;4,222222222222222;2,5;3,0;2,4;2,75
2,0;3,0;4,5;3,0;4,111111111111111;2,5;2,3333333333333335;2,0;2,75
2,0;3,0;4,5;3,5;4,777777777777778;2,0;3,5;3,2;3,5
2,0;3,0;3,5;3,0;4,555555555555555;2,5;3,5;2,6;3,0
2,0;3,0;4,5;2,75;3,3333333333333335;3,0;4,0;2,2;3,0
2,0;3,0;3,5;2,75;3,0;1,0;2,5;3,0;3,5
2,0;3,0;5,0;2,0;4,333333333333333;1,0;3,1666666666666665;2,4;3,25
2,0;3,0;3,0;2,25;4,444444444444445;2,0;2,6666666666666665;2,6;2,0
2,0;4,0;3,5;3,75;3,0;4,0;2,1666666666666665;3,6;2,75
2,0;4,0;3,0;2,75;2,6666666666666665;1,0;3,1666666666666665;2,8;2,25
2,0;4,0;4,0;3,0;4,666666666666667;3,0;3,1666666666666665;2,6;2,0
2,0;4,0;5,0;3,75;4,888888888888889;2,0;1,0;3,2;3,5
2,0;4,0;5,0;4,75;4,555555555555555;5,0;3,6666666666666665;3,0;3,0
2,0;4,0;5,0;3,5;4,888888888888889;2,5;2,5;3,6;3,0
2,0;4,0;2,5;3,5;1,8888888888888888;2,0;1,3333333333333333;3,2;3,75
2,0;4,0;4,0;3,75;3,888888888888889;3,0;4,0;2,8;3,0
2,0;4,0;1,5;4,0;3,0;1,5;2,3333333333333335;3,0;3,5
2,0;4,0;5,0;3,25;2,111111111111111;1,0;2,3333333333333335;3,0;2,5
1,0;2,0;2,0;2,0;2,4444444444444446;1,0;1,3333333333333333;3,2;3,75
1,0;2,0;3,0;2,75;3,4444444444444446;3,0;3,0;3,4;3,5
1,0;2,0;5,0;2,25;4,333333333333333;4,5;2,3333333333333335;3,8;4,0
1,0;2,0;1,5;1,75;2,0;1,0;2,0;3,2;3,0
1,0;2,0;4,5;3,75;4,111111111111111;2,5;2,1666666666666665;3,4;3,5
1,0;2,0;3,0;2,25;4,0;1,0;3,0;3,0;2,75
1,0;2,0;5,0;1,75;3,0;1,0;3,0;3,6;3,5
1,0;2,0;3,5;2,5;3,4444444444444446;3,5;2,3333333333333335;3,2;2,75
1,0;2,0;3,5;2,0;3,2222222222222223;1,0;1,8333333333333333;3,6;3,75
1,0;2,0;4,5;3,25;2,888888888888889;2,5;2,3333333333333335;3,6;3,0
1,0;2,0;3,5;3,5;3,888888888888889;3,0;2,3333333333333335;3,0;3,5
1,0;2,0;3,0;3,25;4,0;3,5;2,6666666666666665;3,4;3,5
1,0;2,0;5,0;4,75;4,0;4,5;4,0;4,0;4,0
1,0;2,0;4,5;4,0;3,5555555555555554;3,5;2,0;3,4;3,5
1,0;2,0;5,0;1,75;1,7777777777777777;1,0;1,0;3,0;3,0
1,0;2,0;5,0;3,25;3,111111111111111;1,0;2,5;3,0;3,75
1,0;2,0;5,0;3,75;3,5555555555555554;3,0;2,3333333333333335;3,6;4,0
1,0;2,0;3,0;1,0;3,3333333333333335;2,5;2,0;3,6;3,5
1,0;2,0;1,0;1,5;1,7777777777777777;1,5;1,8333333333333333;2,8;3,25
1,0;2,0;1,5;1,0;1,0;1,0;1,6666666666666667;3,0;3,25
1,0;2,0;1,5;4,25;1,6666666666666667;1,0;2,6666666666666665;2,6;3,25
1,0;2,0;2,5;2,0;3,111111111111111;1,5;2,1666666666666665;2,4;2,5
1,0;2,0;4,5;4,0;4,0;1,0;1,8333333333333333;3,4;4,0
1,0;2,0;2,0;2,0;4,0;1,0;3,5;3,4;3,75
1,0;2,0;3,0;3,0;3,4444444444444446;1,0;1,1666666666666667;2,8;3,5
1,0;2,0;3,5;3,5;4,777777777777778;3,0;2,6666666666666665;2,6;2,0
1,0;2,0;3,0;3,0;2,888888888888889;1,0;1,1666666666666667;2,6;3,25
1,0;2,0;2,5;2,75;3,6666666666666665;3,0;4,0;3,4;3,75
1,0;2,0;2,5;3,25;4,111111111111111;3,5;3,8333333333333335;3,4;3,5
1,0;2,0;2,5;1,5;1,8888888888888888;1,0;2,0;3,4;3,0
1,0;2,0;1,5;5,0;4,444444444444445;2,0;2,5;3,8;4,0
1,0;2,0;3,0;2,5;3,3333333333333335;1,5;1,5;3,6;4,0
1,0;2,0;3,0;2,5;4,111111111111111;2,5;2,5;4,0;4,0
1,0;2,0;3,5;3,5;3,7777777777777777;1,5;2,1666666666666665;3,6;3,25
1,0;2,0;3,0;3,0;2,2222222222222223;3,5;1,6666666666666667;3,4;2,75
1,0;2,0;2,0;2,75;3,888888888888889;4,0;2,0;3,0;3,0
1,0;2,0;4,0;4,25;3,888888888888889;3,5;3,0;3,2;3,0
1,0;2,0;4,0;3,5;4,0;4,5;2,3333333333333335;3,4;3,5
1,0;2,0;3,5;3,25;5,0;5,0;3,3333333333333335;3,6;3,25
1,0;2,0;4,0;4,0;3,4444444444444446;3,0;2,1666666666666665;3,2;3,75
1,0;2,0;3,5;2,0;4,111111111111111;3,0;3,1666666666666665;3,6;3,75
1,0;2,0;3,0;2,0;4,0;3,0;3,5;3,0;2,5
1,0;2,0;4,5;3,25;4,0;3,5;3,0;3,0;2,75
1,0;2,0;3,0;2,75;3,111111111111111;4,0;3,5;3,6;2,5
1,0;2,0;5,0;3,25;2,5555555555555554;1,0;3,1666666666666665;3,8;3,75
1,0;2,0;4,5;4,0;5,0;4,0;4,0;3,8;3,25
1,0;2,0;2,0;2,75;3,5555555555555554;2,5;2,3333333333333335;3,0;3,5
1,0;2,0;4,5;2,75;4,111111111111111;3,5;4,0;3,2;2,5
1,0;2,0;2,0;2,5;3,0;1,0;2,5;3,2;2,75
1,0;2,0;3,5;2,75;3,2222222222222223;3,0;1,8333333333333333;2,6;2,0
1,0;2,0;1,0;2,25;3,111111111111111;1,0;1,0;4,0;3,75
1,0;2,0;3,5;2,75;2,0;2,0;4,0;3,4;3,5
1,0;2,0;3,0;2,25;3,111111111111111;1,5;2,6666666666666665;2,4;2,5
1,0;2,0;1,5;2,5;4,333333333333333;3,0;1,0;2,2;1,25
1,0;2,0;2,0;3,25;3,0;1,0;2,3333333333333335;3,2;2,5
1,0;2,0;1,5;1,5;4,333333333333333;1,0;2,8333333333333335;2,6;3,25
1,0;2,0;2,5;3,25;3,888888888888889;4,0;2,8333333333333335;3,6;2,75
1,0;2,0;1,5;2,5;3,111111111111111;2,0;2,1666666666666665;3,2;1,5
1,0;2,0;2,0;3,25;2,7777777777777777;1,0;2,5;2,8;2,75
1,0;2,0;3,0;3,0;2,5555555555555554;1,5;2,0;3,0;2,75
1,0;2,0;4,5;3,5;4,333333333333333;3,5;2,5;3,8;3,25
1,0;2,0;3,0;5,0;2,888888888888889;3,5;3,3333333333333335;3,4;3,25
1,0;2,0;2,5;3,0;3,111111111111111;1,0;2,5;2,8;2,5
1,0;2,0;3,0;2,75;3,3333333333333335;3,0;2,6666666666666665;3,8;3,5
1,0;2,0;1,5;2,0;2,5555555555555554;2,0;2,0;3,6;3,5
1,0;2,0;4,5;1,75;3,111111111111111;3,0;3,3333333333333335;3,4;3,75
1,0;2,0;1,5;3,0;2,6666666666666665;4,0;1,5;3,6;4,0
1,0;2,0;2,0;4,0;3,4444444444444446;4,0;2,6666666666666665;4,0;3,25
1,0;2,0;1,5;3,25;3,888888888888889;3,0;3,5;4,0;3,25
1,0;2,0;3,0;4,25;4,222222222222222;3,0;2,6666666666666665;3,2;3,5
1,0;4,0;4,0;2,5;4,111111111111111;2,5;3,6666666666666665;3,0;3,5
1,0;4,0;4,0;4,0;3,0;3,5;3,0;3,0;2,75
1,0;4,0;4,5;2,25;3,5555555555555554;3,0;1,0;2,6;3,0
1,0;4,0;5,0;3,0;5,0;4,5;3,1666666666666665;3,4;4,0
1,0;4,0;4,0;2,75;4,444444444444445;4,0;2,6666666666666665;3,0;3,25
1,0;4,0;4,0;3,25;4,666666666666667;3,0;2,8333333333333335;2,8;2,5
1,0;4,0;5,0;4,25;3,888888888888889;2,5;3,6666666666666665;3,4;4,0
1,0;4,0;3,5;3,5;4,666666666666667;3,0;2,8333333333333335;3,2;2,5
1,0;4,0;2,0;3,5;3,7777777777777777;2,5;2,1666666666666665;3,6;4,0
1,0;4,0;3,0;3,5;4,0;4,0;2,5;3,2;3,0
1,0;3,0;2,0;2,25;2,888888888888889;1,0;2,6666666666666665;3,0;2,5
1,0;3,0;5,0;4,0;3,0;3,0;3,0;2,0;4,0
1,0;3,0;3,0;3,25;4,888888888888889;3,5;2,3333333333333335;4,0;4,0
1,0;3,0;5,0;3,75;4,0;3,0;2,3333333333333335;3,2;3,0
1,0;3,0;4,5;5,0;1,8888888888888888;2,5;2,3333333333333335;4,0;4,0
1,0;3,0;2,5;5,0;1,0;1,0;1,0;3,8;3,25
1,0;3,0;5,0;4,25;4,444444444444445;3,5;3,0;2,8;2,0
1,0;3,0;4,5;2,25;4,777777777777778;4,5;3,0;2,6;2,75
1,0;3,0;2,0;3,0;4,333333333333333;3,5;2,5;3,0;2,75
1,0;3,0;2,0;2,5;3,0;2,0;3,1666666666666665;3,2;2,0
2,0;2,0;1,5;3,0;4,111111111111111;3,0;3,0;3,2;2,75
2,0;2,0;2,0;2,25;3,7777777777777777;1,5;1,8333333333333333;3,4;3,5
2,0;2,0;4,0;2,5;3,888888888888889;1,5;2,6666666666666665;3,2;3,5
2,0;2,0;3,0;2,0;2,888888888888889;1,0;2,1666666666666665;2,4;2,0
2,0;2,0;5,0;2,75;2,3333333333333335;2,5;2,5;3,8;3,75
2,0;2,0;3,0;3,25;3,0;1,0;2,5;3,4;3,25
2,0;2,0;2,0;1,75;2,111111111111111;1,0;2,6666666666666665;3,4;3,0
2,0;2,0;3,0;2,75;4,555555555555555;5,0;3,1666666666666665;1,8;1,25
2,0;2,0;3,0;2,75;2,2222222222222223;1,0;3,1666666666666665;4,0;3,75
2,0;2,0;5,0;3,75;2,888888888888889;1,5;2,1666666666666665;3,8;3,5
2,0;3,0;4,0;3,25;4,444444444444445;3,0;1,6666666666666667;3,6;3,25
2,0;3,0;3,0;3,0;5,0;1,0;2,3333333333333335;3,0;3,5
2,0;3,0;3,0;2,75;4,888888888888889;4,0;3,3333333333333335;3,2;3,5
2,0;3,0;3,0;3,0;2,888888888888889;1,0;1,5;3,0;2,75
2,0;3,0;2,5;3,25;4,888888888888889;2,5;3,5;4,0;3,0
2,0;3,0;3,0;4,0;4,333333333333333;4,0;2,0;3,2;3,0
2,0;3,0;3,5;3,25;4,333333333333333;3,0;3,0;2,6;2,25
2,0;3,0;4,0;3,75;4,666666666666667;3,0;2,8333333333333335;3,0;3,0
2,0;3,0;2,0;2,75;4,0;3,5;2,1666666666666665;2,8;3,0
2,0;3,0;2,0;3,5;3,2222222222222223;1,0;2,3333333333333335;2,8;2,5
2,0;2,0;3,0;1,0;3,111111111111111;3,0;3,0;3,0;3,5
2,0;2,0;4,0;2,5;3,0;1,0;2,3333333333333335;2,8;2,5
2,0;2,0;5,0;2,0;2,5555555555555554;1,0;3,5;3,2;4,0
2,0;2,0;2,0;1,75;3,0;1,0;2,8333333333333335;3,2;3,0
2,0;2,0;3,0;1,75;2,6666666666666665;3,0;2,8333333333333335;3,6;3,5
2,0;2,0;2,0;1,75;3,888888888888889;2,5;2,8333333333333335;2,8;3,25
2,0;2,0;3,0;1,25;3,111111111111111;2,5;3,5;3,4;3,25
2,0;2,0;2,0;1,25;3,5555555555555554;2,0;3,6666666666666665;3,2;3,25
2,0;2,0;3,0;1,5;3,0;1,0;4,0;3,8;3,5
2,0;2,0;3,0;1,25;2,3333333333333335;2,5;3,1666666666666665;3,6;3,75
2,0;2,0;3,0;3,5;4,111111111111111;3,0;2,0;3,8;3,75
2,0;2,0;2,5;3,25;1,3333333333333333;1,0;1,0;3,2;3,75
2,0;2,0;4,0;3,0;4,444444444444445;3,0;2,0;3,4;3,75
2,0;2,0;3,5;3,25;4,666666666666667;1,0;3,6666666666666665;3,4;3,0
2,0;2,0;4,0;3,25;3,2222222222222223;2,0;2,0;3,0;2,75
2,0;2,0;2,0;2,25;3,5555555555555554;1,0;3,0;2,8;2,75
2,0;2,0;4,0;3,75;4,444444444444445;1,0;2,1666666666666665;3,0;3,5
2,0;2,0;3,0;2,25;4,111111111111111;1,0;2,6666666666666665;4,0;3,75
2,0;2,0;1,5;2,5;2,888888888888889;2,0;3,8333333333333335;2,2;2,5
2,0;2,0;5,0;1,25;4,333333333333333;1,0;4,0;3,6;4,0
2,0;2,0;2,5;2,0;3,888888888888889;3,5;2,0;3,2;3,25
2,0;2,0;2,5;3,25;3,0;1,0;2,5;2,2;2,5
2,0;2,0;2,5;3,0;3,2222222222222223;4,0;3,0;3,2;3,5
2,0;2,0;2,5;2,5;2,7777777777777777;1,0;2,1666666666666665;3,2;3,75
2,0;2,0;2,0;2,0;2,3333333333333335;1,0;1,8333333333333333;2,6;3,0
2,0;2,0;1,0;1,5;1,5555555555555556;1,0;3,8333333333333335;2,4;2,5
2,0;2,0;3,5;3,25;4,111111111111111;4,0;3,3333333333333335;3,6;4,0
2,0;2,0;2,0;2,5;2,7777777777777777;2,5;2,5;3,4;3,25
2,0;2,0;1,5;1,5;1,5555555555555556;2,0;1,1666666666666667;3,2;3,25
2,0;2,0;2,0;3,5;3,3333333333333335;3,5;2,3333333333333335;3,2;3,0
1,0;2,0;5,0;3,0;3,2222222222222223;1,0;3,0;4,0;4,0
1,0;2,0;3,5;2,0;2,7777777777777777;2,0;2,1666666666666665;3,2;3,0
1,0;2,0;5,0;2,25;4,333333333333333;2,0;2,6666666666666665;3,2;3,0
1,0;2,0;3,0;1,0;2,6666666666666665;1,0;2,8333333333333335;3,2;3,5
1,0;2,0;2,5;1,5;3,5555555555555554;3,0;3,6666666666666665;3,2;3,0
1,0;2,0;3,5;2,5;3,111111111111111;1,5;2,8333333333333335;2,8;2,75
1,0;2,0;5,0;2,0;4,111111111111111;3,0;3,0;4,0;3,75
1,0;2,0;5,0;2,0;1,6666666666666667;1,0;1,5;3,8;3,75
1,0;2,0;5,0;3,5;4,555555555555555;2,5;3,1666666666666665;3,2;2,5
1,0;2,0;2,5;2,25;3,3333333333333335;1,5;3,0;3,2;3,5
1,0;2,0;2,5;2,5;4,0;1,0;2,6666666666666665;3,6;4,0
1,0;2,0;5,0;2,75;4,333333333333333;1,0;3,8333333333333335;2,4;2,75
1,0;2,0;4,5;3,0;3,2222222222222223;3,5;2,3333333333333335;3,4;3,75
1,0;2,0;4,5;3,0;4,666666666666667;4,5;3,3333333333333335;3,8;3,75
1,0;2,0;2,5;3,0;4,555555555555555;1,0;3,5;2,6;3,25
1,0;2,0;2,5;2,0;4,222222222222222;3,0;3,5;1,0;1,0
1,0;2,0;3,0;3,75;4,444444444444445;2,5;2,1666666666666665;2,6;2,25
1,0;2,0;2,0;3,0;2,6666666666666665;2,5;2,1666666666666665;3,6;2,75
1,0;2,0;2,0;3,75;3,5555555555555554;1,0;1,1666666666666667;4,0;4,0
1,0;2,0;5,0;3,75;3,6666666666666665;3,0;4,0;3,6;2,75
1,0;2,0;2,0;3,25;3,0;1,0;3,0;3,2;3,0
1,0;2,0;5,0;3,5;2,0;1,0;4,0;3,2;4,0
1,0;2,0;5,0;3,0;3,888888888888889;1,0;4,0;4,0;4,0
1,0;2,0;5,0;1,25;1,6666666666666667;1,0;1,8333333333333333;3,8;4,0
1,0;2,0;4,0;4,25;3,2222222222222223;2,5;2,3333333333333335;2,2;3,5
1,0;2,0;2,5;2,25;2,2222222222222223;2,0;1,0;3,2;3,25
1,0;2,0;2,5;3,25;3,0;2,0;1,0;3,2;2,5
1,0;2,0;5,0;5,0;5,0;5,0;4,0;2,8;1,25
1,0;2,0;1,0;5,0;3,2222222222222223;3,5;1,5;4,0;4,0
1,0;2,0;5,0;5,0;1,4444444444444444;1,0;3,0;4,0;4,0
1,0;2,0;4,5;3,5;3,0;3,0;3,1666666666666665;3,8;3,75
1,0;2,0;3,0;3,25;4,333333333333333;3,0;3,6666666666666665;3,2;3,0
1,0;2,0;3,0;2,25;4,222222222222222;3,5;3,6666666666666665;2,6;2,5
1,0;2,0;2,0;3,5;2,3333333333333335;3,0;3,3333333333333335;3,0;3,25
1,0;2,0;2,0;2,75;4,555555555555555;4,0;3,6666666666666665;4,0;4,0
1,0;2,0;1,0;2,25;2,0;1,0;3,3333333333333335;2,6;3,5
1,0;2,0;3,5;3,75;5,0;1,0;2,8333333333333335;3,2;3,0
1,0;2,0;5,0;2,25;3,4444444444444446;1,0;1,6666666666666667;1,4;2,0
1,0;2,0;3,5;2,5;4,111111111111111;3,5;4,0;1,4;2,0
1,0;2,0;3,0;4,75;4,0;2,0;3,3333333333333335;3,6;4,0
1,0;2,0;2,0;3,75;3,111111111111111;4,0;1,3333333333333333;3,0;2,25
1,0;2,0;3,5;3,0;3,3333333333333335;4,0;3,0;3,6;3,5
1,0;2,0;1,5;3,25;3,4444444444444446;3,5;3,0;3,4;2,5
1,0;2,0;3,0;2,75;4,111111111111111;2,5;2,5;3,0;2,5
1,0;2,0;3,0;2,5;3,0;2,0;2,0;3,6;3,25
1,0;2,0;2,0;3,25;3,2222222222222223;4,0;2,3333333333333335;3,0;2,5
1,0;2,0;4,0;3,75;4,333333333333333;4,0;1,5;3,6;3,5
1,0;2,0;2,0;2,5;4,555555555555555;3,0;3,6666666666666665;3,6;3,75
1,0;2,0;4,5;4,25;3,3333333333333335;4,0;3,0;3,0;3,5
1,0;2,0;5,0;2,75;1,3333333333333333;1,5;1,6666666666666667;3,8;3,0
1,0;4,0;5,0;3,75;3,888888888888889;3,5;3,5;3,2;2,5
1,0;4,0;3,5;2,5;3,5555555555555554;2,0;2,8333333333333335;2,0;1,75
1,0;4,0;3,5;3,25;5,0;5,0;2,6666666666666665;3,0;3,0
1,0;4,0;3,5;3,5;3,7777777777777777;2,5;2,0;3,0;2,75
1,0;4,0;3,0;3,25;2,0;2,0;1,0;2,8;3,0
1,0;4,0;3,5;2,25;4,333333333333333;3,0;4,0;3,0;3,0
1,0;4,0;2,5;2,75;2,7777777777777777;1,0;3,8333333333333335;1,2;1,75
1,0;4,0;4,0;2,5;2,6666666666666665;1,0;1,0;3,0;2,5
1,0;4,0;2,0;2,75;3,111111111111111;2,0;2,5;3,8;3,5
1,0;4,0;4,0;3,0;3,4444444444444446;2,0;3,6666666666666665;2,2;2,75
2,0;2,0;5,0;2,5;2,7777777777777777;3,0;4,0;3,4;3,25
2,0;2,0;2,5;3,0;4,222222222222222;2,0;2,6666666666666665;3,8;3,5
2,0;2,0;5,0;3,0;4,333333333333333;1,0;2,5;3,2;2,5
2,0;2,0;1,0;2,25;3,111111111111111;1,5;4,0;4,0;3,25
2,0;2,0;2,5;3,0;4,0;2,0;2,8333333333333335;3,2;3,25
2,0;2,0;4,0;3,5;2,111111111111111;1,0;1,1666666666666667;2,0;1,75
2,0;2,0;4,0;3,5;4,111111111111111;3,5;3,8333333333333335;3,6;3,75
2,0;2,0;4,0;4,0;5,0;3,0;1,3333333333333333;4,0;4,0
2,0;2,0;2,0;3,75;3,888888888888889;2,0;2,3333333333333335;3,6;3,5
2,0;2,0;3,5;3,5;3,6666666666666665;2,5;2,6666666666666665;3,8;4,0
2,0;2,0;2,5;2,25;3,6666666666666665;2,0;3,1666666666666665;3,4;2,75
2,0;2,0;1,0;3,25;2,6666666666666665;3,0;3,3333333333333335;2,6;2,5
2,0;2,0;3,5;3,5;4,111111111111111;4,0;3,5;3,0;3,5
2,0;2,0;1,5;3,75;3,7777777777777777;2,0;2,8333333333333335;3,0;2,75
2,0;2,0;3,0;4,5;4,0;2,5;3,6666666666666665;3,2;3,25
2,0;2,0;4,0;4,0;4,555555555555555;3,5;3,1666666666666665;3,6;3,25
2,0;2,0;2,5;4,0;5,0;4,0;3,5;3,6;3,75
2,0;2,0;4,5;4,0;4,111111111111111;3,5;2,5;3,8;3,75
2,0;2,0;2,0;4,75;4,555555555555555;5,0;4,0;3,0;2,5
2,0;2,0;2,0;3,25;4,333333333333333;2,5;3,5;3,8;3,25
2,0;3,0;3,0;2,25;3,888888888888889;2,5;1,5;2,0;2,25
2,0;3,0;3,0;3,5;4,0;4,0;2,8333333333333335;3,0;3,0
2,0;3,0;3,5;3,0;4,555555555555555;3,0;1,5;3,8;3,5
2,0;3,0;3,0;2,75;4,333333333333333;4,0;2,3333333333333335;2,2;1,5
2,0;3,0;3,0;3,0;4,888888888888889;3,5;3,8333333333333335;2,4;3,25
2,0;3,0;5,0;2,75;4,333333333333333;1,5;2,5;2,8;2,5
2,0;3,0;3,5;3,25;4,222222222222222;1,0;2,3333333333333335;2,2;2,5
2,0;3,0;3,0;2,5;4,444444444444445;3,5;2,0;2,2;2,75
2,0;3,0;4,0;3,0;3,888888888888889;1,0;3,5;2,6;2,25
2,0;3,0;3,5;3,0;4,111111111111111;1,0;3,3333333333333335;2,0;1,5
2,0;2,0;3,0;2,5;4,666666666666667;4,5;3,1666666666666665;3,0;2,25
2,0;2,0;3,5;2,0;3,3333333333333335;1,5;2,8333333333333335;3,4;3,5
2,0;2,0;3,0;2,5;3,2222222222222223;2,0;4,0;3,2;3,25
2,0;2,0;3,0;2,5;3,3333333333333335;3,5;2,1666666666666665;3,6;3,25
2,0;2,0;2,0;3,25;3,5555555555555554;4,0;2,5;2,6;3,0
2,0;2,0;4,5;3,0;4,111111111111111;4,0;3,0;3,2;3,75
2,0;2,0;1,5;1,75;4,0;2,5;2,8333333333333335;3,0;3,25
2,0;2,0;1,5;1,25;4,111111111111111;1,0;3,8333333333333335;2,6;2,5
2,0;2,0;3,0;2,5;4,444444444444445;3,5;2,5;3,0;3,75
2,0;2,0;2,0;1,5;3,4444444444444446;3,0;2,3333333333333335;2,4;3,0
2,0;3,0;4,0;3,25;4,777777777777778;4,0;3,6666666666666665;3,0;2,75
2,0;3,0;3,0;5,0;4,888888888888889;5,0;4,0;3,4;3,0
2,0;3,0;4,5;3,25;4,666666666666667;1,0;3,3333333333333335;3,2;3,5
2,0;3,0;5,0;4,0;2,888888888888889;3,0;3,0;2,8;3,75
2,0;3,0;4,0;4,0;3,7777777777777777;3,0;3,0;3,2;3,0
2,0;3,0;4,5;4,0;4,666666666666667;5,0;4,0;3,8;3,5
2,0;3,0;5,0;3,5;4,444444444444445;3,5;1,5;2,8;2,5
2,0;3,0;4,5;3,75;4,777777777777778;4,0;3,5;3,0;3,0
2,0;3,0;4,5;3,5;4,333333333333333;3,5;2,6666666666666665;2,2;2,0
2,0;3,0;2,0;3,25;3,7777777777777777;3,0;2,0;2,8;2,5
2,0;2,0;1,0;1,0;2,4444444444444446;1,0;3,5;3,0;3,75
2,0;2,0;1,5;2,25;2,6666666666666665;1,0;2,3333333333333335;3,4;4,0
2,0;2,0;3,0;1,25;3,111111111111111;2,0;2,8333333333333335;3,4;3,0
2,0;2,0;3,0;1,5;3,3333333333333335;2,5;1,8333333333333333;3,4;3,25
2,0;2,0;2,0;2,75;3,2222222222222223;1,0;3,0;3,4;3,75
2,0;2,0;2,5;2,5;3,3333333333333335;3,0;2,5;2,8;3,25
2,0;2,0;1,5;1,5;2,7777777777777777;1,0;3,0;2,4;3,0
2,0;2,0;2,0;1,5;4,0;3,5;3,6666666666666665;3,4;3,25
2,0;2,0;2,0;2,25;3,3333333333333335;1,0;2,5;3,6;3,75
2,0;2,0;2,0;2,25;4,777777777777778;1,0;3,0;3,0;2,75
2,0;4,0;4,5;3,75;4,444444444444445;3,5;3,3333333333333335;3,6;3,25
2,0;4,0;4,5;4,0;4,444444444444445;3,5;2,5;3,2;3,25
2,0;4,0;2,5;3,0;4,888888888888889;5,0;2,0;3,0;3,75
2,0;4,0;2,5;3,25;4,111111111111111;1,0;2,0;3,2;3,25
2,0;4,0;4,0;3,75;4,111111111111111;3,0;3,5;3,8;3,75
2,0;4,0;2,0;3,0;3,3333333333333335;2,5;3,0;3,4;3,5
2,0;4,0;2,0;3,5;3,888888888888889;4,5;2,5;2,6;3,25
2,0;4,0;2,0;2,25;3,0;2,5;1,0;2,8;2,5
2,0;4,0;3,5;2,75;4,777777777777778;5,0;3,8333333333333335;3,6;3,25
2,0;4,0;3,0;3,5;4,444444444444445;3,0;3,1666666666666665;2,8;4,0
1,0;2,0;3,0;1,5;1,8888888888888888;1,0;1,6666666666666667;3,8;2,0
1,0;2,0;5,0;2,5;3,6666666666666665;2,0;4,0;4,0;3,5
1,0;2,0;3,5;2,0;4,222222222222222;5,0;2,8333333333333335;2,6;3,25
1,0;2,0;4,5;1,5;3,3333333333333335;2,5;2,8333333333333335;3,6;3,0
1,0;2,0;5,0;2,0;3,6666666666666665;1,0;3,3333333333333335;3,8;3,75
1,0;2,0;5,0;2,0;3,111111111111111;4,0;3,1666666666666665;4,0;4,0
1,0;2,0;2,0;1,75;2,3333333333333335;2,0;1,5;3,0;3,75
1,0;2,0;3,5;3,25;3,6666666666666665;1,0;1,8333333333333333;3,4;3,25
1,0;2,0;3,0;3,0;4,111111111111111;4,5;3,1666666666666665;3,2;3,25
1,0;2,0;4,0;2,5;3,7777777777777777;1,0;3,1666666666666665;3,2;3,0
1,0;2,0;3,0;3,75;4,0;3,0;3,3333333333333335;3,2;4,0
1,0;2,0;4,5;3,75;4,555555555555555;4,0;3,8333333333333335;3,6;3,75
1,0;2,0;3,0;3,25;3,0;3,0;2,5;3,2;3,5
1,0;2,0;3,5;3,25;3,0;4,0;3,3333333333333335;3,2;3,5
1,0;2,0;2,0;3,5;4,777777777777778;4,5;3,1666666666666665;3,6;3,5
1,0;2,0;3,5;3,5;4,111111111111111;5,0;3,5;3,4;2,25
1,0;2,0;3,0;2,5;2,6666666666666665;2,0;2,1666666666666665;2,8;3,0
1,0;2,0;3,0;2,25;3,888888888888889;3,0;3,6666666666666665;3,4;4,0
1,0;2,0;4,0;4,5;5,0;3,0;1,6666666666666667;2,0;3,5
1,0;2,0;2,5;4,5;4,444444444444445;2,0;2,5;3,0;3,0
1,0;2,0;4,0;3,25;3,0;2,5;2,3333333333333335;3,8;3,25
1,0;2,0;4,0;3,5;2,0;1,0;1,5;3,4;4,0
1,0;2,0;2,5;3,0;4,555555555555555;3,0;2,1666666666666665;3,6;3,5
1,0;2,0;2,5;3,25;3,6666666666666665;1,0;2,1666666666666665;3,2;2,75
1,0;2,0;1,5;2,5;3,111111111111111;3,0;2,8333333333333335;3,2;3,5
1,0;2,0;4,0;2,5;2,888888888888889;3,5;2,3333333333333335;3,8;3,25
1,0;2,0;4,0;3,25;3,0;3,5;2,3333333333333335;3,2;2,75
1,0;2,0;5,0;1,75;2,4444444444444446;1,0;3,0;2,8;3,25
1,0;2,0;2,0;2,25;2,111111111111111;2,0;2,0;3,0;3,0
1,0;2,0;1,5;3,0;4,555555555555555;3,0;2,0;3,6;3,75
1,0;2,0;2,5;3,5;4,444444444444445;4,5;3,1666666666666665;4,0;2,75
1,0;2,0;4,5;3,0;3,2222222222222223;1,0;3,1666666666666665;2,4;1,75
1,0;2,0;3,0;2,5;3,7777777777777777;2,5;3,0;3,0;3,0
1,0;2,0;1,0;3,0;2,888888888888889;2,0;2,0;3,0;3,25
1,0;2,0;1,5;2,0;2,6666666666666665;1,0;2,1666666666666665;2,6;2,5
1,0;2,0;4,5;2,75;4,111111111111111;1,0;2,3333333333333335;4,0;3,75
1,0;2,0;3,5;3,0;3,6666666666666665;4,5;1,0;3,2;3,25
1,0;2,0;1,5;3,25;2,2222222222222223;2,0;4,0;3,4;3,25
1,0;2,0;2,5;3,25;1,0;2,0;1,3333333333333333;2,2;3,0
1,0;2,0;4,0;2,25;3,111111111111111;2,5;2,8333333333333335;3,6;3,5
2,0;2,0;2,0;3,25;3,5555555555555554;3,5;3,8333333333333335;2,8;3,0
2,0;2,0;1,0;2,5;1,3333333333333333;1,0;2,5;4,0;3,75
2,0;2,0;4,5;3,0;3,888888888888889;2,5;2,0;3,2;3,25
2,0;2,0;4,5;4,75;3,888888888888889;4,5;3,8333333333333335;3,6;2,75
2,0;2,0;5,0;3,5;4,777777777777778;4,5;2,6666666666666665;4,0;3,5
2,0;2,0;2,5;4,0;4,111111111111111;4,0;3,6666666666666665;3,2;3,25
2,0;2,0;1,5;3,75;4,222222222222222;3,5;4,0;3,8;3,75
2,0;2,0;3,5;3,5;4,222222222222222;3,5;3,8333333333333335;3,0;4,0
2,0;2,0;1,5;2,75;2,0;2,0;1,5;3,0;3,5
2,0;2,0;1,5;4,5;2,6666666666666665;2,0;3,8333333333333335;2,2;1,75
2,0;2,0;3,0;2,0;4,555555555555555;4,5;3,3333333333333335;3,2;3,25
2,0;2,0;3,5;2,75;3,6666666666666665;1,0;2,6666666666666665;3,0;4,0
2,0;2,0;2,5;2,5;3,7777777777777777;1,0;2,6666666666666665;2,8;3,25
2,0;2,0;5,0;3,5;4,333333333333333;3,0;2,5;2,6;2,5
2,0;2,0;2,0;2,75;3,888888888888889;3,5;3,5;3,4;3,0
2,0;2,0;3,5;2,75;3,7777777777777777;2,5;3,6666666666666665;3,6;3,5
2,0;2,0;3,0;3,25;4,111111111111111;2,0;1,8333333333333333;3,0;3,0
2,0;2,0;3,5;3,0;2,7777777777777777;1,0;2,3333333333333335;3,0;2,0
2,0;2,0;2,0;2,0;2,3333333333333335;1,0;3,8333333333333335;3,0;3,25
2,0;2,0;5,0;2,75;3,7777777777777777;2,0;2,0;3,0;3,0
2,0;2,0;4,0;1,25;4,0;2,5;3,5;1,6;1,25
2,0;2,0;2,5;2,0;2,111111111111111;1,5;2,0;2,4;3,25
2,0;2,0;2,0;2,5;2,4444444444444446;2,0;3,0;2,8;2,75
2,0;2,0;3,5;3,0;4,222222222222222;4,0;3,3333333333333335;2,2;3,25
2,0;2,0;1,5;1,5;4,444444444444445;3,0;2,8333333333333335;2,0;3,0
2,0;2,0;3,5;4,0;3,5555555555555554;3,0;2,1666666666666665;2,8;2,75
2,0;2,0;1,5;1,75;3,888888888888889;2,0;3,3333333333333335;3,4;3,0
2,0;2,0;3,5;4,5;1,4444444444444444;1,0;1,6666666666666667;2,2;1,25
2,0;2,0;2,5;3,5;4,111111111111111;3,5;2,6666666666666665;3,4;2,5
2,0;2,0;2,0;2,5;3,4444444444444446;1,0;1,6666666666666667;1,8;2,0
2,0;2,0;3,5;3,25;4,111111111111111;3,5;2,1666666666666665;3,4;3,5
2,0;2,0;2,5;1,75;1,1111111111111112;1,0;2,3333333333333335;2,8;2,25
2,0;2,0;1,5;1,5;2,111111111111111;1,0;1,1666666666666667;3,4;3,0
2,0;2,0;3,0;3,25;3,888888888888889;1,0;3,0;3,6;3,75
2,0;2,0;1,0;2,25;3,6666666666666665;2,0;3,5;3,6;3,0
2,0;2,0;4,0;3,25;3,3333333333333335;2,5;3,6666666666666665;3,0;3,25
2,0;2,0;2,0;3,5;4,0;3,0;3,6666666666666665;3,2;3,25
2,0;2,0;2,0;2,75;4,0;4,0;2,8333333333333335;2,8;2,25
2,0;2,0;2,0;1,75;2,4444444444444446;1,0;2,1666666666666665;2,8;2,5
2,0;2,0;2,5;2,75;3,2222222222222223;1,0;1,8333333333333333;3,0;3,0
1,0;3,0;3,5;2,0;4,888888888888889;1,0;4,0;3,2;3,25
1,0;3,0;3,5;3,0;4,0;1,0;2,8333333333333335;3,2;3,25
1,0;3,0;5,0;2,5;3,5555555555555554;2,0;3,0;3,0;2,75
1,0;3,0;5,0;2,5;4,333333333333333;1,0;3,8333333333333335;3,6;3,25
1,0;3,0;2,5;2,0;3,6666666666666665;1,0;3,1666666666666665;3,0;2,75
1,0;3,0;2,0;3,0;4,222222222222222;1,0;2,6666666666666665;3,0;3,0
1,0;3,0;2,0;2,25;4,111111111111111;1,0;1,3333333333333333;3,0;3,0
1,0;3,0;4,0;3,0;3,5555555555555554;3,5;3,1666666666666665;3,4;3,75
1,0;3,0;4,0;2,5;4,0;2,0;3,3333333333333335;3,4;3,25
1,0;3,0;3,0;3,5;3,5555555555555554;3,0;2,3333333333333335;2,2;2,0
1,0;2,0;3,5;3,75;3,4444444444444446;3,0;3,6666666666666665;3,6;3,75
1,0;2,0;2,5;3,25;4,888888888888889;3,0;3,5;3,0;3,25
1,0;2,0;2,0;3,5;3,5555555555555554;1,0;2,8333333333333335;3,0;3,25
1,0;2,0;3,5;3,25;4,111111111111111;3,5;3,8333333333333335;2,0;2,0
1,0;2,0;2,0;3,25;4,777777777777778;4,0;2,5;3,8;3,75
1,0;2,0;1,5;2,5;3,0;1,0;2,3333333333333335;3,0;2,75
1,0;2,0;2,5;3,25;4,111111111111111;1,0;2,8333333333333335;3,6;4,0
1,0;2,0;4,5;4,5;3,2222222222222223;3,5;2,5;3,2;3,75
1,0;2,0;3,0;5,0;4,444444444444445;1,0;2,6666666666666665;3,6;3,0
1,0;2,0;3,0;3,75;4,111111111111111;4,5;3,5;2,8;3,25
1,0;2,0;4,0;2,0;1,3333333333333333;1,0;2,0;3,6;3,75
1,0;2,0;5,0;3,25;4,222222222222222;1,0;3,6666666666666665;2,8;3,0
1,0;2,0;4,0;3,5;2,2222222222222223;1,5;3,1666666666666665;3,2;3,5
1,0;2,0;1,5;2,25;2,6666666666666665;1,5;1,6666666666666667;2,8;2,5
1,0;2,0;3,0;1,75;4,555555555555555;4,5;2,6666666666666665;2,4;2,0
1,0;2,0;1,5;3,25;1,0;1,0;2,0;3,0;3,0
1,0;2,0;3,5;3,25;4,0;2,5;3,3333333333333335;2,8;3,0
1,0;2,0;2,5;2,75;3,3333333333333335;1,0;3,1666666666666665;3,0;3,5
1,0;2,0;3,0;2,0;2,2222222222222223;1,0;2,5;3,6;2,75
1,0;2,0;2,5;2,0;3,4444444444444446;1,0;3,3333333333333335;2,4;2,75
1,0;2,0;4,0;4,75;4,0;4,0;3,5;3,4;3,75
1,0;2,0;1,5;2,5;3,4444444444444446;3,0;1,6666666666666667;3,4;3,25
1,0;2,0;4,5;4,0;3,5555555555555554;2,5;3,5;3,4;3,75
1,0;2,0;2,0;1,75;4,777777777777778;4,0;3,1666666666666665;3,4;3,25
1,0;2,0;4,0;3,25;4,333333333333333;3,5;3,0;3,4;3,75
1,0;2,0;2,5;4,25;2,7777777777777777;3,5;2,8333333333333335;2,6;2,75
1,0;2,0;1,5;2,0;3,111111111111111;2,0;3,5;2,6;2,5
1,0;2,0;2,0;2,75;3,4444444444444446;2,5;3,1666666666666665;2,2;2,5
1,0;2,0;2,5;3,5;3,7777777777777777;3,0;3,3333333333333335;2,6;3,5
1,0;2,0;5,0;3,0;4,555555555555555;3,0;1,3333333333333333;2,0;2,75
1,0;3,0;5,0;2,75;4,333333333333333;4,0;2,3333333333333335;3,4;3,0
1,0;3,0;2,5;3,0;3,888888888888889;2,5;2,1666666666666665;2,8;2,5
1,0;3,0;2,0;2,0;3,3333333333333335;1,0;3,1666666666666665;2,2;2,5
1,0;3,0;2,0;3,0;3,888888888888889;2,5;3,8333333333333335;2,6;2,75
1,0;3,0;1,5;2,0;5,0;5,0;3,8333333333333335;2,6;1,75
1,0;3,0;2,0;2,25;4,0;4,0;2,0;2,6;3,75
1,0;3,0;2,5;2,75;3,7777777777777777;1,0;3,6666666666666665;2,6;3,25
1,0;3,0;3,0;2,75;2,6666666666666665;2,0;3,1666666666666665;2,2;2,0
1,0;3,0;3,0;2,0;4,0;1,0;3,8333333333333335;3,0;3,0
1,0;3,0;2,5;3,0;4,111111111111111;3,5;3,0;3,0;2,75
3,0;3,0;4,5;5,0;3,0;2,0;2,6666666666666665;2,8;3,0
3,0;3,0;4,0;2,75;4,888888888888889;4,5;3,3333333333333335;2,4;2,75
3,0;3,0;4,5;2,75;4,444444444444445;4,0;1,3333333333333333;2,8;3,0
3,0;3,0;3,0;3,0;4,0;1,0;2,5;3,0;2,75
3,0;3,0;5,0;3,25;4,777777777777778;2,5;3,3333333333333335;4,0;3,75
3,0;3,0;2,5;3,5;3,7777777777777777;2,0;2,3333333333333335;3,2;2,25
3,0;3,0;5,0;3,5;4,222222222222222;2,5;2,5;3,0;3,0
3,0;3,0;4,0;3,0;4,333333333333333;1,0;3,0;2,6;2,75
3,0;3,0;4,0;4,0;4,666666666666667;2,0;2,1666666666666665;3,2;2,75
3,0;3,0;4,5;2,75;4,333333333333333;3,0;2,3333333333333335;2,8;3,0
3,0;3,0;3,5;3,0;4,777777777777778;2,0;3,6666666666666665;3,2;2,75
3,0;3,0;4,0;2,25;4,555555555555555;2,0;2,6666666666666665;2,8;2,25
3,0;3,0;5,0;3,0;4,666666666666667;3,0;2,6666666666666665;3,0;2,75
3,0;3,0;5,0;2,75;5,0;4,0;1,8333333333333333;3,0;3,0
3,0;3,0;3,5;2,5;3,6666666666666665;1,5;3,0;3,6;3,25
3,0;3,0;4,0;2,5;3,6666666666666665;2,5;3,6666666666666665;2,4;3,0
3,0;3,0;2,5;3,25;4,666666666666667;2,5;3,3333333333333335;3,4;3,0
3,0;3,0;3,5;3,25;3,4444444444444446;1,5;3,5;3,4;3,0
3,0;3,0;3,5;3,0;4,666666666666667;3,0;2,6666666666666665;3,2;3,0
3,0;3,0;4,0;2,25;4,222222222222222;2,0;1,1666666666666667;3,6;3,5
3,0;3,0;5,0;4,0;5,0;4,0;1,5;3,0;2,5
3,0;3,0;4,0;3,5;4,777777777777778;3,0;1,6666666666666667;2,8;2,5
3,0;3,0;3,5;3,0;4,666666666666667;3,0;2,3333333333333335;3,0;3,0
3,0;3,0;3,0;3,25;4,888888888888889;2,5;2,3333333333333335;3,6;3,0
3,0;3,0;3,0;3,0;4,0;1,5;1,6666666666666667;3,8;3,5
3,0;3,0;3,5;2,25;3,7777777777777777;2,0;3,6666666666666665;2,2;2,25
3,0;3,0;3,5;2,5;3,888888888888889;3,0;3,0;3,8;3,5
3,0;3,0;4,0;3,75;4,555555555555555;2,5;2,6666666666666665;2,8;3,25
3,0;3,0;2,5;3,0;4,222222222222222;1,0;2,8333333333333335;2,4;2,0
3,0;3,0;3,5;3,75;4,222222222222222;3,0;1,1666666666666667;3,2;2,75
3,0;3,0;5,0;3,5;4,444444444444445;4,5;3,0;2,8;2,25
3,0;3,0;2,5;2,0;4,777777777777778;3,0;2,0;3,4;3,0
3,0;3,0;2,0;3,0;4,666666666666667;3,0;1,8333333333333333;3,0;2,75
3,0;3,0;5,0;2,0;4,888888888888889;4,5;3,3333333333333335;3,0;2,5
3,0;3,0;3,0;1,5;4,555555555555555;4,5;1,0;2,8;1,75
3,0;3,0;3,5;2,25;4,555555555555555;4,0;3,3333333333333335;2,4;1,5
3,0;3,0;3,0;3,0;4,777777777777778;3,0;2,6666666666666665;2,8;2,75
3,0;3,0;2,0;2,75;5,0;3,5;2,5;3,6;3,25
3,0;3,0;4,0;2,5;4,777777777777778;4,0;2,8333333333333335;3,2;2,25
3,0;3,0;2,5;4,0;4,666666666666667;3,5;2,1666666666666665;2,8;3,25
2,0;3,0;4,0;4,25;4,111111111111111;2,5;2,1666666666666665;2,8;3,0
2,0;3,0;4,0;3,75;4,555555555555555;2,5;3,6666666666666665;3,4;3,75
2,0;3,0;5,0;5,0;4,888888888888889;4,0;3,1666666666666665;3,4;3,0
2,0;3,0;5,0;2,5;4,888888888888889;3,5;3,0;3,0;2,75
2,0;3,0;5,0;3,25;4,777777777777778;2,0;2,1666666666666665;3,0;3,0
2,0;3,0;4,5;3,5;4,555555555555555;2,0;2,5;3,8;3,75
2,0;3,0;5,0;5,0;5,0;5,0;3,0;3,0;3,25
2,0;3,0;5,0;4,5;5,0;4,5;3,0;3,6;2,5
2,0;3,0;4,5;4,25;4,0;2,5;2,5;3,0;3,0
2,0;3,0;3,5;3,75;4,0;3,0;1,8333333333333333;3,6;3,25
3,0;2,0;5,0;4,0;4,555555555555555;3,5;4,0;3,4;3,75
3,0;2,0;1,5;3,75;4,555555555555555;3,5;3,5;3,2;4,0
3,0;2,0;5,0;3,75;4,555555555555555;2,5;3,1666666666666665;3,0;3,25
3,0;2,0;2,0;3,25;4,444444444444445;4,5;3,5;3,0;3,75
3,0;2,0;2,0;2,25;4,666666666666667;3,5;4,0;3,8;4,0
3,0;2,0;2,5;2,25;3,7777777777777777;2,5;3,1666666666666665;2,2;2,5
3,0;2,0;4,5;4,0;5,0;5,0;4,0;3,2;3,75
3,0;2,0;5,0;2,75;5,0;5,0;3,8333333333333335;3,6;3,0
3,0;2,0;5,0;4,0;4,555555555555555;3,0;3,1666666666666665;2,6;3,0
3,0;2,0;3,0;3,25;2,7777777777777777;3,0;4,0;3,8;3,75
2,0;3,0;5,0;2,75;5,0;2,5;2,3333333333333335;3,6;3,75
2,0;3,0;3,5;3,0;2,7777777777777777;2,5;3,6666666666666665;4,0;3,5
2,0;3,0;4,0;3,25;5,0;3,5;2,5;3,0;2,75
2,0;3,0;5,0;4,25;4,555555555555555;3,0;4,0;3,4;4,0
2,0;3,0;2,5;3,0;3,111111111111111;1,0;1,5;3,4;2,0
2,0;3,0;2,0;2,75;3,5555555555555554;3,5;3,0;2,8;2,25
2,0;3,0;2,5;2,75;4,111111111111111;2,0;2,3333333333333335;3,2;3,25
2,0;3,0;4,0;2,75;4,0;3,0;3,3333333333333335;2,4;2,75
2,0;3,0;2,0;3,25;4,333333333333333;2,0;2,6666666666666665;2,8;2,0
2,0;3,0;4,5;3,25;4,111111111111111;4,0;3,8333333333333335;3,0;3,5
2,0;2,0;1,0;1,0;1,0;1,0;1,0;4,0;4,0
2,0;2,0;2,0;1,5;2,6666666666666665;1,0;1,1666666666666667;2,4;2,25
2,0;2,0;1,5;2,25;2,2222222222222223;1,0;2,3333333333333335;1,8;1,75
2,0;2,0;2,0;1,5;4,777777777777778;4,5;4,0;2,4;1,0
2,0;2,0;3,0;2,5;3,111111111111111;2,5;1,8333333333333333;2,8;1,75
2,0;2,0;2,5;2,25;3,2222222222222223;4,0;1,0;3,2;3,25
2,0;2,0;2,0;1,5;2,2222222222222223;1,0;1,5;2,8;2,75
2,0;2,0;3,0;2,5;2,6666666666666665;2,0;2,5;3,0;3,0
2,0;2,0;2,5;2,5;3,111111111111111;1,0;3,0;3,2;3,25
2,0;2,0;2,5;3,0;2,6666666666666665;1,0;3,0;2,8;2,5
1,0;2,0;2,5;2,0;1,6666666666666667;1,0;2,5;3,6;4,0
1,0;2,0;3,0;3,5;3,5555555555555554;4,0;2,0;2,6;2,75
1,0;2,0;3,5;3,75;4,111111111111111;3,5;3,0;3,4;3,0
1,0;2,0;5,0;5,0;4,444444444444445;2,5;3,6666666666666665;4,0;3,25
1,0;2,0;5,0;5,0;5,0;4,0;2,6666666666666665;4,0;4,0
1,0;2,0;3,5;4,5;3,2222222222222223;3,0;2,0;2,8;3,25
1,0;2,0;4,0;3,0;3,7777777777777777;3,5;3,1666666666666665;3,0;3,0
1,0;2,0;3,0;3,25;3,7777777777777777;4,0;3,3333333333333335;3,0;3,0
1,0;2,0;2,0;4,25;3,6666666666666665;1,0;2,8333333333333335;3,8;3,5
1,0;2,0;5,0;3,75;4,777777777777778;4,5;2,6666666666666665;4,0;4,0
1,0;2,0;4,5;2,5;4,111111111111111;3,0;3,8333333333333335;3,8;3,5
1,0;2,0;5,0;4,0;3,7777777777777777;3,5;3,5;4,0;3,5
1,0;2,0;1,0;3,25;4,0;1,0;3,3333333333333335;3,4;2,75
1,0;2,0;1,0;2,25;2,4444444444444446;1,5;1,0;3,0;3,5
1,0;2,0;4,0;4,0;4,888888888888889;5,0;4,0;3,2;3,0
1,0;2,0;3,5;4,25;3,0;2,5;2,5;3,4;3,5
1,0;2,0;4,5;4,25;4,222222222222222;3,0;1,0;3,0;2,75
1,0;2,0;5,0;3,5;4,444444444444445;1,0;3,6666666666666665;3,6;4,0
1,0;2,0;2,5;2,25;3,111111111111111;2,5;2,1666666666666665;3,2;2,75
1,0;2,0;3,0;1,75;4,111111111111111;4,0;3,6666666666666665;4,0;3,75
1,0;3,0;4,5;3,25;4,0;4,0;2,0;3,0;3,25
1,0;3,0;4,0;3,25;3,3333333333333335;2,0;2,8333333333333335;2,8;3,5
1,0;3,0;2,0;4,25;2,5555555555555554;2,0;2,3333333333333335;3,8;3,0
1,0;3,0;2,5;4,0;3,888888888888889;3,5;3,8333333333333335;2,6;2,0
1,0;3,0;5,0;5,0;4,333333333333333;3,0;3,5;3,4;3,25
1,0;3,0;4,0;2,75;4,333333333333333;3,5;3,0;2,8;2,75
1,0;3,0;4,0;4,25;4,333333333333333;3,0;1,6666666666666667;4,0;4,0
1,0;3,0;3,5;4,75;4,444444444444445;3,5;3,0;3,0;3,0
1,0;3,0;2,5;3,5;4,111111111111111;2,0;1,5;3,2;3,0
1,0;3,0;3,0;3,25;4,222222222222222;3,5;2,8333333333333335;3,0;3,25
2,0;3,0;5,0;3,0;4,444444444444445;2,0;3,1666666666666665;3,0;2,5
2,0;3,0;4,0;3,0;4,444444444444445;2,5;2,3333333333333335;2,6;3,0
2,0;3,0;5,0;2,5;3,6666666666666665;1,5;1,3333333333333333;2,0;2,5
2,0;3,0;4,5;2,75;4,333333333333333;1,0;2,8333333333333335;1,8;2,75
2,0;3,0;4,0;3,25;4,777777777777778;3,5;2,8333333333333335;2,2;2,25
2,0;3,0;4,5;2,5;4,444444444444445;1,5;3,3333333333333335;2,8;3,75
2,0;3,0;4,5;3,25;4,555555555555555;2,0;2,8333333333333335;3,8;3,5
2,0;3,0;4,5;2,25;4,555555555555555;1,0;2,0;2,6;3,5
2,0;3,0;2,5;2,25;4,222222222222222;2,0;3,0;2,8;3,25
2,0;3,0;4,5;2,5;4,777777777777778;2,5;2,8333333333333335;2,6;3,0
1,0;2,0;3,0;3,5;4,111111111111111;2,0;2,1666666666666665;3,4;3,25
1,0;2,0;5,0;3,25;3,888888888888889;2,0;3,8333333333333335;3,2;3,5
1,0;2,0;2,0;2,0;3,3333333333333335;2,0;1,0;2,2;2,75
1,0;2,0;3,5;2,25;4,666666666666667;5,0;3,0;3,6;3,0
1,0;2,0;5,0;5,0;4,111111111111111;3,0;3,0;2,6;2,0
1,0;2,0;4,0;3,5;3,7777777777777777;3,0;2,6666666666666665;2,8;2,75
1,0;2,0;1,5;2,5;3,7777777777777777;2,5;2,5;2,2;2,75
1,0;2,0;3,0;3,0;3,7777777777777777;3,0;3,0;3,0;2,25
1,0;2,0;2,0;2,25;2,888888888888889;4,5;1,1666666666666667;3,4;3,25
1,0;2,0;4,5;4,25;4,111111111111111;4,0;2,6666666666666665;3,0;3,25
2,0;3,0;2,0;3,0;4,888888888888889;3,0;4,0;3,0;2,25
2,0;3,0;4,0;3,0;4,0;2,5;2,3333333333333335;2,8;3,0
2,0;3,0;3,0;3,0;3,4444444444444446;2,5;2,1666666666666665;3,6;2,75
2,0;3,0;2,5;2,5;3,888888888888889;2,5;3,0;3,2;2,5
2,0;3,0;4,0;2,25;3,6666666666666665;2,5;1,0;3,0;2,5
2,0;3,0;3,5;1,75;4,666666666666667;3,0;3,1666666666666665;2,8;2,75
2,0;3,0;4,5;3,0;4,333333333333333;3,5;3,6666666666666665;3,2;3,5
2,0;3,0;4,0;3,25;3,888888888888889;2,0;3,1666666666666665;3,0;2,75
2,0;3,0;4,0;3,0;4,333333333333333;3,0;3,1666666666666665;4,0;3,25
2,0;3,0;4,5;2,0;3,6666666666666665;2,5;3,0;3,6;3,25
3,0;3,0;4,5;4,25;4,888888888888889;5,0;2,1666666666666665;3,4;3,5
3,0;3,0;2,5;4,0;4,444444444444445;3,5;3,0;2,6;2,25
3,0;3,0;4,0;2,75;4,444444444444445;3,0;2,3333333333333335;2,8;3,25
3,0;3,0;5,0;4,0;4,777777777777778;3,0;3,3333333333333335;3,0;2,75
3,0;3,0;5,0;3,75;4,444444444444445;2,0;3,1666666666666665;2,2;2,25
3,0;3,0;3,0;3,75;4,777777777777778;3,5;2,3333333333333335;3,0;4,0
3,0;3,0;3,5;3,5;4,555555555555555;2,5;3,3333333333333335;2,8;3,25
3,0;3,0;2,5;3,25;4,666666666666667;2,0;3,3333333333333335;2,6;3,0
3,0;3,0;4,0;4,0;5,0;3,5;2,0;3,2;3,0
3,0;3,0;3,0;3,75;4,888888888888889;2,0;2,1666666666666665;2,8;2,75
1,0;2,0;2,5;1,25;4,777777777777778;2,0;2,0;2,4;1,25
1,0;2,0;4,0;4,0;2,888888888888889;1,0;2,3333333333333335;4,0;3,75
1,0;2,0;2,5;3,5;4,333333333333333;1,0;2,8333333333333335;3,0;3,0
1,0;2,0;4,5;2,25;4,333333333333333;3,0;2,3333333333333335;3,4;4,0
1,0;2,0;1,5;3,5;4,555555555555555;4,0;3,8333333333333335;3,2;3,5
1,0;2,0;5,0;3,25;5,0;5,0;3,1666666666666665;2,6;3,25
1,0;2,0;1,5;3,0;4,555555555555555;5,0;3,5;3,0;3,75
1,0;2,0;1,5;2,25;4,777777777777778;4,0;4,0;2,8;2,75
1,0;2,0;4,0;1,75;4,444444444444445;2,0;2,1666666666666665;2,8;2,25
1,0;2,0;4,0;3,0;3,111111111111111;3,0;2,6666666666666665;2,8;4,0
2,0;3,0;1,5;2,0;3,0;1,0;3,8333333333333335;2,0;2,0
2,0;3,0;5,0;3,75;4,666666666666667;5,0;2,6666666666666665;3,4;3,0
2,0;3,0;3,0;3,25;3,888888888888889;2,0;3,8333333333333335;1,8;2,0
2,0;3,0;4,0;5,0;4,333333333333333;3,0;1,6666666666666667;3,6;3,25
2,0;3,0;3,5;3,0;3,2222222222222223;1,0;3,3333333333333335;2,6;3,0
2,0;3,0;5,0;3,5;4,555555555555555;3,5;3,6666666666666665;4,0;4,0
2,0;3,0;5,0;3,0;4,888888888888889;3,0;3,3333333333333335;2,4;2,25
2,0;3,0;4,0;3,75;4,777777777777778;3,0;3,1666666666666665;2,4;3,25
2,0;3,0;5,0;4,75;3,7777777777777777;3,0;3,0;3,4;3,5
2,0;3,0;3,5;1,75;4,888888888888889;4,0;3,1666666666666665;1,8;1,75
2,0;3,0;3,5;3,25;4,555555555555555;1,0;3,1666666666666665;2,4;2,5
2,0;3,0;4,5;2,25;3,5555555555555554;1,5;2,8333333333333335;2,6;2,25
2,0;3,0;4,0;3,25;3,888888888888889;1,0;1,5;3,4;2,5
2,0;3,0;4,0;3,25;4,777777777777778;4,0;2,1666666666666665;3,0;2,75
2,0;3,0;4,5;2,0;5,0;3,0;2,5;2,0;2,25
2,0;3,0;4,0;3,5;4,777777777777778;4,5;3,8333333333333335;3,6;3,5
2,0;3,0;3,0;2,5;4,333333333333333;2,5;2,1666666666666665;3,4;2,25
2,0;3,0;4,0;2,0;4,555555555555555;2,0;2,8333333333333335;2,0;1,75
2,0;3,0;4,0;3,25;5,0;2,0;1,0;2,8;3,5
2,0;3,0;4,0;2,5;4,0;2,5;2,8333333333333335;3,0;2,25
2,0;3,0;3,0;3,0;3,7777777777777777;3,0;3,8333333333333335;3,0;3,0
2,0;3,0;4,5;2,25;3,888888888888889;3,5;3,5;2,6;3,0
2,0;3,0;5,0;3,25;4,888888888888889;4,0;3,0;3,0;2,5
2,0;3,0;4,5;3,0;4,777777777777778;4,0;3,1666666666666665;2,2;2,25
2,0;3,0;2,0;3,0;4,222222222222222;3,0;3,0;2,0;2,25
2,0;3,0;4,0;3,0;4,888888888888889;2,5;3,3333333333333335;3,0;2,75
2,0;3,0;1,0;2,25;3,888888888888889;2,5;2,0;2,4;2,0
2,0;3,0;4,5;3,0;4,222222222222222;2,0;3,0;2,6;2,25
2,0;3,0;5,0;3,5;5,0;3,0;1,8333333333333333;3,8;3,5
2,0;3,0;3,5;3,0;4,777777777777778;3,5;1,0;3,8;2,75
2,0;2,0;3,0;2,25;3,888888888888889;4,0;2,8333333333333335;3,0;2,75
2,0;2,0;5,0;5,0;5,0;5,0;1,0;4,0;4,0
2,0;2,0;1,5;1,0;1,8888888888888888;1,5;2,3333333333333335;2,6;2,75
2,0;2,0;2,0;4,0;3,3333333333333335;2,0;3,0;3,6;3,75
2,0;2,0;5,0;4,0;3,0;3,0;1,0;3,0;2,25
2,0;2,0;1,5;3,5;3,4444444444444446;1,0;2,1666666666666665;3,2;3,0
2,0;2,0;1,5;4,0;2,3333333333333335;1,5;1,5;3,0;3,25
2,0;2,0;2,0;5,0;4,333333333333333;3,5;3,5;3,0;1,75
2,0;2,0;1,0;2,75;3,3333333333333335;1,0;3,8333333333333335;1,6;1,25
2,0;2,0;3,0;2,75;3,111111111111111;1,0;2,0;3,6;3,0
2,0;3,0;4,5;3,25;4,222222222222222;1,0;1,6666666666666667;2,8;2,75
2,0;3,0;4,5;3,5;4,888888888888889;3,0;4,0;3,0;3,75
2,0;3,0;3,5;4,0;5,0;4,0;4,0;3,6;3,5
2,0;3,0;4,0;3,0;3,3333333333333335;2,0;2,6666666666666665;2,6;2,5
2,0;3,0;3,5;3,5;2,111111111111111;1,0;4,0;2,4;2,25
2,0;3,0;2,5;2,5;3,6666666666666665;3,0;3,0;2,2;2,0
2,0;3,0;4,0;2,75;3,6666666666666665;2,5;2,8333333333333335;2,2;2,25
2,0;3,0;5,0;3,0;2,3333333333333335;1,0;1,0;2,6;2,5
2,0;3,0;4,0;3,25;3,0;2,0;2,5;3,2;3,0
2,0;3,0;3,5;3,25;3,7777777777777777;3,0;2,1666666666666665;3,8;3,5
2,0;3,0;3,0;2,0;4,222222222222222;1,0;2,8333333333333335;2,4;3,0
2,0;3,0;2,0;2,5;3,6666666666666665;2,0;2,1666666666666665;1,8;2,25
2,0;3,0;2,0;2,5;4,222222222222222;3,0;2,8333333333333335;3,6;3,25
2,0;3,0;2,0;2,0;4,444444444444445;3,0;3,3333333333333335;2,0;2,25
2,0;3,0;4,0;2,5;3,888888888888889;2,5;1,8333333333333333;2,6;3,0
2,0;3,0;3,0;2,25;3,4444444444444446;2,0;2,5;2,8;3,25
2,0;3,0;2,5;2,0;4,888888888888889;3,0;3,8333333333333335;3,0;2,75
2,0;3,0;5,0;2,75;4,333333333333333;2,0;2,0;2,4;2,75
2,0;3,0;4,0;2,25;3,7777777777777777;3,0;2,6666666666666665;3,0;3,0
2,0;3,0;2,5;2,0;3,2222222222222223;3,5;3,0;3,2;2,75
2,0;3,0;5,0;3,5;4,666666666666667;3,0;2,8333333333333335;3,2;3,5
2,0;3,0;4,5;4,0;3,5555555555555554;2,0;2,6666666666666665;3,2;3,0
2,0;3,0;4,5;3,75;4,888888888888889;3,0;3,1666666666666665;3,6;4,0
2,0;3,0;5,0;3,5;4,111111111111111;3,5;2,8333333333333335;3,0;3,0
2,0;3,0;4,5;3,5;4,888888888888889;4,5;2,0;3,4;3,25
2,0;3,0;1,0;2,0;3,0;1,0;2,1666666666666665;2,6;1,75
2,0;3,0;3,5;2,75;4,444444444444445;3,0;3,5;3,2;3,5
2,0;3,0;5,0;4,25;4,0;3,5;3,6666666666666665;3,8;3,5
2,0;3,0;2,0;2,5;3,0;1,0;2,5;3,0;2,25
2,0;3,0;4,5;2,75;4,333333333333333;5,0;2,6666666666666665;2,2;2,75
2,0;3,0;4,5;4,0;4,555555555555555;3,5;2,8333333333333335;3,0;3,0
2,0;3,0;5,0;4,0;5,0;3,0;3,0;3,8;4,0
2,0;3,0;2,5;2,25;3,7777777777777777;2,5;1,0;3,0;2,75
2,0;3,0;3,5;3,0;4,777777777777778;3,0;2,5;2,8;4,0
2,0;3,0;5,0;3,25;4,777777777777778;2,5;3,5;3,2;3,25
2,0;3,0;5,0;3,5;4,444444444444445;2,0;3,0;2,6;3,0
2,0;3,0;4,0;3,5;4,222222222222222;2,0;3,0;2,8;2,75
2,0;3,0;3,5;3,75;5,0;3,5;3,1666666666666665;3,0;3,75
2,0;3,0;5,0;3,5;4,333333333333333;3,0;2,8333333333333335;3,0;3,0
2,0;3,0;5,0;3,75;4,888888888888889;3,5;3,1666666666666665;2,6;2,5
2,0;4,0;3,0;3,25;4,888888888888889;5,0;4,0;2,6;2,5
2,0;4,0;5,0;3,5;4,777777777777778;2,5;3,6666666666666665;2,8;4,0
2,0;4,0;3,0;2,5;4,333333333333333;5,0;2,5;3,0;2,5
2,0;4,0;5,0;3,5;3,7777777777777777;2,5;4,0;3,6;4,0
2,0;4,0;2,5;2,5;4,333333333333333;4,0;1,3333333333333333;2,4;2,25
2,0;4,0;2,5;3,25;3,2222222222222223;2,5;3,5;3,4;3,0
2,0;4,0;1,5;2,5;4,222222222222222;3,5;2,0;2,2;2,5
2,0;4,0;3,5;2,5;3,7777777777777777;2,0;3,6666666666666665;2,2;1,5
2,0;4,0;2,0;2,5;4,555555555555555;3,0;3,6666666666666665;3,0;2,75
2,0;4,0;2,5;3,0;4,666666666666667;3,0;3,0;3,6;3,5
1,0;2,0;4,0;3,5;3,2222222222222223;3,5;2,5;3,0;3,25
1,0;2,0;2,0;3,0;4,666666666666667;4,0;3,6666666666666665;3,6;3,75
1,0;2,0;5,0;3,25;3,5555555555555554;3,5;2,8333333333333335;3,6;3,75
1,0;2,0;1,0;1,0;1,0;1,0;1,0;1,8;1,0
1,0;2,0;4,5;4,25;4,0;4,5;3,5;3,6;3,25
1,0;2,0;3,5;2,25;3,0;1,0;1,5;3,4;3,25
1,0;2,0;1,5;2,25;2,6666666666666665;3,0;2,6666666666666665;3,4;3,75
1,0;2,0;5,0;3,0;1,1111111111111112;1,0;1,0;3,6;4,0
1,0;2,0;3,0;2,5;2,888888888888889;2,5;2,0;2,8;2,5
1,0;2,0;4,5;1,75;1,3333333333333333;1,0;1,0;3,4;3,0
1,0;2,0;4,5;3,25;3,4444444444444446;4,0;2,5;3,0;3,25
1,0;2,0;4,5;3,0;4,555555555555555;3,0;4,0;2,6;3,75
1,0;2,0;3,5;3,5;2,4444444444444446;1,0;3,5;3,6;3,0
1,0;2,0;3,5;4,0;4,777777777777778;4,5;3,8333333333333335;3,2;3,0
1,0;2,0;3,0;2,5;2,4444444444444446;1,0;3,1666666666666665;3,4;3,25
1,0;2,0;4,0;3,5;4,555555555555555;1,0;3,5;3,8;3,75
1,0;2,0;3,0;2,75;3,7777777777777777;3,0;3,3333333333333335;3,4;3,75
1,0;2,0;1,5;3,25;4,222222222222222;3,0;2,3333333333333335;3,6;3,5
1,0;2,0;1,5;3,25;3,4444444444444446;1,0;1,8333333333333333;3,8;3,75
1,0;2,0;5,0;4,5;5,0;5,0;4,0;3,2;4,0
1,0;1,0;3,0;4,0;3,3333333333333335;3,5;4,0;3,4;3,5
1,0;1,0;4,0;1,75;3,2222222222222223;1,0;3,3333333333333335;3,0;3,25
1,0;1,0;3,0;2,25;4,444444444444445;3,0;2,6666666666666665;3,0;3,25
1,0;2,0;2,0;3,5;3,6666666666666665;1,0;3,0;3,2;3,75
1,0;2,0;4,0;2,75;3,3333333333333335;2,5;2,1666666666666665;3,2;3,75
1,0;2,0;2,0;2,0;4,333333333333333;3,5;2,6666666666666665;2,8;2,5
1,0;2,0;3,0;1,75;2,7777777777777777;2,5;1,0;3,0;3,75
1,0;2,0;3,0;2,75;1,8888888888888888;3,5;1,6666666666666667;3,0;3,0
1,0;2,0;3,0;2,75;2,5555555555555554;1,0;3,3333333333333335;2,8;3,25
1,0;2,0;2,0;3,0;2,0;1,0;3,5;2,8;3,5
1,0;2,0;4,0;3,0;4,222222222222222;2,0;3,8333333333333335;2,8;2,5
1,0;2,0;2,0;3,0;2,888888888888889;1,0;2,0;3,0;2,0
1,0;2,0;2,0;2,5;4,777777777777778;3,5;2,6666666666666665;2,6;2,0
2,0;3,0;4,5;2,75;4,888888888888889;1,0;2,5;3,2;3,25
2,0;3,0;4,5;4,5;4,666666666666667;3,0;2,1666666666666665;3,4;4,0
2,0;3,0;5,0;4,0;4,0;4,0;2,3333333333333335;2,8;2,25
2,0;3,0;5,0;3,0;5,0;1,0;1,3333333333333333;3,8;3,75
2,0;3,0;3,0;3,5;4,777777777777778;1,0;3,1666666666666665;3,6;3,75
2,0;3,0;1,5;3,0;3,5555555555555554;3,0;2,8333333333333335;3,0;3,5
2,0;3,0;4,5;3,75;4,666666666666667;3,5;2,3333333333333335;3,6;3,75
2,0;3,0;4,5;3,0;4,555555555555555;3,5;2,6666666666666665;3,4;3,0
2,0;3,0;5,0;4,5;3,4444444444444446;2,5;3,8333333333333335;3,0;3,0
2,0;3,0;3,5;3,0;4,0;2,5;3,1666666666666665;3,0;3,0
1,0;2,0;5,0;3,25;2,888888888888889;1,0;4,0;3,0;2,75
1,0;2,0;4,0;2,75;3,7777777777777777;2,0;1,3333333333333333;2,8;2,75
1,0;2,0;3,0;3,0;3,0;1,0;2,6666666666666665;3,2;2,5
1,0;2,0;3,0;2,75;2,6666666666666665;3,0;3,0;4,0;3,75
1,0;2,0;4,0;2,75;3,6666666666666665;1,0;3,0;3,6;2,25
1,0;2,0;4,0;3,5;4,111111111111111;4,0;3,6666666666666665;3,6;3,75
1,0;2,0;3,0;3,5;2,4444444444444446;2,0;1,5;3,6;3,5
1,0;2,0;2,5;2,75;3,0;1,0;2,5;3,0;3,0
1,0;2,0;2,0;2,25;1,6666666666666667;1,0;3,1666666666666665;1,8;1,25
1,0;2,0;1,5;2,0;3,4444444444444446;3,5;3,8333333333333335;3,0;3,25
1,0;2,0;3,0;3,0;3,3333333333333335;1,0;3,5;3,4;4,0
1,0;2,0;5,0;2,25;3,7777777777777777;3,5;2,0;3,6;4,0
1,0;2,0;2,5;3,5;3,0;1,0;3,8333333333333335;2,4;3,25
1,0;2,0;4,5;3,75;2,3333333333333335;2,5;2,0;2,8;2,75
1,0;2,0;2,0;2,5;3,6666666666666665;2,0;3,1666666666666665;2,6;3,25
1,0;2,0;3,0;2,75;3,6666666666666665;2,5;3,0;3,4;3,25
1,0;2,0;4,0;3,75;4,0;2,0;2,1666666666666665;3,2;3,25
1,0;2,0;4,0;3,75;3,6666666666666665;4,5;3,8333333333333335;3,4;4,0
1,0;2,0;1,0;2,5;2,7777777777777777;1,5;2,1666666666666665;3,8;3,75
1,0;2,0;3,0;3,5;3,2222222222222223;1,0;2,8333333333333335;3,2;3,5
1,0;4,0;4,5;3,5;4,0;2,0;3,5;3,0;3,25
1,0;4,0;2,0;3,0;4,777777777777778;2,0;2,6666666666666665;3,2;3,0
1,0;4,0;4,5;2,5;3,6666666666666665;2,5;1,8333333333333333;3,4;3,5
1,0;4,0;5,0;3,25;4,444444444444445;3,5;3,5;2,4;3,25
1,0;4,0;2,5;3,5;3,7777777777777777;2,0;2,6666666666666665;3,0;3,25
1,0;4,0;2,5;2,5;3,111111111111111;2,0;2,0;2,6;2,0
1,0;4,0;3,5;3,0;4,666666666666667;3,0;3,5;3,0;4,0
1,0;4,0;1,0;2,5;4,111111111111111;2,5;2,0;3,2;2,5
1,0;4,0;1,0;2,5;3,6666666666666665;1,0;2,1666666666666665;2,2;2,0
1,0;4,0;2,5;2,75;3,111111111111111;1,5;1,6666666666666667;1,8;2,25
1,0;1,0;3,0;2,5;3,4444444444444446;1,0;4,0;2,8;3,75
1,0;1,0;2,0;2,75;4,222222222222222;2,5;2,0;3,6;3,75
1,0;1,0;3,0;3,25;2,111111111111111;1,0;2,0;2,0;3,0
1,0;4,0;2,5;3,0;3,5555555555555554;3,5;1,1666666666666667;2,8;2,0
1,0;4,0;3,0;3,25;4,222222222222222;4,0;3,1666666666666665;3,8;3,5
1,0;4,0;1,5;2,0;4,555555555555555;1,0;4,0;1,8;1,25
1,0;4,0;3,0;2,5;3,5555555555555554;3,5;2,1666666666666665;2,4;2,5
1,0;4,0;4,5;2,25;4,666666666666667;3,5;3,5;2,6;2,25
1,0;4,0;3,0;2,5;4,222222222222222;2,5;3,0;2,8;3,0
1,0;4,0;4,5;1,75;4,777777777777778;3,5;3,5;2,8;2,5
1,0;4,0;3,0;2,0;4,0;4,0;2,0;3,0;2,75
1,0;4,0;4,0;2,25;4,0;3,5;3,5;3,2;3,75
1,0;4,0;2,5;3,25;4,222222222222222;3,5;1,8333333333333333;2,4;2,75
1,0;1,0;3,5;3,0;4,0;1,0;3,6666666666666665;3,4;3,5
1,0;1,0;3,0;3,0;3,5555555555555554;2,5;2,6666666666666665;3,6;3,5
1,0;1,0;1,5;2,5;3,0;1,0;2,0;2,6;3,25
1,0;1,0;3,5;3,5;2,2222222222222223;1,0;2,5;3,0;3,0
1,0;1,0;3,0;4,0;3,4444444444444446;1,0;3,5;3,4;3,25
1,0;1,0;1,5;3,25;2,7777777777777777;1,0;2,5;3,2;2,5
1,0;1,0;5,0;4,0;4,555555555555555;3,0;3,3333333333333335;4,0;4,0
1,0;1,0;4,0;4,0;5,0;5,0;3,1666666666666665;3,0;2,5
1,0;1,0;2,0;2,5;3,4444444444444446;2,0;4,0;3,2;2,75
1,0;1,0;3,5;2,75;4,111111111111111;1,0;3,3333333333333335;3,4;3,0
1,0;1,0;2,5;3,25;4,0;3,5;2,5;2,4;2,75
1,0;1,0;4,0;3,5;4,333333333333333;3,0;3,5;4,0;3,75
1,0;1,0;3,5;2,5;1,4444444444444444;1,0;1,8333333333333333;3,4;3,5
1,0;1,0;4,0;2,25;1,3333333333333333;1,0;2,3333333333333335;2,8;3,5
1,0;1,0;3,0;2,25;3,5555555555555554;2,5;3,0;3,0;3,75
1,0;1,0;2,0;4,5;4,888888888888889;3,0;4,0;3,6;3,5
1,0;1,0;4,5;5,0;4,666666666666667;3,0;4,0;3,6;3,5
1,0;1,0;4,5;4,0;3,7777777777777777;1,0;2,5;3,2;3,5
1,0;2,0;2,5;3,0;2,7777777777777777;2,0;2,1666666666666665;3,0;2,25
1,0;2,0;2,0;3,75;4,111111111111111;4,0;3,3333333333333335;2,4;2,25
1,0;2,0;4,5;3,5;2,6666666666666665;2,5;2,3333333333333335;3,2;3,5
1,0;2,0;4,0;3,0;4,444444444444445;2,5;2,5;3,0;3,75
1,0;2,0;4,0;3,0;3,7777777777777777;1,0;2,5;2,8;3,25
1,0;2,0;3,0;3,25;3,4444444444444446;2,5;1,6666666666666667;2,8;3,5
1,0;2,0;3,5;3,0;3,888888888888889;2,0;3,3333333333333335;3,0;3,5
1,0;2,0;4,5;3,5;3,888888888888889;3,0;3,0;2,8;3,5
1,0;2,0;4,5;3,0;4,666666666666667;1,0;3,5;2,6;3,25
1,0;2,0;3,0;3,0;3,7777777777777777;3,0;3,3333333333333335;3,6;3,5
1,0;1,0;2,0;2,75;3,888888888888889;2,0;2,6666666666666665;3,8;3,75
1,0;1,0;4,0;2,75;4,111111111111111;3,0;3,0;3,6;3,75
1,0;1,0;3,0;2,75;4,111111111111111;2,5;3,0;3,6;3,0
1,0;4,0;4,5;3,25;5,0;3,0;4,0;2,8;3,75
1,0;4,0;3,0;3,0;4,0;2,0;3,6666666666666665;2,6;2,75
1,0;4,0;3,5;3,5;4,555555555555555;4,5;2,8333333333333335;3,2;3,25
1,0;4,0;5,0;4,75;3,6666666666666665;2,5;2,6666666666666665;4,0;4,0
1,0;4,0;2,0;2,75;3,4444444444444446;2,5;2,3333333333333335;1,8;1,75
1,0;4,0;5,0;5,0;5,0;5,0;2,6666666666666665;3,4;2,5
1,0;4,0;2,0;2,5;4,555555555555555;4,0;1,1666666666666667;3,0;2,75
1,0;4,0;5,0;3,0;4,0;3,0;3,1666666666666665;3,4;3,0
1,0;4,0;3,0;2,25;2,888888888888889;2,5;1,8333333333333333;2,2;1,5
1,0;4,0;3,5;3,0;3,7777777777777777;2,5;3,5;2,6;2,75
1,0;1,0;3,0;1,5;4,222222222222222;2,5;3,3333333333333335;3,6;3,5
1,0;1,0;3,0;2,25;3,0;1,0;2,6666666666666665;3,0;3,25
1,0;1,0;5,0;3,25;2,888888888888889;1,0;4,0;3,8;3,25
1,0;1,0;1,5;3,0;4,0;3,5;2,3333333333333335;2,6;2,25
1,0;1,0;5,0;2,5;4,111111111111111;3,0;2,5;2,8;3,0
1,0;1,0;4,5;3,25;3,7777777777777777;2,5;2,1666666666666665;3,4;3,25
1,0;4,0;3,0;3,25;3,5555555555555554;2,0;2,0;2,0;1,0
1,0;4,0;4,0;3,25;4,444444444444445;2,5;3,8333333333333335;2,8;2,75
1,0;4,0;5,0;4,0;3,111111111111111;2,5;2,5;3,0;3,25
1,0;4,0;3,0;2,5;4,222222222222222;3,0;2,3333333333333335;3,2;3,0
1,0;4,0;3,0;2,75;4,222222222222222;2,5;2,8333333333333335;2,6;2,25
1,0;4,0;4,0;4,0;3,6666666666666665;3,5;3,1666666666666665;2,4;2,5
1,0;4,0;1,5;3,75;3,6666666666666665;2,5;1,0;3,2;3,0
1,0;4,0;2,5;3,0;4,888888888888889;3,0;2,8333333333333335;2,8;2,75
1,0;4,0;2,5;2,5;3,888888888888889;3,5;2,3333333333333335;3,0;2,75
1,0;4,0;5,0;4,0;5,0;4,0;3,3333333333333335;3,0;2,25
1,0;1,0;3,0;2,0;3,2222222222222223;1,0;3,1666666666666665;3,2;3,75
1,0;1,0;2,0;2,25;2,4444444444444446;1,0;1,6666666666666667;3,0;3,25
1,0;1,0;4,5;3,5;3,7777777777777777;3,0;2,5;3,0;3,5
2,0;4,0;5,0;4,25;5,0;4,5;3,0;3,0;2,5
2,0;4,0;4,0;3,25;4,111111111111111;3,5;3,3333333333333335;3,2;3,0
2,0;4,0;2,5;2,5;5,0;5,0;1,0;3,2;3,25
2,0;4,0;5,0;4,0;3,6666666666666665;2,0;2,0;3,6;4,0
2,0;4,0;4,5;3,5;4,666666666666667;4,0;3,1666666666666665;3,0;3,25
2,0;4,0;4,0;3,25;3,3333333333333335;2,0;3,1666666666666665;3,0;2,75
2,0;4,0;4,0;3,0;4,111111111111111;1,0;1,8333333333333333;1,8;2,0
2,0;4,0;3,0;3,0;4,0;4,0;2,8333333333333335;2,2;2,25
2,0;4,0;3,0;2,5;5,0;1,0;3,1666666666666665;2,6;2,75
2,0;4,0;4,0;3,0;3,888888888888889;2,0;1,1666666666666667;2,6;2,5
1,0;4,0;5,0;4,0;3,6666666666666665;2,5;2,0;3,4;4,0
1,0;4,0;1,0;1,75;2,3333333333333335;2,0;1,0;2,0;2,0
1,0;4,0;5,0;5,0;4,333333333333333;4,5;3,6666666666666665;3,4;2,5
1,0;4,0;3,0;2,75;4,666666666666667;3,5;2,6666666666666665;2,8;2,75
1,0;4,0;2,0;2,25;3,888888888888889;2,5;2,5;3,2;2,75
1,0;4,0;4,5;4,5;4,222222222222222;3,0;3,5;2,8;3,75
1,0;4,0;3,0;4,0;4,0;2,0;2,1666666666666665;2,6;3,25
1,0;4,0;3,0;3,5;3,3333333333333335;2,5;2,3333333333333335;3,0;3,0
1,0;4,0;2,5;4,0;4,555555555555555;1,0;2,6666666666666665;1,6;3,25
1,0;4,0;3,0;2,5;3,888888888888889;2,5;3,0;4,0;3,5
1,0;1,0;4,5;4,5;4,222222222222222;3,0;3,5;3,6;3,25
1,0;1,0;3,0;1,75;2,4444444444444446;3,0;2,5;3,4;3,75
1,0;1,0;1,5;2,0;4,666666666666667;1,0;4,0;3,4;3,5
1,0;2,0;2,0;2,25;3,3333333333333335;1,5;3,1666666666666665;3,6;3,75
1,0;2,0;3,0;3,75;3,0;3,0;2,3333333333333335;3,6;3,25
1,0;2,0;4,0;3,25;2,7777777777777777;1,0;1,5;3,2;2,75
1,0;2,0;3,0;2,75;3,2222222222222223;2,0;2,1666666666666665;2,8;3,0
1,0;2,0;3,0;2,5;4,222222222222222;3,5;3,5;3,4;3,25
1,0;2,0;2,5;3,0;3,7777777777777777;1,5;2,1666666666666665;3,0;2,5
1,0;2,0;4,5;3,75;3,7777777777777777;2,0;2,5;3,4;4,0
1,0;2,0;4,0;3,75;3,5555555555555554;1,0;2,5;3,6;3,25
1,0;2,0;2,0;2,0;3,6666666666666665;1,0;2,1666666666666665;2,0;2,25
1,0;2,0;1,0;2,5;2,3333333333333335;1,0;4,0;2,6;3,5
1,0;1,0;4,0;3,25;4,0;2,0;3,0;3,4;3,5
1,0;1,0;4,5;3,25;4,0;3,5;2,6666666666666665;3,2;3,25
1,0;1,0;3,0;2,5;2,7777777777777777;1,5;2,8333333333333335;3,8;4,0
1,0;4,0;5,0;2,75;4,555555555555555;5,0;2,3333333333333335;2,8;2,5
1,0;4,0;3,5;3,0;5,0;3,0;4,0;3,0;3,0
1,0;4,0;4,0;2,25;4,666666666666667;3,0;3,6666666666666665;3,0;2,75
1,0;4,0;2,5;2,25;3,4444444444444446;1,0;2,8333333333333335;2,6;2,25
1,0;4,0;5,0;2,25;4,333333333333333;2,5;4,0;2,6;3,0
1,0;4,0;5,0;4,0;4,222222222222222;3,0;3,3333333333333335;3,2;2,75
1,0;4,0;2,5;3,0;4,0;2,5;3,6666666666666665;3,0;2,75
1,0;4,0;4,0;3,0;3,3333333333333335;1,0;1,6666666666666667;3,4;3,25
1,0;4,0;2,0;3,5;1,0;1,0;1,3333333333333333;3,0;2,5
1,0;4,0;3,0;2,5;4,666666666666667;3,0;2,6666666666666665;2,2;2,25
1,0;1,0;2,5;3,5;4,0;2,0;1,5;3,6;2,5
1,0;1,0;1,0;2,25;2,888888888888889;1,5;1,6666666666666667;3,4;2,5
1,0;1,0;5,0;3,75;3,4444444444444446;3,5;2,0;4,0;4,0
1,0;1,0;5,0;1,5;2,5555555555555554;2,0;1,6666666666666667;3,6;3,5
1,0;1,0;1,5;2,0;3,4444444444444446;3,0;2,6666666666666665;3,2;2,75
1,0;1,0;2,0;2,5;2,888888888888889;4,0;2,3333333333333335;3,2;3,25
2,0;3,0;5,0;3,25;5,0;5,0;4,0;4,0;4,0
2,0;3,0;3,0;2,75;4,0;2,0;2,8333333333333335;3,0;3,0
2,0;3,0;4,0;4,0;3,888888888888889;3,5;2,6666666666666665;2,0;2,5
2,0;3,0;4,0;4,0;5,0;4,5;2,0;2,8;2,25
2,0;3,0;3,0;1,0;5,0;4,0;3,5;1,6;1,75
2,0;3,0;4,5;3,25;4,0;3,0;2,6666666666666665;3,0;3,0
2,0;3,0;4,0;3,75;4,0;4,0;2,0;3,6;3,75
2,0;3,0;5,0;5,0;5,0;5,0;1,0;4,0;4,0
2,0;3,0;2,5;2,25;4,444444444444445;3,0;1,3333333333333333;2,4;3,0
2,0;3,0;4,0;4,0;4,0;4,0;2,6666666666666665;3,0;2,5
1,0;1,0;2,0;1,0;3,5555555555555554;1,0;1,8333333333333333;3,6;3,75
1,0;1,0;1,5;1,5;4,0;4,5;2,0;2,8;3,0
1,0;1,0;4,0;2,75;3,6666666666666665;3,5;2,5;4,0;3,25
1,0;1,0;4,0;3,5;4,444444444444445;4,5;1,3333333333333333;3,4;3,75
1,0;1,0;3,5;3,5;5,0;5,0;3,8333333333333335;3,8;3,75
1,0;1,0;2,0;3,25;5,0;5,0;4,0;4,0;3,5
1,0;1,0;2,5;1,75;3,0;1,0;1,0;3,0;2,75
1,0;1,0;2,5;1,75;2,7777777777777777;1,5;3,1666666666666665;3,6;2,75
1,0;1,0;4,0;2,75;4,333333333333333;3,0;2,3333333333333335;2,8;2,75
1,0;4,0;4,0;3,0;4,444444444444445;3,5;3,8333333333333335;4,0;4,0
1,0;4,0;4,0;3,25;3,3333333333333335;2,0;1,0;2,8;2,5
1,0;4,0;4,0;2,25;4,111111111111111;3,0;1,8333333333333333;3,0;2,5
1,0;4,0;2,5;2,5;4,0;1,0;3,6666666666666665;2,8;3,0
1,0;4,0;2,0;1,75;2,7777777777777777;1,0;1,0;3,0;2,0
1,0;4,0;3,0;4,25;3,888888888888889;2,5;1,8333333333333333;3,2;3,5
1,0;4,0;4,0;3,25;4,888888888888889;3,5;3,5;3,0;3,25
1,0;4,0;4,0;4,0;3,6666666666666665;3,5;3,1666666666666665;3,2;3,0
1,0;4,0;3,5;3,75;3,2222222222222223;1,0;3,8333333333333335;3,6;3,0
1,0;4,0;2,0;2,25;4,0;3,5;1,1666666666666667;2,8;2,75
1,0;1,0;3,5;2,5;3,7777777777777777;3,0;1,6666666666666667;3,2;3,0
1,0;1,0;3,0;2,25;4,333333333333333;1,5;4,0;2,6;2,75
1,0;1,0;3,5;3,5;4,333333333333333;1,0;4,0;4,0;4,0
2,0;4,0;2,5;3,75;3,7777777777777777;2,0;2,1666666666666665;3,4;1,5
2,0;4,0;3,5;2,75;4,888888888888889;3,5;3,5;2,4;2,5
2,0;4,0;2,5;2,75;4,444444444444445;3,0;1,5;3,0;3,0
2,0;4,0;4,5;3,0;4,0;2,5;3,0;2,6;2,75
2,0;4,0;4,5;2,75;5,0;5,0;1,8333333333333333;2,8;2,5
2,0;4,0;3,0;2,75;3,6666666666666665;1,0;1,3333333333333333;3,0;3,0
2,0;4,0;1,5;2,75;3,2222222222222223;2,0;1,6666666666666667;2,8;2,0
2,0;4,0;4,0;2,25;3,6666666666666665;3,0;2,3333333333333335;2,6;3,0
2,0;4,0;1,5;2,5;3,7777777777777777;1,0;3,8333333333333335;2,8;1,5
2,0;4,0;3,0;3,0;2,7777777777777777;3,0;2,8333333333333335;3,4;4,0
3,0;3,0;2,5;2,5;4,555555555555555;2,0;3,5;2,6;3,25
3,0;3,0;4,0;3,0;4,666666666666667;2,5;3,1666666666666665;2,6;2,75
3,0;3,0;4,0;3,5;4,888888888888889;1,0;2,5;3,4;4,0
3,0;3,0;4,0;2,75;4,666666666666667;1,5;3,6666666666666665;4,0;3,75
3,0;3,0;4,0;3,0;4,222222222222222;1,0;3,0;2,8;2,75
3,0;3,0;3,0;2,0;4,222222222222222;1,0;3,1666666666666665;2,8;3,5
3,0;3,0;4,0;3,0;4,777777777777778;4,5;3,1666666666666665;2,6;2,25
3,0;3,0;5,0;2,75;4,888888888888889;1,0;3,0;3,4;3,0
3,0;3,0;3,0;2,5;4,555555555555555;3,0;3,0;2,4;2,75
3,0;3,0;4,0;3,5;3,888888888888889;3,5;1,1666666666666667;3,4;3,5
1,0;4,0;2,0;3,75;3,888888888888889;2,5;2,5;3,4;3,5
1,0;4,0;2,0;3,0;4,222222222222222;4,0;1,8333333333333333;3,0;2,75
1,0;4,0;2,5;2,25;3,6666666666666665;1,0;1,5;1,8;2,0
1,0;4,0;4,5;4,0;4,555555555555555;4,0;3,3333333333333335;3,4;3,25
1,0;4,0;4,0;4,0;4,222222222222222;3,5;2,5;3,4;4,0
1,0;4,0;1,5;1,25;4,222222222222222;2,0;4,0;1,4;1,75
1,0;4,0;2,0;3,0;4,333333333333333;4,0;2,3333333333333335;3,0;2,75
1,0;4,0;5,0;3,75;4,555555555555555;3,5;3,8333333333333335;3,4;3,75
1,0;4,0;1,0;1,0;3,7777777777777777;2,0;1,6666666666666667;2,4;2,0
1,0;4,0;2,5;2,5;3,3333333333333335;2,0;2,3333333333333335;2,4;2,75
2,0;3,0;5,0;3,75;5,0;2,5;2,5;2,8;2,75
2,0;3,0;4,5;3,25;3,111111111111111;1,5;3,6666666666666665;2,8;2,0
2,0;3,0;4,0;3,75;4,0;3,0;2,1666666666666665;3,0;1,75
2,0;3,0;2,5;2,5;5,0;3,0;3,1666666666666665;2,4;3,0
2,0;3,0;5,0;2,75;4,222222222222222;2,5;3,0;3,4;3,0
2,0;3,0;3,5;2,25;4,0;1,0;2,3333333333333335;2,4;1,75
2,0;3,0;1,5;3,5;4,555555555555555;2,5;3,1666666666666665;3,2;2,75
2,0;3,0;4,0;2,75;3,5555555555555554;1,5;3,5;2,6;2,5
2,0;3,0;3,0;2,25;4,333333333333333;3,0;2,5;1,8;1,75
2,0;3,0;4,5;2,0;4,444444444444445;1,0;1,8333333333333333;1,8;2,0
2,0;3,0;1,5;3,0;5,0;1,0;1,0;1,4;2,5
2,0;3,0;4,5;3,0;5,0;1,0;2,8333333333333335;2,6;3,5
2,0;3,0;3,5;4,0;4,888888888888889;3,0;2,6666666666666665;3,4;2,75
2,0;3,0;1,0;4,0;5,0;5,0;3,0;2,6;3,0
2,0;3,0;4,0;3,25;4,0;3,0;2,8333333333333335;2,2;2,25
2,0;3,0;5,0;2,5;4,111111111111111;2,0;2,3333333333333335;2,2;3,0
2,0;3,0;3,0;3,0;3,888888888888889;2,0;2,5;2,2;2,75
2,0;3,0;5,0;4,0;4,0;3,0;3,0;3,0;2,5
2,0;3,0;5,0;3,0;5,0;2,5;3,1666666666666665;2,8;2,5
2,0;3,0;4,0;3,0;3,7777777777777777;3,5;2,3333333333333335;3,0;2,75
1,0;1,0;3,0;2,0;3,888888888888889;3,0;3,3333333333333335;2,6;2,5
1,0;1,0;3,0;2,0;3,888888888888889;1,0;3,0;2,6;2,5
1,0;1,0;2,0;2,0;4,111111111111111;3,5;3,1666666666666665;3,8;3,75
1,0;1,0;4,5;3,5;3,0;3,5;2,8333333333333335;3,0;2,5
1,0;1,0;3,0;3,75;4,0;4,5;4,0;3,6;3,75
1,0;1,0;5,0;4,0;4,777777777777778;5,0;2,5;3,6;3,75
1,0;1,0;3,0;3,25;2,888888888888889;2,0;1,6666666666666667;4,0;3,5
1,0;1,0;4,5;2,0;4,555555555555555;1,0;3,1666666666666665;3,4;4,0
1,0;1,0;5,0;3,0;2,2222222222222223;2,5;1,5;3,4;3,25
1,0;1,0;2,0;1,75;1,8888888888888888;1,0;2,1666666666666665;3,6;3,75
1,0;1,0;5,0;2,75;2,4444444444444446;1,0;3,3333333333333335;2,8;2,5
1,0;1,0;1,0;1,5;4,555555555555555;4,0;2,5;2,4;2,5
1,0;1,0;1,5;3,5;4,777777777777778;4,0;3,5;2,4;1,0
1,0;1,0;3,0;4,0;2,111111111111111;2,0;2,1666666666666665;2,8;3,75
1,0;1,0;3,5;3,5;4,111111111111111;4,0;3,3333333333333335;3,6;3,75
1,0;2,0;3,0;3,0;5,0;5,0;3,8333333333333335;3,8;3,75
1,0;2,0;4,0;3,5;3,6666666666666665;2,0;3,0;3,2;3,5
1,0;2,0;3,0;3,0;3,7777777777777777;4,0;2,1666666666666665;3,6;3,25
1,0;2,0;1,5;2,5;3,3333333333333335;3,0;1,0;2,2;2,25
1,0;2,0;2,5;2,0;4,333333333333333;4,0;3,6666666666666665;3,4;3,5
1,0;2,0;2,0;1,5;2,3333333333333335;3,0;1,1666666666666667;3,6;3,75
1,0;2,0;4,0;3,0;3,4444444444444446;1,0;3,5;2,8;2,5
1,0;2,0;4,5;3,5;3,888888888888889;3,0;3,5;2,8;3,0
1,0;2,0;4,5;3,0;4,555555555555555;2,5;3,6666666666666665;2,8;3,5
1,0;2,0;4,5;2,25;4,111111111111111;4,5;1,8333333333333333;1,2;1,0
1,0;1,0;1,0;2,25;2,4444444444444446;1,0;2,6666666666666665;3,2;3,25
1,0;1,0;5,0;4,0;3,6666666666666665;2,5;1,5;3,8;3,5
1,0;1,0;2,5;3,75;3,7777777777777777;4,0;3,1666666666666665;3,4;3,25
1,0;1,0;1,0;2,75;1,6666666666666667;2,5;1,6666666666666667;3,6;3,5
1,0;1,0;4,5;3,75;3,7777777777777777;2,5;1,6666666666666667;2,8;2,75
1,0;1,0;2,5;3,5;3,3333333333333335;3,0;2,6666666666666665;4,0;4,0
1,0;4,0;2,0;3,25;4,444444444444445;2,0;2,6666666666666665;2,8;2,75
1,0;4,0;3,5;3,0;4,333333333333333;2,0;3,3333333333333335;2,8;2,75
1,0;4,0;2,5;3,25;4,333333333333333;4,0;1,1666666666666667;2,2;2,5
1,0;4,0;3,5;4,5;5,0;5,0;2,3333333333333335;3,6;3,0
1,0;4,0;4,0;2,75;3,4444444444444446;1,5;3,5;2,2;2,5
1,0;4,0;4,5;3,75;4,444444444444445;3,0;3,0;2,2;1,75
1,0;4,0;3,0;2,25;4,0;3,5;1,6666666666666667;2,8;2,5
1,0;4,0;2,0;3,5;4,0;3,0;1,6666666666666667;3,0;2,75
1,0;4,0;3,5;3,25;4,888888888888889;3,0;2,6666666666666665;2,6;3,0
1,0;4,0;2,5;4,25;3,888888888888889;4,0;1,1666666666666667;3,4;3,0
1,0;2,0;2,0;2,0;3,5555555555555554;4,0;2,8333333333333335;3,6;2,75
1,0;2,0;2,0;3,75;3,2222222222222223;3,5;2,8333333333333335;3,2;3,5
1,0;2,0;1,0;1,5;2,5555555555555554;2,5;1,0;2,8;3,75
1,0;2,0;3,0;4,0;5,0;5,0;4,0;4,0;4,0
1,0;2,0;2,0;2,75;3,0;4,0;3,1666666666666665;3,2;3,75
1,0;2,0;2,0;2,25;3,5555555555555554;1,0;2,5;3,0;3,25
1,0;2,0;5,0;4,0;4,444444444444445;5,0;2,5;4,0;4,0
1,0;2,0;2,0;3,25;4,0;3,5;3,6666666666666665;3,2;3,25
1,0;2,0;2,0;2,25;4,111111111111111;3,0;2,3333333333333335;3,2;2,25
1,0;2,0;3,0;2,75;4,444444444444445;3,0;2,5;2,4;3,5
1,0;2,0;5,0;4,0;3,7777777777777777;3,5;2,6666666666666665;3,0;3,25
1,0;2,0;4,0;2,75;2,6666666666666665;1,0;3,6666666666666665;3,0;3,25
1,0;2,0;4,0;3,25;3,6666666666666665;1,0;3,6666666666666665;3,0;3,0
1,0;2,0;4,5;2,0;4,0;1,0;4,0;2,8;3,0
1,0;2,0;2,0;2,75;2,7777777777777777;1,0;2,3333333333333335;3,2;3,0
1,0;2,0;3,5;2,5;2,888888888888889;3,0;2,6666666666666665;3,6;3,5
1,0;2,0;2,0;2,25;2,3333333333333335;1,0;2,1666666666666665;3,2;3,0
1,0;2,0;5,0;4,0;3,6666666666666665;3,0;2,5;4,0;4,0
1,0;2,0;1,0;2,75;3,3333333333333335;3,0;2,8333333333333335;4,0;3,75
1,0;2,0;2,5;3,5;3,5555555555555554;3,5;2,3333333333333335;3,4;3,5
1,0;1,0;3,5;4,75;4,666666666666667;4,0;3,5;4,0;4,0
1,0;1,0;3,5;5,0;4,777777777777778;5,0;4,0;4,0;3,25
1,0;1,0;1,5;2,75;4,0;3,0;3,5;3,8;3,5
1,0;1,0;4,5;1,0;4,666666666666667;4,5;3,6666666666666665;3,8;3,75
1,0;1,0;3,0;2,0;4,333333333333333;4,5;3,1666666666666665;3,8;4,0
1,0;1,0;3,5;2,75;3,111111111111111;1,0;2,8333333333333335;3,4;3,75
1,0;2,0;2,5;1,25;3,4444444444444446;2,5;1,8333333333333333;2,2;2,25
1,0;2,0;1,0;1,75;3,111111111111111;2,0;1,3333333333333333;2,6;2,75
1,0;2,0;3,5;2,0;1,0;3,0;2,1666666666666665;2,8;3,5
1,0;2,0;3,0;2,25;2,5555555555555554;2,0;2,3333333333333335;3,0;3,5
1,0;2,0;3,0;2,5;2,7777777777777777;2,0;2,0;3,4;3,75
1,0;2,0;2,0;1,75;3,0;1,0;1,8333333333333333;2,8;3,25
1,0;2,0;1,0;2,0;3,5555555555555554;3,0;2,0;2,8;2,25
1,0;2,0;4,0;2,75;3,888888888888889;2,5;2,0;3,0;3,0
1,0;2,0;2,0;3,25;2,2222222222222223;1,0;1,5;3,6;2,75
1,0;2,0;2,0;2,75;1,4444444444444444;1,0;3,0;3,2;2,75
3,0;3,0;3,5;2,25;4,0;3,0;1,5;3,2;2,75
3,0;3,0;2,0;2,5;3,5555555555555554;3,5;3,0;3,2;4,0
3,0;3,0;2,0;2,5;4,111111111111111;2,0;3,3333333333333335;3,0;3,5
3,0;3,0;4,0;3,0;4,555555555555555;2,0;3,1666666666666665;2,6;2,75
3,0;3,0;2,0;2,75;3,5555555555555554;2,5;2,1666666666666665;3,2;2,75
3,0;3,0;3,0;3,0;4,555555555555555;3,0;3,3333333333333335;2,4;2,5
3,0;3,0;5,0;2,75;3,888888888888889;3,0;4,0;3,4;4,0
3,0;3,0;3,0;2,5;4,666666666666667;3,5;3,3333333333333335;2,8;3,0
3,0;3,0;3,0;3,0;4,888888888888889;3,0;2,6666666666666665;2,6;3,25
3,0;3,0;5,0;2,5;4,777777777777778;4,0;1,6666666666666667;3,0;3,25
2,0;3,0;3,5;3,5;4,0;2,0;2,6666666666666665;2,6;2,75
2,0;3,0;5,0;3,25;4,666666666666667;3,5;2,8333333333333335;3,2;3,0
2,0;3,0;4,0;3,75;3,7777777777777777;1,0;3,0;2,6;3,0
2,0;3,0;2,5;3,0;4,555555555555555;4,0;4,0;3,0;3,25
2,0;3,0;4,0;4,0;4,333333333333333;1,0;2,1666666666666665;3,0;2,75
2,0;3,0;4,0;2,75;4,888888888888889;4,0;3,1666666666666665;3,2;3,5
2,0;3,0;4,0;3,0;5,0;4,0;2,0;1,4;2,25
2,0;3,0;3,5;3,75;4,777777777777778;4,0;2,8333333333333335;3,0;4,0
2,0;3,0;5,0;3,5;4,333333333333333;2,5;1,5;2,8;2,25
2,0;3,0;3,0;2,5;4,333333333333333;1,5;2,5;2,4;2,25
1,0;1,0;1,5;2,75;3,6666666666666665;2,5;3,1666666666666665;3,8;3,75
1,0;1,0;2,5;3,75;3,888888888888889;1,0;2,8333333333333335;3,2;3,5
1,0;1,0;5,0;4,0;3,888888888888889;3,0;3,5;3,8;4,0
1,0;1,0;4,0;3,25;4,222222222222222;3,5;2,6666666666666665;3,6;3,5
1,0;1,0;2,0;2,25;3,5555555555555554;1,0;3,3333333333333335;3,2;3,0
1,0;1,0;1,0;3,0;3,6666666666666665;3,0;1,5;3,2;3,25
1,0;1,0;4,0;2,75;3,6666666666666665;2,5;3,3333333333333335;2,8;3,0
1,0;1,0;3,5;3,0;3,2222222222222223;2,5;2,3333333333333335;4,0;4,0
1,0;1,0;2,5;3,0;3,4444444444444446;2,5;3,5;4,0;4,0
1,0;2,0;5,0;3,5;4,777777777777778;4,5;3,8333333333333335;4,0;3,75
1,0;2,0;3,0;3,0;3,5555555555555554;3,5;4,0;3,2;2,75
1,0;2,0;2,0;3,0;3,6666666666666665;3,0;2,1666666666666665;3,2;2,75
1,0;2,0;1,5;3,75;1,3333333333333333;1,0;1,0;3,8;3,75
1,0;2,0;3,0;3,25;3,5555555555555554;3,5;1,0;3,0;3,0
1,0;2,0;2,0;2,75;4,0;4,5;3,8333333333333335;3,4;3,75
1,0;2,0;4,5;3,5;3,111111111111111;4,0;2,3333333333333335;3,8;3,0
1,0;2,0;1,0;1,75;2,111111111111111;3,0;3,5;3,2;3,5
1,0;2,0;1,5;5,0;4,333333333333333;5,0;3,6666666666666665;4,0;3,75
1,0;2,0;1,5;4,25;4,555555555555555;4,5;4,0;3,8;3,5
1,0;2,0;4,5;3,5;3,7777777777777777;3,0;3,1666666666666665;3,4;3,5
1,0;2,0;2,0;2,0;4,333333333333333;4,5;4,0;3,4;3,0
1,0;2,0;1,5;2,5;3,4444444444444446;4,0;2,8333333333333335;3,2;3,25
1,0;2,0;3,5;3,25;4,111111111111111;5,0;2,6666666666666665;3,6;3,75
1,0;2,0;2,0;1,75;2,111111111111111;1,0;1,3333333333333333;3,6;3,0
1,0;2,0;1,0;3,25;1,2222222222222223;1,0;2,0;4,0;4,0
1,0;2,0;1,0;2,75;3,4444444444444446;3,0;3,1666666666666665;3,6;3,5
1,0;2,0;2,5;3,0;3,5555555555555554;4,0;1,0;3,0;2,5
1,0;2,0;1,5;1,0;1,0;2,5;1,3333333333333333;3,0;2,5
1,0;2,0;2,0;3,25;2,7777777777777777;2,5;3,3333333333333335;3,0;3,25
1,0;1,0;5,0;2,75;3,111111111111111;1,0;3,1666666666666665;3,8;3,25
1,0;1,0;3,0;1,5;3,0;3,0;3,0;3,2;4,0
1,0;1,0;1,5;3,0;1,8888888888888888;1,0;1,3333333333333333;3,6;3,75
1,0;1,0;4,0;2,75;2,4444444444444446;2,5;2,8333333333333335;3,0;4,0
1,0;1,0;2,0;2,0;1,7777777777777777;1,0;1,8333333333333333;2,8;4,0
1,0;1,0;2,0;2,75;2,6666666666666665;1,0;3,3333333333333335;4,0;3,5
1,0;1,0;1,5;2,5;2,888888888888889;2,5;2,1666666666666665;3,8;3,75
1,0;1,0;4,0;2,75;2,5555555555555554;4,0;1,8333333333333333;2,4;2,5
1,0;1,0;2,5;2,5;2,2222222222222223;1,0;3,5;3,8;3,5
1,0;1,0;4,0;2,5;3,888888888888889;2,0;3,6666666666666665;3,8;3,75
1,0;1,0;3,5;3,25;2,888888888888889;2,5;3,6666666666666665;3,6;3,25
1,0;1,0;3,0;2,25;2,0;1,0;2,0;3,2;3,25
1,0;1,0;3,5;3,0;3,3333333333333335;3,0;3,3333333333333335;2,8;3,75
1,0;1,0;2,5;2,0;1,1111111111111112;1,0;1,6666666666666667;3,2;3,75
1,0;1,0;3,5;3,5;4,333333333333333;4,0;2,6666666666666665;3,2;3,0
2,0;3,0;4,0;4,0;4,666666666666667;3,0;3,1666666666666665;3,0;3,5
2,0;3,0;5,0;2,5;4,111111111111111;2,5;3,0;3,4;3,5
2,0;3,0;5,0;2,75;5,0;2,5;3,3333333333333335;3,0;3,0
2,0;3,0;3,0;2,75;4,333333333333333;3,0;2,6666666666666665;3,0;3,5
2,0;3,0;2,0;3,25;3,3333333333333335;2,0;2,3333333333333335;3,2;3,0
2,0;3,0;3,5;4,5;4,0;3,5;1,5;3,8;3,0
2,0;3,0;4,0;3,25;3,6666666666666665;3,0;2,1666666666666665;3,4;3,0
2,0;3,0;5,0;3,25;4,888888888888889;3,5;4,0;3,6;4,0
2,0;3,0;2,5;3,0;4,777777777777778;3,0;3,5;3,2;3,25
2,0;3,0;4,0;2,5;3,6666666666666665;3,0;2,6666666666666665;3,0;3,0
1,0;2,0;4,5;2,5;3,3333333333333335;3,5;2,0;3,2;3,5
1,0;2,0;5,0;3,75;4,777777777777778;3,0;4,0;3,8;3,5
1,0;2,0;3,0;3,25;4,888888888888889;4,0;3,6666666666666665;3,8;4,0
1,0;2,0;4,0;4,0;3,6666666666666665;4,5;2,6666666666666665;1,4;1,75
1,0;2,0;1,5;1,5;5,0;4,5;2,8333333333333335;2,6;2,5
1,0;2,0;2,5;1,75;3,5555555555555554;3,0;3,5;3,4;3,25
1,0;2,0;3,0;2,0;4,0;3,0;2,6666666666666665;3,4;3,5
1,0;2,0;2,0;2,5;3,0;4,0;1,3333333333333333;3,0;3,0
1,0;2,0;2,5;2,0;3,2222222222222223;1,0;3,6666666666666665;2,8;3,25
1,0;2,0;4,0;4,5;4,666666666666667;5,0;3,3333333333333335;3,2;3,25
1,0;2,0;2,5;3,25;4,0;5,0;4,0;4,0;3,75
1,0;2,0;4,5;3,0;2,888888888888889;1,0;2,3333333333333335;3,8;4,0
1,0;2,0;5,0;4,25;3,4444444444444446;2,5;2,8333333333333335;3,4;3,25
1,0;2,0;1,0;2,5;3,4444444444444446;2,5;1,3333333333333333;3,4;3,0
1,0;2,0;3,5;1,5;2,6666666666666665;1,0;4,0;3,0;3,25
1,0;2,0;3,0;2,5;2,888888888888889;1,0;3,3333333333333335;3,0;3,25
1,0;2,0;4,0;2,75;4,0;3,5;2,3333333333333335;3,0;4,0
1,0;2,0;4,5;5,0;4,444444444444445;5,0;1,3333333333333333;3,8;3,75
1,0;2,0;5,0;2,0;3,0;1,0;2,3333333333333335;3,0;3,25
1,0;2,0;4,0;4,0;3,7777777777777777;2,0;2,0;2,6;3,0
1,0;1,0;1,0;2,0;1,7777777777777777;1,0;2,5;2,4;2,75
1,0;1,0;4,0;2,25;1,6666666666666667;1,0;1,5;2,4;2,75
1,0;1,0;2,5;2,25;3,3333333333333335;1,0;3,8333333333333335;3,2;3,0
1,0;1,0;2,0;1,0;4,555555555555555;4,0;1,6666666666666667;2,0;1,75
1,0;1,0;4,5;2,75;1,6666666666666667;2,5;1,8333333333333333;3,2;3,5
1,0;1,0;4,0;4,0;3,111111111111111;1,0;1,0;3,4;4,0
1,0;1,0;2,0;2,25;3,6666666666666665;2,5;1,8333333333333333;3,4;3,5
1,0;1,0;5,0;5,0;2,5555555555555554;2,0;3,1666666666666665;3,4;3,0
1,0;1,0;3,0;2,75;2,7777777777777777;1,5;1,5;3,6;4,0
1,0;4,0;5,0;3,5;3,7777777777777777;3,0;3,0;3,0;3,0
1,0;4,0;1,5;2,25;3,888888888888889;2,5;2,8333333333333335;2,2;2,5
1,0;4,0;2,0;3,0;3,2222222222222223;3,0;4,0;4,0;3,75
1,0;4,0;4,5;2,5;3,888888888888889;3,0;2,0;3,4;3,5
1,0;4,0;1,5;2,5;3,5555555555555554;1,5;3,6666666666666665;3,6;3,5
1,0;4,0;1,5;3,0;3,7777777777777777;2,5;1,0;3,0;2,5
1,0;4,0;2,0;2,5;3,7777777777777777;3,5;1,8333333333333333;3,6;3,25
1,0;4,0;3,0;2,25;3,5555555555555554;1,0;2,0;2,8;3,5
1,0;4,0;3,5;3,75;3,6666666666666665;2,5;2,8333333333333335;3,4;3,5
1,0;4,0;3,0;3,0;3,7777777777777777;3,0;2,5;3,4;3,25
2,0;4,0;4,5;2,75;3,111111111111111;2,0;2,1666666666666665;3,2;3,25
2,0;4,0;3,0;3,75;3,111111111111111;3,0;1,0;3,0;2,75
2,0;4,0;2,5;4,0;3,5555555555555554;2,0;3,5;2,8;3,25
2,0;4,0;4,0;3,0;4,666666666666667;5,0;2,6666666666666665;2,6;3,25
2,0;4,0;1,5;3,0;3,4444444444444446;1,0;2,0;2,6;1,25
2,0;4,0;4,5;3,75;3,4444444444444446;2,0;2,3333333333333335;2,0;2,25
2,0;4,0;4,0;2,75;3,7777777777777777;3,5;2,6666666666666665;3,2;2,0
2,0;4,0;3,5;3,75;5,0;3,0;3,8333333333333335;3,2;3,25
2,0;4,0;4,0;2,75;4,111111111111111;3,0;4,0;2,6;2,75
2,0;4,0;5,0;3,0;4,111111111111111;1,5;3,8333333333333335;2,8;3,5
1,0;1,0;2,5;3,0;3,6666666666666665;2,0;3,6666666666666665;3,8;3,5
1,0;1,0;3,0;3,25;3,3333333333333335;2,5;3,6666666666666665;3,2;3,5
1,0;1,0;3,0;4,0;4,222222222222222;2,5;3,8333333333333335;3,8;3,0
1,0;1,0;3,5;4,0;4,0;2,0;3,0;4,0;4,0
1,0;1,0;4,5;2,75;3,6666666666666665;2,0;3,3333333333333335;4,0;4,0
1,0;1,0;4,0;4,0;2,888888888888889;2,0;1,5;4,0;3,25
1,0;1,0;2,5;3,25;4,444444444444445;2,5;3,1666666666666665;3,2;3,5
1,0;1,0;3,0;3,0;3,0;1,0;2,8333333333333335;3,4;3,25
1,0;1,0;2,5;3,25;3,111111111111111;2,0;3,6666666666666665;3,2;2,75
1,0;4,0;2,0;2,75;3,7777777777777777;3,5;3,8333333333333335;2,4;1,75
1,0;4,0;3,0;3,75;4,222222222222222;3,0;3,0;2,8;3,0
1,0;4,0;4,0;3,25;4,444444444444445;1,0;4,0;3,0;3,25
1,0;4,0;3,0;3,0;4,333333333333333;2,5;2,8333333333333335;3,0;2,75
1,0;4,0;5,0;4,75;4,888888888888889;2,0;2,8333333333333335;3,6;3,25
1,0;4,0;5,0;3,25;5,0;4,5;2,6666666666666665;3,4;2,5
1,0;4,0;5,0;4,25;3,0;2,5;3,5;3,0;2,75
1,0;4,0;3,5;1,75;4,555555555555555;4,0;3,6666666666666665;2,8;3,25
1,0;4,0;3,0;2,5;3,111111111111111;4,0;2,1666666666666665;4,0;4,0
1,0;4,0;5,0;3,0;1,6666666666666667;1,0;3,3333333333333335;3,4;3,25
1,0;2,0;1,5;3,25;3,2222222222222223;1,0;2,6666666666666665;2,8;2,75
1,0;2,0;1,5;2,25;4,111111111111111;1,0;1,5;3,6;3,25
1,0;2,0;2,0;3,0;3,0;2,0;1,8333333333333333;3,4;3,25
1,0;2,0;3,5;3,25;4,555555555555555;2,5;3,3333333333333335;3,6;3,5
1,0;2,0;3,0;4,0;3,7777777777777777;3,0;2,1666666666666665;3,4;3,75
1,0;2,0;2,0;2,5;3,6666666666666665;3,0;1,3333333333333333;3,2;2,25
1,0;2,0;2,0;2,25;3,4444444444444446;1,0;2,1666666666666665;3,2;2,75
1,0;2,0;2,5;2,25;2,7777777777777777;1,5;2,0;3,4;2,0
1,0;2,0;3,5;5,0;4,555555555555555;2,0;2,0;3,8;3,75
1,0;2,0;2,0;3,25;4,0;1,0;1,3333333333333333;2,8;2,5
1,0;1,0;2,5;3,25;3,111111111111111;1,0;1,8333333333333333;3,2;4,0
1,0;1,0;3,0;2,0;2,0;1,0;2,8333333333333335;3,8;3,5
1,0;1,0;2,0;2,25;2,888888888888889;1,0;1,8333333333333333;3,2;3,0
1,0;1,0;2,0;1,5;3,111111111111111;2,5;2,5;3,4;3,25
1,0;1,0;3,0;2,0;2,0;1,5;2,3333333333333335;3,2;3,25
1,0;1,0;2,5;1,0;1,8888888888888888;2,0;3,5;3,2;3,5
1,0;2,0;5,0;3,0;4,333333333333333;1,0;3,0;3,8;2,5
1,0;2,0;3,0;2,0;3,6666666666666665;3,5;2,0;2,4;2,0
1,0;2,0;2,5;4,0;3,888888888888889;1,0;2,5;3,2;3,0
1,0;2,0;4,5;2,5;3,5555555555555554;3,5;3,0;3,0;3,0
1,0;2,0;5,0;5,0;3,3333333333333335;4,5;2,0;4,0;3,75
1,0;2,0;4,0;2,75;3,4444444444444446;3,0;2,1666666666666665;2,8;2,75
1,0;2,0;2,5;3,5;1,5555555555555556;1,0;4,0;3,0;3,0
1,0;2,0;3,0;2,75;3,6666666666666665;4,0;2,8333333333333335;3,8;3,75
1,0;2,0;3,5;3,75;4,111111111111111;2,0;2,6666666666666665;3,4;3,0
1,0;2,0;1,0;3,5;2,3333333333333335;1,0;2,3333333333333335;3,4;3,5
1,0;2,0;2,0;3,25;3,0;2,0;1,8333333333333333;1,6;3,0
1,0;2,0;3,0;4,0;3,3333333333333335;4,0;3,6666666666666665;3,8;3,75
1,0;2,0;1,0;2,0;1,0;1,0;4,0;3,8;2,5
1,0;2,0;3,0;2,25;4,444444444444445;3,0;2,0;3,0;3,25
1,0;2,0;2,5;3,5;2,6666666666666665;2,0;2,1666666666666665;3,4;3,25
1,0;2,0;3,5;1,75;4,777777777777778;3,0;3,1666666666666665;2,4;1,5
1,0;2,0;3,0;2,5;3,6666666666666665;2,5;2,5;3,2;1,25
1,0;2,0;2,0;3,0;2,7777777777777777;1,0;2,8333333333333335;3,2;3,5
1,0;2,0;3,5;1,75;4,333333333333333;3,0;2,8333333333333335;3,4;2,75
1,0;2,0;2,0;1,75;2,4444444444444446;1,0;2,3333333333333335;2,6;1,5
2,0;4,0;4,5;4,75;3,888888888888889;3,0;3,0;3,8;3,5
2,0;4,0;4,0;3,25;3,888888888888889;3,5;3,8333333333333335;3,8;4,0
2,0;4,0;5,0;3,5;5,0;1,0;2,8333333333333335;4,0;4,0
2,0;4,0;2,0;4,0;4,111111111111111;3,0;2,8333333333333335;3,0;3,25
2,0;4,0;5,0;3,25;4,333333333333333;3,0;3,0;3,2;3,0
2,0;4,0;2,5;3,25;4,444444444444445;2,0;3,8333333333333335;3,0;3,0
2,0;4,0;3,5;3,5;3,888888888888889;3,0;4,0;3,6;3,25
2,0;4,0;3,0;4,0;4,111111111111111;3,0;1,0;3,2;3,0
2,0;4,0;4,5;4,25;4,888888888888889;4,0;2,6666666666666665;4,0;4,0
2,0;4,0;3,5;3,0;3,4444444444444446;1,0;4,0;3,0;3,0
1,0;4,0;3,0;3,5;4,0;4,0;2,0;3,6;2,0
1,0;4,0;3,5;3,75;4,777777777777778;2,5;2,5;3,2;3,25
1,0;4,0;4,0;4,0;3,4444444444444446;3,5;2,1666666666666665;3,2;2,5
1,0;4,0;3,0;3,25;4,0;3,5;4,0;3,0;3,25
1,0;4,0;1,0;1,0;1,3333333333333333;1,0;2,1666666666666665;2,6;2,25
1,0;4,0;5,0;5,0;4,777777777777778;5,0;1,3333333333333333;4,0;4,0
1,0;4,0;4,0;3,5;4,0;2,0;3,6666666666666665;2,6;3,0
1,0;4,0;3,5;3,5;4,555555555555555;2,5;2,5;2,8;2,25
1,0;4,0;3,5;3,75;4,888888888888889;4,0;3,0;4,0;4,0
1,0;4,0;2,0;3,75;4,333333333333333;3,0;2,8333333333333335;3,4;3,75
2,0;3,0;2,5;2,5;4,777777777777778;2,0;2,5;1,4;1,5
2,0;3,0;2,0;2,5;4,111111111111111;2,5;2,8333333333333335;2,6;2,5
2,0;3,0;5,0;3,0;2,3333333333333335;1,5;2,8333333333333335;3,0;3,0
2,0;3,0;4,0;2,5;4,888888888888889;3,0;2,8333333333333335;2,6;2,75
2,0;3,0;5,0;3,75;4,888888888888889;2,5;3,5;2,6;2,5
2,0;3,0;2,0;3,0;4,666666666666667;3,0;2,8333333333333335;2,0;2,0
2,0;3,0;5,0;2,0;3,888888888888889;1,0;3,6666666666666665;1,8;3,75
2,0;3,0;5,0;2,75;4,777777777777778;1,0;4,0;2,6;2,75
2,0;3,0;4,0;3,25;3,888888888888889;3,0;2,8333333333333335;2,6;2,5
2,0;3,0;3,0;2,5;4,888888888888889;1,0;2,5;1,8;2,25
2,0;2,0;2,0;3,5;3,4444444444444446;1,5;3,3333333333333335;3,4;3,25
2,0;2,0;3,0;3,5;3,888888888888889;3,5;2,5;3,8;3,25
2,0;2,0;1,5;2,75;3,6666666666666665;1,0;2,8333333333333335;2,8;3,0
2,0;2,0;2,0;1,5;3,5555555555555554;2,0;3,5;2,8;3,25
2,0;2,0;2,5;2,0;4,333333333333333;1,5;2,8333333333333335;3,6;3,5
2,0;2,0;2,0;3,5;3,2222222222222223;1,0;3,1666666666666665;3,6;3,75
2,0;2,0;3,0;2,75;5,0;3,0;3,3333333333333335;3,6;3,5
2,0;2,0;4,5;3,25;3,7777777777777777;3,0;3,6666666666666665;4,0;4,0
2,0;2,0;3,0;2,5;2,4444444444444446;2,0;2,0;3,0;3,25
2,0;2,0;2,5;4,0;4,777777777777778;4,0;2,0;3,6;3,5
2,0;3,0;2,0;2,75;3,4444444444444446;2,5;3,3333333333333335;2,6;3,25
2,0;3,0;4,5;3,0;4,111111111111111;1,0;2,5;3,0;3,0
2,0;3,0;4,0;3,0;4,333333333333333;1,0;2,3333333333333335;2,6;2,5
2,0;3,0;2,0;3,5;4,444444444444445;3,5;2,5;3,2;3,0
2,0;3,0;2,0;2,75;4,333333333333333;3,0;3,0;3,0;3,0
2,0;3,0;3,5;3,5;4,222222222222222;3,0;2,1666666666666665;3,2;3,5
2,0;3,0;4,5;4,5;3,888888888888889;3,0;3,6666666666666665;3,0;3,25
2,0;3,0;2,5;3,25;3,6666666666666665;1,0;2,0;2,4;2,0
2,0;3,0;3,5;3,25;4,222222222222222;3,0;2,8333333333333335;2,8;3,0
2,0;3,0;4,0;2,75;4,444444444444445;2,5;1,0;3,2;2,0
2,0;3,0;1,5;2,75;3,7777777777777777;2,0;1,6666666666666667;2,8;2,5
2,0;3,0;3,5;3,5;3,5555555555555554;2,5;2,1666666666666665;3,0;2,75
2,0;3,0;3,5;3,5;3,888888888888889;1,5;3,1666666666666665;2,6;2,25
2,0;3,0;4,0;2,5;4,555555555555555;4,5;2,8333333333333335;2,2;2,0
2,0;3,0;2,5;3,75;4,0;2,5;2,5;3,0;2,75
2,0;3,0;4,0;3,75;4,555555555555555;2,5;4,0;2,2;2,5
2,0;3,0;4,0;3,25;4,777777777777778;3,0;2,5;3,0;3,0
2,0;3,0;4,0;2,5;4,111111111111111;2,0;2,0;2,6;2,5
2,0;3,0;4,5;3,25;4,0;1,5;3,5;3,4;3,0
2,0;3,0;4,0;4,0;3,5555555555555554;2,0;3,0;2,4;2,25
1,0;1,0;2,0;3,25;4,111111111111111;2,5;4,0;4,0;4,0
1,0;1,0;3,0;3,5;4,222222222222222;4,0;3,5;4,0;4,0
1,0;1,0;3,5;4,5;4,777777777777778;3,5;4,0;4,0;3,75
1,0;2,0;2,0;2,0;3,0;2,0;2,1666666666666665;3,0;3,25
1,0;2,0;2,5;2,5;3,4444444444444446;1,5;1,5;3,2;3,25
1,0;2,0;3,0;3,25;4,111111111111111;1,0;3,6666666666666665;3,4;2,5
1,0;2,0;1,5;2,5;3,0;4,0;2,5;3,0;3,75
1,0;2,0;4,0;3,5;3,888888888888889;2,5;2,3333333333333335;3,2;3,0
1,0;2,0;1,0;2,75;3,5555555555555554;1,0;3,5;2,0;2,25
1,0;2,0;1,5;3,25;2,888888888888889;1,0;2,1666666666666665;3,6;3,5
1,0;2,0;3,0;1,75;3,5555555555555554;1,0;1,5;3,0;3,25
1,0;2,0;3,5;5,0;3,4444444444444446;1,0;3,3333333333333335;4,0;4,0
1,0;2,0;1,5;3,0;3,6666666666666665;3,5;2,8333333333333335;2,8;1,75
1,0;2,0;3,0;2,5;4,444444444444445;2,0;2,3333333333333335;2,6;2,75
1,0;2,0;4,5;5,0;3,6666666666666665;2,5;3,1666666666666665;2,6;3,75
1,0;2,0;3,5;3,25;3,5555555555555554;2,0;2,6666666666666665;2,8;2,5
1,0;2,0;2,0;3,0;2,6666666666666665;1,0;2,6666666666666665;2,8;2,5
1,0;2,0;1,0;4,0;3,0;2,0;1,0;1,8;1,0
1,0;2,0;1,5;1,0;5,0;5,0;1,0;1,4;1,0
1,0;2,0;1,0;2,75;1,7777777777777777;1,0;1,1666666666666667;1,8;2,25
1,0;2,0;2,0;2,0;1,7777777777777777;1,0;2,0;2,6;3,0
1,0;2,0;4,5;2,75;3,3333333333333335;2,0;2,6666666666666665;3,2;3,5
1,0;2,0;3,0;4,0;5,0;5,0;2,5;4,0;3,25
1,0;4,0;5,0;3,75;4,111111111111111;1,0;3,1666666666666665;3,2;2,75
1,0;4,0;1,0;2,0;1,5555555555555556;1,5;1,0;4,0;4,0
1,0;4,0;2,0;5,0;4,0;4,0;2,0;2,6;2,0
1,0;4,0;4,0;4,0;1,0;1,0;3,0;3,2;3,0
1,0;4,0;5,0;3,5;4,111111111111111;3,5;3,6666666666666665;4,0;3,5
1,0;4,0;5,0;2,75;4,777777777777778;1,5;2,8333333333333335;4,0;3,75
1,0;4,0;3,0;2,75;1,0;1,0;4,0;4,0;4,0
1,0;4,0;3,0;3,5;3,888888888888889;4,0;3,0;3,0;3,0
1,0;4,0;4,0;4,0;3,888888888888889;2,5;4,0;4,0;4,0
1,0;4,0;4,0;3,25;4,111111111111111;3,0;2,8333333333333335;2,8;2,0
1,0;4,0;5,0;3,75;4,888888888888889;4,0;1,6666666666666667;3,6;3,5
1,0;4,0;1,5;2,75;3,3333333333333335;3,0;2,6666666666666665;2,6;2,25
1,0;4,0;4,0;3,5;4,111111111111111;2,5;2,1666666666666665;3,6;4,0
1,0;4,0;4,5;3,25;4,111111111111111;3,5;2,0;3,0;2,75
1,0;4,0;2,0;3,75;4,333333333333333;3,0;3,5;3,4;2,5
1,0;4,0;2,5;2,75;4,666666666666667;2,5;2,8333333333333335;3,0;3,25
1,0;4,0;4,5;2,75;4,666666666666667;4,5;1,5;2,6;2,75
1,0;4,0;4,5;4,0;4,222222222222222;2,0;1,6666666666666667;3,6;3,25
1,0;4,0;3,0;3,25;4,111111111111111;4,0;2,8333333333333335;2,4;3,0
1,0;4,0;4,0;2,75;3,4444444444444446;2,0;2,8333333333333335;2,8;2,75
1,0;1,0;2,0;3,5;4,333333333333333;4,0;2,6666666666666665;3,2;3,25
1,0;1,0;5,0;3,75;3,3333333333333335;2,5;3,5;3,4;3,25
1,0;1,0;3,5;3,75;2,4444444444444446;1,0;3,0;3,4;3,75
2,0;3,0;5,0;3,75;4,444444444444445;3,0;3,5;2,6;3,25
2,0;3,0;3,5;3,0;4,555555555555555;4,5;3,3333333333333335;3,0;2,75
2,0;3,0;3,0;2,25;4,0;4,0;2,6666666666666665;3,0;3,0
2,0;3,0;2,5;2,5;4,888888888888889;4,0;3,8333333333333335;2,6;2,0
2,0;3,0;5,0;3,5;4,0;2,0;2,6666666666666665;2,6;3,75
2,0;3,0;4,0;4,0;4,777777777777778;4,0;2,8333333333333335;3,4;2,75
2,0;3,0;4,5;3,75;4,444444444444445;1,0;3,1666666666666665;2,8;2,75
2,0;3,0;5,0;3,75;5,0;3,0;3,3333333333333335;3,2;3,75
2,0;3,0;4,5;3,75;4,666666666666667;4,5;3,0;2,2;3,0
2,0;3,0;4,5;3,75;3,6666666666666665;4,0;2,6666666666666665;2,4;2,5
2,0;4,0;4,0;2,75;3,7777777777777777;2,5;4,0;3,0;3,25
2,0;4,0;3,0;2,5;3,888888888888889;1,0;3,0;3,2;2,75
2,0;4,0;2,5;4,25;3,6666666666666665;3,5;2,1666666666666665;2,8;2,75
2,0;4,0;4,5;4,25;4,333333333333333;4,0;2,8333333333333335;3,0;3,0
2,0;4,0;3,5;3,0;4,0;3,5;2,5;2,4;2,5
2,0;4,0;1,5;2,25;4,222222222222222;1,0;2,8333333333333335;2,0;2,5
2,0;4,0;3,0;1,0;1,0;1,0;2,0;3,0;2,75
2,0;4,0;5,0;3,0;5,0;5,0;4,0;2,4;2,0
2,0;4,0;2,0;2,25;3,3333333333333335;2,5;2,0;2,8;2,5
2,0;4,0;2,5;3,5;3,6666666666666665;3,5;3,0;3,0;3,25
1,0;1,0;4,0;4,25;3,5555555555555554;2,0;4,0;2,8;3,75
1,0;1,0;1,5;3,0;2,5555555555555554;1,5;3,1666666666666665;3,6;3,75
1,0;1,0;1,0;3,5;2,5555555555555554;1,0;1,5;3,2;3,25
1,0;2,0;5,0;4,0;4,777777777777778;2,5;3,8333333333333335;1,8;1,75
1,0;2,0;4,0;2,5;3,0;2,0;2,6666666666666665;3,4;2,75
1,0;2,0;3,0;3,0;3,3333333333333335;2,5;3,6666666666666665;3,2;2,75
1,0;2,0;2,0;5,0;3,2222222222222223;2,5;3,5;3,6;4,0
1,0;2,0;5,0;2,0;2,6666666666666665;1,0;3,1666666666666665;3,2;2,75
1,0;2,0;4,5;3,0;3,6666666666666665;1,0;1,0;1,8;1,75
1,0;2,0;2,5;2,0;1,2222222222222223;1,0;1,3333333333333333;2,2;2,5
1,0;2,0;2,0;1,75;2,3333333333333335;1,0;1,6666666666666667;3,0;3,75
1,0;2,0;4,0;2,75;2,4444444444444446;1,5;1,8333333333333333;3,0;3,0
1,0;2,0;4,5;2,25;3,7777777777777777;2,0;3,1666666666666665;2,4;2,75
1,0;4,0;5,0;4,0;3,2222222222222223;2,5;3,0;2,8;2,5
1,0;4,0;5,0;1,5;4,888888888888889;4,5;3,6666666666666665;1,2;3,5
1,0;4,0;2,5;3,5;3,3333333333333335;3,0;2,1666666666666665;2,6;2,25
1,0;4,0;4,0;2,75;4,555555555555555;2,0;3,5;2,6;2,25
1,0;4,0;4,5;3,0;4,222222222222222;3,0;3,1666666666666665;2,8;2,0
1,0;4,0;3,5;2,75;3,3333333333333335;1,0;3,6666666666666665;3,4;3,5
1,0;4,0;5,0;2,5;4,888888888888889;1,0;3,3333333333333335;3,0;3,5
1,0;4,0;2,5;3,25;4,222222222222222;2,5;3,1666666666666665;2,4;2,25
1,0;4,0;5,0;3,0;5,0;4,5;3,1666666666666665;3,4;3,0
1,0;4,0;4,0;3,5;4,0;3,0;2,1666666666666665;2,6;2,25
2,0;2,0;2,0;3,0;3,7777777777777777;1,0;2,3333333333333335;3,2;3,25
2,0;2,0;2,5;2,5;2,0;1,0;1,1666666666666667;2,6;3,25
2,0;2,0;4,5;2,5;4,0;4,5;2,3333333333333335;2,8;2,5
2,0;2,0;3,0;3,0;3,888888888888889;3,5;2,0;3,4;3,5
2,0;2,0;2,0;2,5;3,2222222222222223;2,5;3,8333333333333335;3,0;3,0
2,0;2,0;2,0;2,0;3,5555555555555554;3,0;1,5;3,2;3,0
2,0;2,0;2,0;3,0;3,888888888888889;4,0;3,3333333333333335;3,6;3,5
2,0;2,0;2,0;2,5;3,7777777777777777;3,5;2,3333333333333335;3,2;3,75
2,0;2,0;4,0;3,0;3,111111111111111;1,0;1,1666666666666667;2,8;3,25
2,0;2,0;3,0;3,25;2,888888888888889;2,5;3,0;3,2;3,5
1,0;2,0;1,5;2,5;2,7777777777777777;4,0;3,0;3,6;3,75
1,0;2,0;1,5;3,0;2,4444444444444446;2,5;2,5;3,4;3,75
1,0;2,0;2,0;2,0;2,7777777777777777;3,5;2,0;3,6;4,0
1,0;2,0;3,5;2,25;2,2222222222222223;1,0;2,1666666666666665;3,0;2,75
1,0;2,0;4,5;3,75;5,0;3,0;2,1666666666666665;3,4;3,75
1,0;2,0;5,0;2,75;5,0;5,0;1,0;3,8;4,0
1,0;2,0;5,0;4,75;3,2222222222222223;3,0;2,5;1,6;2,5
1,0;2,0;4,0;2,25;2,5555555555555554;1,0;2,3333333333333335;3,0;2,75
1,0;2,0;2,5;2,25;2,5555555555555554;2,0;2,1666666666666665;2,8;2,25
1,0;2,0;3,0;2,5;2,7777777777777777;1,0;1,1666666666666667;3,2;3,75
1,0;4,0;5,0;4,0;3,888888888888889;3,0;3,5;3,0;3,5
1,0;4,0;5,0;4,0;3,6666666666666665;4,0;2,0;3,4;4,0
1,0;4,0;3,5;2,0;3,5555555555555554;2,0;1,5;3,0;3,0
1,0;4,0;3,0;3,25;4,333333333333333;4,0;2,6666666666666665;3,0;3,0
1,0;4,0;2,0;2,75;3,4444444444444446;3,0;2,6666666666666665;2,4;2,0
1,0;4,0;4,0;2,5;3,4444444444444446;3,0;2,0;2,8;2,5
1,0;4,0;3,0;3,0;3,888888888888889;3,5;3,8333333333333335;3,6;3,5
1,0;4,0;2,0;3,75;3,0;2,0;3,6666666666666665;3,4;2,75
1,0;4,0;4,5;4,0;4,333333333333333;4,5;3,5;3,2;2,75
1,0;4,0;5,0;4,75;4,0;4,0;2,0;3,4;3,25
1,0;3,0;3,0;3,25;3,7777777777777777;2,0;2,5;3,2;3,0
1,0;3,0;4,0;2,5;3,7777777777777777;4,0;2,3333333333333335;2,6;3,25
1,0;3,0;5,0;3,0;3,7777777777777777;4,0;2,0;2,0;2,75
1,0;3,0;2,0;3,75;4,222222222222222;3,0;1,0;3,4;2,5
1,0;3,0;4,0;2,75;3,888888888888889;2,5;1,6666666666666667;2,6;3,25
1,0;3,0;4,0;3,0;4,111111111111111;2,5;2,8333333333333335;3,0;3,0
1,0;3,0;5,0;3,25;3,6666666666666665;5,0;2,3333333333333335;3,8;3,75
1,0;3,0;2,0;2,25;2,4444444444444446;2,0;2,0;3,0;3,0
1,0;3,0;3,5;2,5;4,0;4,0;3,0;3,2;3,25
1,0;3,0;4,0;3,75;4,111111111111111;3,5;3,8333333333333335;3,2;3,0
1,0;4,0;1,5;2,5;4,888888888888889;3,0;3,0;4,0;4,0
1,0;4,0;5,0;2,5;4,0;3,0;4,0;4,0;4,0
1,0;4,0;4,0;4,0;4,0;4,0;3,0;3,0;3,0
1,0;4,0;4,5;4,25;3,6666666666666665;2,0;1,8333333333333333;3,0;3,25
1,0;4,0;2,5;3,0;4,0;1,0;1,3333333333333333;2,6;2,25
1,0;4,0;3,5;5,0;5,0;1,0;3,8333333333333335;4,0;3,0
1,0;4,0;4,5;4,0;4,444444444444445;3,0;2,3333333333333335;4,0;3,75
1,0;4,0;5,0;3,75;4,666666666666667;3,5;4,0;3,0;3,25
1,0;4,0;2,5;3,5;3,3333333333333335;2,0;1,1666666666666667;2,6;2,25
1,0;4,0;4,5;4,0;5,0;1,0;1,5;3,8;4,0
1,0;2,0;4,0;2,5;4,888888888888889;4,5;2,0;3,4;3,0
1,0;2,0;1,5;2,25;3,6666666666666665;4,0;2,3333333333333335;2,6;2,25
1,0;2,0;4,0;3,25;4,333333333333333;3,0;3,3333333333333335;3,8;3,75
1,0;2,0;2,0;3,75;2,111111111111111;2,0;2,0;3,0;2,5
1,0;2,0;3,0;2,5;3,5555555555555554;1,0;3,5;3,0;2,25
1,0;2,0;3,5;2,5;4,222222222222222;3,0;2,8333333333333335;3,2;3,5
1,0;2,0;1,5;2,25;3,2222222222222223;1,0;2,5;2,4;2,5
1,0;2,0;3,0;2,0;3,111111111111111;2,0;1,8333333333333333;2,8;2,25
1,0;2,0;3,5;2,25;3,111111111111111;2,5;3,5;4,0;3,75
1,0;2,0;5,0;2,25;3,4444444444444446;2,5;2,5;3,2;2,25
1,0;1,0;2,0;4,25;5,0;5,0;2,1666666666666665;3,8;4,0
1,0;1,0;5,0;2,25;3,6666666666666665;1,0;4,0;3,4;3,5
1,0;1,0;5,0;3,25;5,0;4,5;4,0;4,0;4,0
2,0;2,0;4,0;4,25;2,0;1,0;1,5;3,4;3,25
2,0;2,0;1,5;1,5;3,3333333333333335;1,0;2,3333333333333335;3,0;2,25
2,0;2,0;2,0;2,5;4,0;3,0;2,8333333333333335;3,4;3,0
2,0;2,0;4,0;2,25;2,7777777777777777;2,5;2,0;3,0;2,5
2,0;2,0;3,0;3,0;3,4444444444444446;2,0;2,5;3,2;3,0
2,0;2,0;4,5;2,5;4,222222222222222;2,0;1,0;3,2;3,0
2,0;2,0;2,0;2,0;4,222222222222222;2,5;2,5;3,6;3,5
2,0;2,0;3,0;2,25;2,111111111111111;1,0;1,1666666666666667;3,4;3,25
2,0;2,0;1,5;1,75;3,6666666666666665;1,0;1,8333333333333333;2,6;2,5
2,0;2,0;4,0;2,75;4,222222222222222;1,0;1,0;4,0;3,75
1,0;2,0;3,5;3,25;3,4444444444444446;2,0;2,6666666666666665;3,2;3,25
1,0;2,0;4,0;3,0;1,6666666666666667;1,0;3,0;2,8;3,25
1,0;2,0;1,5;1,75;1,7777777777777777;1,0;3,6666666666666665;2,8;1,25
1,0;2,0;4,0;3,75;4,222222222222222;3,5;2,3333333333333335;3,2;3,25
1,0;2,0;3,0;4,0;4,444444444444445;2,5;4,0;4,0;3,25
1,0;2,0;3,0;2,25;3,111111111111111;1,0;2,0;3,4;3,5
1,0;2,0;4,5;2,75;3,5555555555555554;2,5;2,8333333333333335;3,0;3,75
1,0;2,0;3,0;1,0;1,0;1,0;1,0;3,8;4,0
1,0;2,0;1,0;3,75;3,888888888888889;3,5;2,1666666666666665;3,2;2,25
1,0;2,0;2,5;3,25;3,0;1,0;3,3333333333333335;3,4;3,5
1,0;4,0;5,0;3,25;2,0;1,0;1,5;3,8;3,5
1,0;4,0;5,0;2,5;1,3333333333333333;1,0;1,0;3,2;2,5
1,0;4,0;3,5;3,75;2,111111111111111;1,0;2,5;3,4;4,0
1,0;4,0;4,0;3,0;4,111111111111111;2,0;2,6666666666666665;2,8;3,5
1,0;4,0;5,0;2,75;2,5555555555555554;1,0;4,0;4,0;4,0
1,0;4,0;3,0;4,0;4,222222222222222;2,5;3,0;3,0;3,0
1,0;4,0;4,5;3,25;4,444444444444445;1,0;3,5;3,6;3,0
1,0;4,0;4,0;4,25;5,0;3,5;2,8333333333333335;3,0;2,75
1,0;4,0;5,0;4,25;2,0;1,0;2,1666666666666665;3,0;3,25
1,0;4,0;3,0;2,25;4,111111111111111;2,0;2,0;3,2;3,5
2,0;2,0;2,0;1,75;4,666666666666667;3,0;2,0;3,6;2,5
2,0;2,0;4,5;5,0;2,3333333333333335;1,0;1,6666666666666667;2,6;3,75
2,0;2,0;3,5;3,5;3,0;3,0;1,3333333333333333;3,4;3,25
2,0;2,0;4,0;2,75;4,111111111111111;4,0;3,5;3,8;4,0
2,0;2,0;3,0;3,0;3,4444444444444446;3,0;2,6666666666666665;3,6;3,75
2,0;2,0;4,5;3,0;3,0;3,0;1,3333333333333333;3,8;3,0
2,0;2,0;3,0;2,5;5,0;5,0;4,0;3,2;3,0
2,0;2,0;1,0;2,5;2,888888888888889;1,0;3,1666666666666665;3,4;3,75
2,0;2,0;4,5;4,0;4,111111111111111;4,5;4,0;3,4;3,25
2,0;2,0;5,0;4,5;3,3333333333333335;3,5;1,3333333333333333;3,2;3,5
1,0;1,0;4,0;2,75;5,0;5,0;1,0;4,0;4,0
1,0;1,0;2,0;2,0;3,7777777777777777;3,5;2,6666666666666665;3,2;3,75
1,0;1,0;4,5;3,75;3,2222222222222223;4,0;3,6666666666666665;3,8;4,0
1,0;2,0;2,0;2,75;4,222222222222222;1,0;2,3333333333333335;2,2;3,75
1,0;2,0;1,0;2,5;3,7777777777777777;1,0;2,0;2,6;3,0
1,0;2,0;5,0;5,0;4,444444444444445;4,0;2,6666666666666665;4,0;4,0
1,0;2,0;1,0;1,75;3,4444444444444446;4,0;1,5;2,2;2,25
1,0;2,0;2,5;3,75;3,3333333333333335;1,0;1,1666666666666667;2,6;3,0
1,0;2,0;3,0;3,5;3,4444444444444446;3,0;3,0;3,0;2,5
1,0;2,0;4,0;3,25;2,7777777777777777;2,5;1,0;2,2;1,75
1,0;2,0;1,0;2,0;2,888888888888889;1,5;1,0;3,4;3,75
1,0;2,0;3,5;3,75;3,888888888888889;2,0;3,6666666666666665;3,4;3,75
1,0;2,0;1,5;3,0;3,2222222222222223;1,0;2,8333333333333335;2,6;2,75
1,0;1,0;3,0;1,75;4,444444444444445;3,5;3,8333333333333335;2,8;3,25
1,0;1,0;1,5;1,0;2,111111111111111;2,5;3,1666666666666665;3,4;3,5
1,0;1,0;4,5;2,5;2,6666666666666665;1,0;2,0;3,8;3,75
1,0;1,0;1,5;2,75;3,2222222222222223;2,0;2,8333333333333335;4,0;3,75
1,0;1,0;1,5;3,75;4,111111111111111;4,0;2,5;3,8;3,25
2,0;3,0;4,5;2,0;4,333333333333333;1,0;1,3333333333333333;3,2;3,0
2,0;3,0;3,5;3,0;4,888888888888889;3,5;2,6666666666666665;3,0;3,0
2,0;3,0;2,0;2,25;3,4444444444444446;3,0;3,5;2,6;2,25
2,0;3,0;2,5;2,5;5,0;3,0;1,5;1,4;1,5
2,0;3,0;2,5;2,0;4,222222222222222;3,0;1,8333333333333333;1,8;1,75
2,0;3,0;4,0;2,25;5,0;4,0;4,0;1,2;1,0
2,0;3,0;2,0;2,5;4,888888888888889;4,5;1,5;2,2;1,5
2,0;3,0;2,5;2,0;4,555555555555555;2,0;2,6666666666666665;1,8;2,75
2,0;3,0;3,0;2,0;4,777777777777778;2,5;4,0;2,2;2,25
2,0;3,0;4,5;2,25;4,333333333333333;3,5;3,5;2,8;2,25
2,0;3,0;4,0;3,0;4,555555555555555;3,5;2,8333333333333335;3,0;3,0
2,0;3,0;3,5;2,25;4,222222222222222;2,0;2,3333333333333335;3,0;3,0
2,0;3,0;3,5;2,5;3,0;1,0;2,0;2,8;4,0
2,0;3,0;4,0;2,0;4,444444444444445;3,0;3,6666666666666665;2,0;2,75
2,0;3,0;2,0;2,5;3,111111111111111;1,5;3,0;2,8;2,75
2,0;3,0;3,5;3,5;5,0;3,0;2,3333333333333335;3,4;4,0
2,0;3,0;4,0;2,5;2,6666666666666665;1,0;1,8333333333333333;3,0;2,75
2,0;3,0;3,0;2,75;4,333333333333333;2,0;2,3333333333333335;2,8;2,5
2,0;3,0;4,0;3,0;3,5555555555555554;1,0;2,3333333333333335;3,0;3,0
2,0;3,0;5,0;2,5;4,444444444444445;2,0;3,1666666666666665;3,4;3,0
2,0;3,0;3,0;3,5;4,888888888888889;2,0;2,0;1,4;1,75
2,0;3,0;4,5;3,25;4,666666666666667;3,5;3,0;3,2;3,75
2,0;3,0;3,5;2,75;4,111111111111111;4,5;2,5;2,4;2,75
2,0;3,0;3,5;4,25;5,0;5,0;2,1666666666666665;3,4;3,5
2,0;3,0;4,0;3,75;4,555555555555555;2,0;3,6666666666666665;3,2;3,0
2,0;3,0;2,5;4,0;4,333333333333333;2,5;2,5;3,2;3,5
2,0;3,0;4,0;2,75;4,333333333333333;1,5;2,5;2,6;3,25
2,0;3,0;2,5;2,75;4,111111111111111;1,0;2,0;2,8;2,75
2,0;3,0;2,5;2,25;4,333333333333333;1,0;2,8333333333333335;3,0;2,75
2,0;3,0;3,0;3,0;4,111111111111111;3,5;2,8333333333333335;3,0;3,0
1,0;2,0;1,0;1,0;3,0;3,0;1,5;3,6;4,0
1,0;2,0;5,0;1,5;2,5555555555555554;1,0;3,6666666666666665;2,8;2,5
1,0;2,0;3,0;1,5;3,2222222222222223;1,0;3,6666666666666665;3,4;3,0
1,0;2,0;1,5;1,25;2,3333333333333335;1,0;2,3333333333333335;2,4;2,25
1,0;2,0;3,0;2,25;3,111111111111111;1,0;1,5;3,2;2,75
1,0;2,0;2,5;1,5;4,666666666666667;2,5;3,8333333333333335;3,0;2,5
1,0;2,0;1,5;1,25;5,0;4,5;3,3333333333333335;3,2;3,0
1,0;2,0;3,0;3,75;3,2222222222222223;4,0;1,6666666666666667;2,6;3,25
1,0;2,0;1,0;1,0;1,6666666666666667;1,0;1,0;3,6;1,25
1,0;2,0;3,0;1,75;4,666666666666667;5,0;3,8333333333333335;2,2;2,0
1,0;3,0;5,0;3,25;3,7777777777777777;4,0;2,5;2,8;2,5
1,0;3,0;2,0;3,25;3,7777777777777777;3,0;1,1666666666666667;3,4;3,0
1,0;3,0;4,5;3,0;4,444444444444445;2,0;2,3333333333333335;2,6;2,25
1,0;3,0;4,0;3,5;3,5555555555555554;2,0;3,8333333333333335;3,4;3,5
1,0;3,0;5,0;4,0;4,0;4,0;1,0;3,0;3,0
1,0;3,0;1,5;2,25;3,888888888888889;1,0;2,8333333333333335;2,6;2,75
1,0;3,0;2,0;2,75;3,7777777777777777;2,0;1,0;3,2;3,75
1,0;3,0;2,0;2,5;4,0;2,5;3,1666666666666665;2,8;2,5
1,0;3,0;3,0;1,75;1,7777777777777777;1,0;2,6666666666666665;2,0;2,5
1,0;3,0;4,0;2,75;2,2222222222222223;1,5;3,3333333333333335;2,8;2,75
2,0;2,0;1,5;2,0;3,0;1,0;3,6666666666666665;2,8;1,5
2,0;2,0;1,5;1,75;3,6666666666666665;1,0;3,1666666666666665;3,0;3,25
2,0;2,0;4,5;2,5;3,6666666666666665;1,0;3,0;3,0;3,5
2,0;2,0;4,0;2,75;4,555555555555555;2,5;2,8333333333333335;3,6;3,25
2,0;2,0;2,0;2,0;3,2222222222222223;2,0;2,5;2,4;2,0
2,0;2,0;3,0;2,5;3,7777777777777777;2,0;3,0;3,2;3,0
2,0;2,0;2,0;2,5;3,7777777777777777;2,5;1,8333333333333333;3,0;2,5
2,0;2,0;3,0;1,5;4,111111111111111;2,5;3,8333333333333335;2,2;2,75
2,0;2,0;4,5;4,0;4,333333333333333;4,0;3,3333333333333335;3,2;3,25
2,0;2,0;4,5;2,0;4,888888888888889;4,0;4,0;2,2;1,75
2,0;4,0;4,0;4,25;3,888888888888889;3,5;3,3333333333333335;2,4;3,25
2,0;4,0;3,0;2,25;3,3333333333333335;3,0;2,0;3,0;2,5
2,0;4,0;4,5;4,0;3,6666666666666665;3,5;3,3333333333333335;3,0;2,75
2,0;4,0;4,0;2,5;4,888888888888889;5,0;3,3333333333333335;2,2;2,25
2,0;4,0;3,0;3,0;3,6666666666666665;2,0;3,0;3,0;2,75
2,0;4,0;4,0;2,75;2,3333333333333335;1,0;2,3333333333333335;2,8;2,75
2,0;4,0;4,0;3,5;4,222222222222222;2,5;2,6666666666666665;3,2;2,75
2,0;4,0;3,5;3,5;3,0;2,0;2,6666666666666665;2,4;2,25
2,0;4,0;3,0;2,75;4,555555555555555;2,0;3,6666666666666665;3,2;3,5
2,0;4,0;2,5;2,25;4,444444444444445;3,5;3,5;2,8;3,0
1,0;1,0;1,5;3,0;3,888888888888889;1,0;2,3333333333333335;3,4;3,5
1,0;1,0;1,0;1,25;3,111111111111111;1,0;3,0;3,4;3,0
1,0;1,0;1,5;2,0;4,888888888888889;4,0;3,8333333333333335;2,4;1,75
1,0;1,0;4,5;1,75;3,7777777777777777;2,5;3,3333333333333335;3,2;2,5
1,0;1,0;3,0;2,25;4,0;4,0;2,1666666666666665;3,0;3,0
1,0;1,0;2,0;2,25;3,111111111111111;1,0;1,0;3,2;3,0
1,0;1,0;1,5;2,5;3,0;1,0;3,5;3,4;2,75
1,0;1,0;4,5;3,75;1,8888888888888888;2,5;2,0;3,6;3,5
1,0;1,0;3,0;3,0;3,4444444444444446;2,5;3,1666666666666665;2,8;3,5
1,0;4,0;4,0;3,5;4,0;4,0;3,1666666666666665;2,6;3,0
1,0;4,0;5,0;5,0;3,6666666666666665;3,0;2,0;3,4;3,0
1,0;4,0;1,0;1,0;3,0;3,0;1,0;2,8;2,0
1,0;4,0;3,0;4,0;4,0;3,0;3,3333333333333335;3,0;2,75
1,0;4,0;4,5;3,5;4,111111111111111;3,0;3,8333333333333335;3,0;3,75
1,0;4,0;2,0;3,0;3,0;2,0;2,1666666666666665;3,2;2,75
1,0;4,0;3,5;3,0;3,111111111111111;3,0;3,0;2,8;3,0
1,0;4,0;4,0;3,25;3,3333333333333335;3,5;2,0;2,0;3,0
1,0;4,0;4,5;3,75;3,4444444444444446;2,5;2,8333333333333335;2,0;2,25
1,0;4,0;3,0;4,25;3,888888888888889;3,5;2,1666666666666665;3,0;3,0
2,0;2,0;4,5;2,25;2,888888888888889;1,0;3,6666666666666665;2,8;2,5
2,0;2,0;3,5;1,75;2,2222222222222223;2,5;3,5;2,6;3,0
2,0;2,0;2,0;1,5;1,6666666666666667;1,0;3,5;3,0;2,25
2,0;2,0;4,0;2,5;4,333333333333333;3,5;3,6666666666666665;3,6;3,5
2,0;2,0;2,5;2,75;3,2222222222222223;3,0;2,6666666666666665;3,6;3,5
2,0;2,0;5,0;3,75;3,3333333333333335;3,5;3,1666666666666665;3,4;3,75
2,0;2,0;2,5;2,0;4,0;2,5;1,1666666666666667;3,8;3,75
2,0;2,0;4,0;4,0;1,8888888888888888;2,0;2,1666666666666665;3,2;3,5
2,0;2,0;2,0;2,5;4,555555555555555;3,5;2,1666666666666665;3,8;3,25
2,0;2,0;2,5;2,75;3,4444444444444446;1,0;4,0;2,4;2,25
1,0;3,0;3,0;3,0;4,555555555555555;1,0;3,8333333333333335;3,6;3,5
1,0;3,0;5,0;3,0;4,444444444444445;1,0;2,8333333333333335;3,6;3,75
1,0;3,0;3,5;1,5;3,5555555555555554;1,5;2,5;2,4;3,0
1,0;3,0;4,0;4,5;2,2222222222222223;1,0;4,0;3,0;2,25
1,0;3,0;5,0;3,5;3,2222222222222223;2,0;3,5;3,8;2,5
1,0;3,0;5,0;2,75;4,888888888888889;5,0;4,0;3,4;4,0
1,0;3,0;5,0;3,75;4,555555555555555;3,0;3,1666666666666665;3,6;3,0
1,0;3,0;4,0;3,75;4,444444444444445;3,0;3,1666666666666665;3,0;3,0
1,0;3,0;3,5;3,25;3,2222222222222223;1,0;3,3333333333333335;2,4;2,75
1,0;3,0;5,0;4,25;4,666666666666667;5,0;4,0;3,0;2,0
2,0;2,0;3,5;3,25;2,3333333333333335;1,0;1,1666666666666667;3,4;3,5
2,0;2,0;3,5;2,5;3,7777777777777777;3,5;2,3333333333333335;3,2;4,0
2,0;2,0;3,0;1,75;2,4444444444444446;1,0;1,6666666666666667;2,4;2,5
2,0;2,0;4,5;4,75;4,666666666666667;5,0;3,1666666666666665;3,0;3,25
2,0;2,0;4,5;3,25;2,888888888888889;2,0;2,8333333333333335;4,0;3,5
2,0;2,0;5,0;3,25;3,6666666666666665;3,0;2,5;2,8;2,75
2,0;2,0;1,0;2,25;3,5555555555555554;2,5;2,1666666666666665;3,6;3,75
2,0;2,0;3,0;3,0;4,888888888888889;4,0;3,5;3,2;3,5
2,0;2,0;1,5;3,25;3,7777777777777777;3,5;2,3333333333333335;2,8;2,5
2,0;2,0;4,5;4,25;4,222222222222222;3,5;2,0;2,8;2,25
1,0;1,0;1,5;3,0;3,5555555555555554;2,5;2,8333333333333335;3,2;2,75
1,0;1,0;2,5;2,75;3,0;1,5;4,0;2,6;3,0
1,0;1,0;5,0;2,5;2,7777777777777777;1,0;1,1666666666666667;2,6;2,75
1,0;1,0;3,0;2,25;4,888888888888889;3,5;2,8333333333333335;3,4;3,75
1,0;1,0;5,0;5,0;4,333333333333333;3,0;3,0;3,6;4,0
1,0;1,0;3,0;3,0;2,6666666666666665;2,5;1,1666666666666667;3,0;3,5
1,0;1,0;4,5;2,5;3,7777777777777777;1,0;3,1666666666666665;3,4;3,0
1,0;1,0;3,5;3,0;4,333333333333333;2,5;3,8333333333333335;3,4;4,0
1,0;1,0;4,5;2,5;4,111111111111111;3,0;2,8333333333333335;3,8;3,25
1,0;1,0;4,5;4,0;4,0;4,0;3,1666666666666665;3,6;3,0
1,0;1,0;2,0;3,25;4,555555555555555;4,5;2,3333333333333335;3,8;2,75
1,0;1,0;3,0;4,0;4,0;4,0;4,0;3,6;3,75
1,0;2,0;1,0;2,25;3,6666666666666665;1,5;4,0;3,4;3,75
1,0;2,0;2,0;2,25;4,333333333333333;2,5;3,0;3,2;3,5
1,0;2,0;1,5;2,25;2,0;2,0;1,0;3,0;2,75
1,0;2,0;5,0;4,5;4,0;4,5;4,0;4,0;3,75
1,0;2,0;2,0;2,25;3,888888888888889;3,0;2,8333333333333335;2,6;3,25
1,0;2,0;4,0;3,25;3,888888888888889;3,0;4,0;3,0;3,25
1,0;2,0;4,5;3,5;4,0;4,0;3,3333333333333335;3,0;3,0
1,0;2,0;1,5;2,25;2,0;1,0;2,1666666666666665;2,6;2,0
1,0;2,0;3,5;3,75;4,777777777777778;4,0;1,0;3,2;3,75
1,0;2,0;1,5;2,75;2,888888888888889;4,0;3,1666666666666665;3,2;3,75
1,0;2,0;3,5;2,25;2,888888888888889;2,0;1,3333333333333333;2,8;3,75
1,0;2,0;3,5;3,25;3,888888888888889;3,0;2,1666666666666665;3,4;3,75
1,0;2,0;4,5;3,75;4,0;1,0;2,5;2,8;3,25
1,0;2,0;4,0;2,5;3,5555555555555554;3,0;2,1666666666666665;3,6;3,75
1,0;2,0;1,5;2,75;1,7777777777777777;1,0;3,0;2,6;2,75
1,0;2,0;4,0;3,25;2,7777777777777777;2,0;2,8333333333333335;3,8;3,5
1,0;2,0;5,0;4,5;4,333333333333333;3,0;2,3333333333333335;3,6;4,0
1,0;2,0;3,5;3,25;4,888888888888889;3,5;3,0;3,0;2,75
1,0;2,0;2,5;3,25;3,3333333333333335;1,0;4,0;3,4;3,5
1,0;2,0;2,5;3,75;3,888888888888889;4,5;1,8333333333333333;3,6;3,0
2,0;2,0;3,5;1,25;2,4444444444444446;1,0;2,0;3,4;3,5
2,0;2,0;2,0;1,0;2,0;1,0;2,3333333333333335;3,6;3,5
2,0;2,0;1,5;2,75;2,0;1,0;1,3333333333333333;2,8;2,0
2,0;2,0;4,5;3,75;3,7777777777777777;3,0;3,0;3,0;2,25
2,0;2,0;2,0;2,75;4,111111111111111;3,0;2,1666666666666665;3,0;3,0
2,0;2,0;3,5;2,0;1,0;1,0;1,0;3,6;3,5
2,0;2,0;3,0;3,25;3,888888888888889;3,0;3,3333333333333335;3,2;3,25
2,0;2,0;3,0;2,0;3,111111111111111;3,5;2,8333333333333335;3,0;3,25
2,0;2,0;1,0;1,25;1,2222222222222223;1,5;1,0;4,0;3,5
2,0;2,0;3,5;3,5;2,0;1,0;1,6666666666666667;3,6;4,0
2,0;3,0;4,0;4,0;4,555555555555555;4,5;2,1666666666666665;3,6;3,0
2,0;3,0;3,0;2,5;4,0;3,0;1,6666666666666667;3,2;1,5
2,0;3,0;3,5;2,75;3,4444444444444446;1,0;3,5;3,0;3,0
2,0;3,0;4,0;4,5;4,555555555555555;4,0;3,6666666666666665;3,6;3,25
2,0;3,0;3,0;3,5;4,0;2,5;3,8333333333333335;2,2;2,5
2,0;3,0;5,0;3,25;3,888888888888889;3,0;3,3333333333333335;2,6;3,0
2,0;3,0;4,0;4,0;1,0;1,0;1,0;2,8;2,5
2,0;3,0;2,5;2,5;4,222222222222222;3,0;3,1666666666666665;3,0;3,0
2,0;3,0;4,5;3,25;4,888888888888889;2,5;3,3333333333333335;2,8;2,5
2,0;3,0;3,0;3,0;4,0;3,5;3,0;3,0;2,5
2,0;4,0;2,5;2,75;4,444444444444445;3,5;2,3333333333333335;3,0;3,0
2,0;4,0;5,0;3,75;4,555555555555555;4,5;3,3333333333333335;3,8;4,0
2,0;4,0;4,0;2,75;5,0;5,0;4,0;4,0;3,5
2,0;4,0;2,5;2,5;4,333333333333333;3,5;2,6666666666666665;3,8;3,25
2,0;4,0;3,0;4,25;4,666666666666667;4,0;3,5;3,4;3,5
2,0;4,0;1,0;2,25;4,777777777777778;2,5;3,6666666666666665;2,0;2,25
2,0;4,0;5,0;5,0;4,0;2,0;2,8333333333333335;4,0;4,0
2,0;4,0;2,5;3,0;4,0;3,0;3,6666666666666665;2,6;2,0
2,0;4,0;4,5;4,25;4,222222222222222;4,0;3,0;3,2;3,25
2,0;4,0;2,0;3,75;4,555555555555555;3,0;3,3333333333333335;3,6;2,75
2,0;4,0;4,0;3,25;3,4444444444444446;2,5;3,0;2,6;2,75
2,0;4,0;3,0;3,25;3,3333333333333335;2,0;3,1666666666666665;3,0;3,25
2,0;4,0;5,0;3,25;4,888888888888889;4,0;3,5;2,6;2,25
2,0;4,0;2,0;2,75;4,444444444444445;2,5;2,6666666666666665;3,0;3,0
2,0;4,0;4,0;2,75;3,7777777777777777;2,0;2,1666666666666665;2,8;2,75
2,0;4,0;2,0;3,0;5,0;3,0;2,0;3,8;3,75
2,0;4,0;2,0;3,0;4,0;2,5;2,1666666666666665;3,2;3,5
2,0;4,0;5,0;3,75;4,111111111111111;2,5;3,6666666666666665;2,4;2,25
2,0;4,0;5,0;4,25;5,0;5,0;2,6666666666666665;4,0;3,75
2,0;4,0;4,0;5,0;5,0;4,5;3,6666666666666665;3,0;3,0
1,0;1,0;2,0;2,75;3,2222222222222223;3,0;2,3333333333333335;2,4;3,0
1,0;1,0;3,5;3,75;4,222222222222222;1,0;1,0;3,4;3,5
1,0;1,0;3,0;3,25;1,3333333333333333;2,5;3,1666666666666665;3,4;3,0
1,0;1,0;4,0;3,5;3,7777777777777777;3,0;3,8333333333333335;3,6;3,75
1,0;1,0;3,5;3,0;3,0;1,0;2,6666666666666665;3,2;3,25
1,0;1,0;1,0;2,25;2,3333333333333335;3,0;3,5;3,4;3,0
1,0;1,0;2,5;3,0;3,888888888888889;3,0;1,3333333333333333;3,0;3,0
1,0;1,0;1,5;4,25;2,6666666666666665;1,0;2,6666666666666665;3,6;3,25
1,0;1,0;3,5;3,25;3,5555555555555554;2,5;3,3333333333333335;3,2;2,75
1,0;2,0;1,5;2,25;3,2222222222222223;2,0;3,3333333333333335;2,8;2,5
1,0;2,0;2,0;2,5;4,111111111111111;1,0;2,1666666666666665;3,0;2,25
1,0;2,0;1,0;2,5;1,5555555555555556;1,0;1,0;4,0;3,25
1,0;2,0;2,5;1,75;4,222222222222222;4,0;4,0;3,0;3,25
1,0;2,0;1,5;2,0;3,888888888888889;3,0;2,0;3,6;3,75
1,0;2,0;2,0;2,0;4,0;1,5;2,6666666666666665;3,2;3,25
1,0;2,0;2,5;2,0;3,5555555555555554;1,0;1,6666666666666667;2,6;2,25
1,0;2,0;3,0;3,25;3,7777777777777777;3,5;4,0;3,0;3,0
1,0;2,0;1,0;1,25;1,0;1,0;3,8333333333333335;1,8;1,25
1,0;2,0;3,5;2,5;4,222222222222222;3,5;1,0;3,0;3,0
1,0;2,0;5,0;4,0;3,111111111111111;1,0;3,3333333333333335;3,8;3,5
1,0;2,0;4,0;4,0;3,7777777777777777;4,0;3,6666666666666665;3,2;3,25
1,0;2,0;5,0;2,5;3,7777777777777777;2,0;2,5;3,8;3,75
1,0;2,0;2,0;1,5;4,444444444444445;5,0;4,0;2,2;2,5
1,0;2,0;3,0;1,75;1,0;1,0;1,0;3,6;3,5
1,0;2,0;1,5;1,25;1,8888888888888888;1,0;2,0;2,8;2,75
1,0;2,0;3,0;2,75;3,888888888888889;3,0;2,1666666666666665;3,0;2,25
1,0;2,0;2,0;3,5;4,777777777777778;5,0;3,0;4,0;4,0
1,0;2,0;4,5;2,0;5,0;2,0;4,0;3,4;2,75
1,0;2,0;5,0;3,0;4,333333333333333;3,0;3,0;3,4;3,75
1,0;3,0;4,0;4,25;4,666666666666667;5,0;3,3333333333333335;3,4;2,75
1,0;3,0;2,0;3,5;4,666666666666667;1,0;1,0;3,6;4,0
1,0;3,0;3,5;2,25;2,3333333333333335;1,0;2,1666666666666665;2,4;2,5
1,0;3,0;4,0;3,5;3,4444444444444446;1,0;3,1666666666666665;3,6;4,0
1,0;3,0;2,0;3,0;4,333333333333333;3,0;1,3333333333333333;2,8;2,25
1,0;3,0;2,0;3,75;2,7777777777777777;2,5;1,0;3,6;2,5
1,0;3,0;3,0;4,0;4,555555555555555;4,0;1,5;3,8;4,0
1,0;3,0;4,0;3,25;4,777777777777778;1,0;3,1666666666666665;3,2;3,0
1,0;3,0;1,5;3,5;4,0;2,5;3,3333333333333335;3,2;1,5
1,0;3,0;4,0;4,0;4,0;4,0;2,8333333333333335;3,2;3,0
1,0;2,0;1,5;2,5;3,4444444444444446;3,0;3,5;2,6;3,25
1,0;2,0;4,0;3,0;4,111111111111111;2,5;2,3333333333333335;3,0;3,5
1,0;2,0;4,5;3,25;4,888888888888889;3,0;3,5;3,0;3,25
1,0;2,0;3,5;3,0;5,0;4,5;3,6666666666666665;3,0;3,25
1,0;2,0;3,0;4,0;3,7777777777777777;3,0;2,8333333333333335;3,2;3,25
1,0;2,0;2,0;2,75;3,6666666666666665;1,0;3,0;3,2;2,5
1,0;2,0;2,5;2,75;3,111111111111111;3,5;1,6666666666666667;3,4;3,0
1,0;2,0;4,0;3,0;4,111111111111111;3,5;2,6666666666666665;3,2;2,75
1,0;2,0;1,5;3,25;3,3333333333333335;1,0;1,3333333333333333;3,2;3,5
1,0;2,0;2,5;2,75;4,222222222222222;4,0;1,5;3,0;3,0
1,0;2,0;1,0;3,25;3,6666666666666665;1,0;1,0;3,4;3,5
1,0;2,0;5,0;2,5;3,5555555555555554;1,0;1,6666666666666667;3,4;3,5
1,0;2,0;2,5;2,0;2,3333333333333335;1,0;2,6666666666666665;3,2;3,0
1,0;2,0;4,0;4,75;3,7777777777777777;3,0;2,8333333333333335;3,6;4,0
1,0;2,0;5,0;3,25;4,555555555555555;2,5;3,8333333333333335;2,6;3,0
1,0;2,0;3,5;3,5;4,0;4,0;2,0;1,6;1,5
1,0;2,0;4,5;4,5;5,0;5,0;2,6666666666666665;3,6;4,0
1,0;2,0;4,0;3,0;4,111111111111111;4,0;3,3333333333333335;3,8;3,5
1,0;2,0;2,0;3,75;3,0;1,5;1,3333333333333333;3,4;3,0
1,0;2,0;4,0;3,5;4,666666666666667;4,0;3,5;3,6;3,75
1,0;4,0;4,0;3,25;4,0;3,0;2,3333333333333335;2,8;2,5
1,0;4,0;5,0;3,75;3,5555555555555554;3,0;1,0;3,0;3,0
1,0;4,0;3,0;3,75;3,0;1,0;2,6666666666666665;2,8;3,0
1,0;4,0;2,5;3,5;2,6666666666666665;1,0;2,3333333333333335;2,8;2,0
1,0;4,0;4,0;3,5;3,4444444444444446;2,5;3,0;3,2;3,25
1,0;4,0;3,0;3,25;3,888888888888889;1,0;3,6666666666666665;2,4;3,25
1,0;4,0;5,0;4,0;4,444444444444445;3,0;3,3333333333333335;3,2;3,5
1,0;4,0;2,5;3,25;2,4444444444444446;1,0;3,3333333333333335;3,6;3,0
1,0;4,0;3,0;3,75;4,0;4,0;1,8333333333333333;3,0;3,0
1,0;4,0;3,5;3,75;4,111111111111111;1,0;3,0;2,8;3,0
1,0;3,0;5,0;3,25;4,666666666666667;2,0;3,3333333333333335;3,4;3,0
1,0;3,0;3,0;2,5;3,4444444444444446;2,0;2,1666666666666665;2,4;2,25
1,0;3,0;4,5;4,25;3,7777777777777777;3,0;4,0;3,6;3,5
1,0;3,0;4,0;2,75;3,6666666666666665;2,0;2,5;2,8;3,0
1,0;3,0;4,0;2,0;3,7777777777777777;2,0;2,5;3,6;2,75
1,0;3,0;4,5;3,0;1,1111111111111112;1,0;2,8333333333333335;3,4;3,25
1,0;3,0;4,5;3,0;4,333333333333333;1,0;2,5;3,4;2,75
1,0;3,0;4,0;3,5;4,444444444444445;2,0;2,8333333333333335;3,2;2,75
1,0;3,0;3,5;3,5;4,444444444444445;4,5;3,0;3,0;2,5
1,0;3,0;2,0;2,75;3,4444444444444446;3,0;1,0;2,8;2,75
1,0;2,0;3,5;2,25;3,2222222222222223;1,0;2,8333333333333335;3,6;3,25
1,0;2,0;2,0;2,0;1,3333333333333333;2,0;2,0;3,8;3,25
1,0;2,0;3,5;3,75;3,5555555555555554;2,0;2,0;3,2;2,25
1,0;2,0;5,0;2,0;3,4444444444444446;3,0;3,3333333333333335;3,6;3,5
1,0;2,0;1,5;2,25;3,0;2,5;1,6666666666666667;2,4;2,25
1,0;2,0;2,5;3,75;2,888888888888889;1,0;2,6666666666666665;3,4;3,0
1,0;2,0;5,0;3,0;4,555555555555555;5,0;2,1666666666666665;3,4;3,5
1,0;2,0;2,0;3,25;3,111111111111111;2,5;3,0;3,0;3,0
1,0;2,0;2,5;2,0;2,4444444444444446;2,5;3,6666666666666665;3,6;3,5
1,0;2,0;4,5;3,5;3,3333333333333335;2,5;2,3333333333333335;3,4;3,75
1,0;2,0;2,5;3,0;4,0;4,0;3,0;2,6;2,25
1,0;2,0;2,0;5,0;4,333333333333333;4,5;4,0;3,0;3,0
1,0;2,0;1,0;2,5;3,2222222222222223;1,0;3,5;2,2;2,25
1,0;2,0;1,5;2,0;3,888888888888889;2,0;2,5;2,4;1,5
1,0;2,0;2,0;3,0;3,111111111111111;3,5;2,5;3,4;3,0
1,0;2,0;1,0;2,5;2,4444444444444446;1,0;3,3333333333333335;2,8;2,25
1,0;2,0;3,0;4,5;3,6666666666666665;4,0;1,3333333333333333;3,8;3,75
1,0;2,0;1,0;2,5;3,3333333333333335;2,0;3,1666666666666665;2,6;2,75
1,0;2,0;1,0;2,25;3,7777777777777777;5,0;3,0;3,8;3,5
1,0;2,0;5,0;3,75;3,4444444444444446;3,0;2,6666666666666665;3,0;3,25
1,0;1,0;3,5;4,25;3,888888888888889;4,0;2,0;3,2;4,0
1,0;1,0;4,0;2,5;2,888888888888889;4,0;1,0;4,0;4,0
1,0;1,0;2,5;2,75;2,2222222222222223;1,5;2,0;3,2;3,5
3,0;3,0;4,5;1,75;4,555555555555555;1,5;2,3333333333333335;2,0;2,5
3,0;3,0;3,0;2,0;4,222222222222222;2,5;2,3333333333333335;2,8;2,5
3,0;3,0;3,5;2,0;4,444444444444445;3,0;3,0;3,0;2,75
3,0;3,0;3,0;2,5;4,0;2,5;3,3333333333333335;3,4;3,25
3,0;3,0;4,0;3,0;3,888888888888889;2,5;3,0;2,6;3,25
3,0;3,0;3,0;2,5;4,444444444444445;1,0;3,6666666666666665;2,0;2,25
3,0;3,0;4,5;3,0;4,888888888888889;2,5;4,0;3,2;3,5
3,0;3,0;5,0;2,0;3,7777777777777777;1,5;3,3333333333333335;2,2;3,0
3,0;3,0;5,0;3,25;4,0;2,5;2,6666666666666665;2,4;2,75
3,0;3,0;4,0;2,0;4,222222222222222;3,0;1,8333333333333333;2,0;2,75
2,0;3,0;5,0;5,0;4,0;3,5;3,0;2,8;4,0
2,0;3,0;5,0;3,0;4,888888888888889;5,0;4,0;3,0;2,5
2,0;3,0;5,0;5,0;3,888888888888889;2,0;3,1666666666666665;1,4;2,75
2,0;3,0;4,5;4,25;3,4444444444444446;1,0;1,8333333333333333;2,8;3,75
2,0;3,0;4,0;2,75;4,777777777777778;3,0;2,8333333333333335;2,8;3,0
2,0;3,0;3,0;3,25;5,0;5,0;2,3333333333333335;2,4;2,5
2,0;3,0;4,0;2,75;4,0;2,5;3,5;3,0;3,0
2,0;3,0;1,5;2,5;4,666666666666667;4,0;3,3333333333333335;2,2;1,75
2,0;3,0;2,5;2,75;4,777777777777778;4,0;1,6666666666666667;2,8;1,75
2,0;3,0;4,0;2,75;4,555555555555555;1,0;2,6666666666666665;3,0;2,75
1,0;1,0;4,0;2,25;3,5555555555555554;2,0;2,8333333333333335;3,0;3,5
1,0;1,0;1,5;1,5;2,2222222222222223;4,5;2,6666666666666665;3,8;3,5
1,0;1,0;5,0;5,0;4,0;4,0;3,0;3,6;3,75
1,0;2,0;5,0;2,5;4,555555555555555;1,0;3,1666666666666665;3,2;4,0
1,0;2,0;2,0;3,0;3,6666666666666665;3,0;2,3333333333333335;3,4;3,25
1,0;2,0;2,0;3,5;4,666666666666667;3,0;2,6666666666666665;3,8;4,0
1,0;2,0;3,5;4,5;3,888888888888889;3,0;1,8333333333333333;2,8;3,25
1,0;2,0;1,0;4,75;4,444444444444445;1,0;1,1666666666666667;3,2;2,75
1,0;2,0;2,5;2,75;2,3333333333333335;2,5;1,8333333333333333;2,8;2,5
1,0;2,0;2,0;3,0;4,777777777777778;4,0;2,8333333333333335;4,0;4,0
1,0;2,0;3,5;3,5;2,888888888888889;5,0;2,6666666666666665;3,4;3,25
1,0;2,0;4,0;1,5;4,888888888888889;4,0;3,0;4,0;4,0
1,0;2,0;4,5;2,5;4,0;2,5;2,5;3,8;2,75
1,0;4,0;2,5;3,25;4,333333333333333;2,0;3,3333333333333335;3,4;4,0
1,0;4,0;3,5;2,5;4,222222222222222;1,0;1,6666666666666667;3,2;3,0
1,0;4,0;4,5;3,0;4,111111111111111;1,5;2,6666666666666665;3,2;3,0
1,0;4,0;5,0;3,75;4,333333333333333;1,0;2,0;3,2;3,75
1,0;4,0;4,0;3,25;4,444444444444445;2,0;4,0;4,0;3,5
1,0;4,0;5,0;4,0;5,0;4,5;3,0;2,8;3,5
1,0;4,0;5,0;3,25;4,777777777777778;3,5;3,5;3,8;4,0
1,0;4,0;5,0;4,25;4,0;4,0;3,0;4,0;4,0
1,0;4,0;3,0;3,0;5,0;4,0;4,0;3,4;3,75
1,0;4,0;4,0;2,25;3,6666666666666665;2,0;3,0;3,0;3,0
1,0;4,0;3,0;2,75;4,555555555555555;3,0;2,6666666666666665;2,4;2,25
1,0;4,0;3,0;3,75;4,333333333333333;3,5;3,0;3,2;3,0
1,0;4,0;4,5;3,25;4,666666666666667;3,5;3,3333333333333335;2,8;3,5
1,0;4,0;3,5;3,25;4,444444444444445;3,0;2,8333333333333335;2,8;2,25
1,0;4,0;5,0;3,25;3,6666666666666665;1,0;2,5;2,0;2,75
1,0;4,0;2,5;3,0;4,444444444444445;3,0;2,6666666666666665;3,6;2,75
1,0;4,0;3,0;2,75;4,555555555555555;3,5;3,5;3,2;3,5
1,0;4,0;4,0;2,5;2,6666666666666665;1,0;1,5;3,8;2,5
1,0;4,0;4,5;3,75;4,333333333333333;4,5;3,8333333333333335;2,6;3,5
1,0;4,0;3,5;3,5;5,0;4,0;3,5;3,0;2,75
1,0;1,0;4,0;3,75;4,333333333333333;2,5;3,3333333333333335;3,6;3,25
1,0;1,0;3,0;4,75;4,555555555555555;3,5;3,1666666666666665;1,8;1,5
1,0;1,0;4,5;4,75;3,6666666666666665;4,0;3,5;3,0;3,5
2,0;3,0;5,0;3,0;4,555555555555555;4,0;2,8333333333333335;3,4;3,75
2,0;3,0;5,0;3,25;4,888888888888889;4,0;2,5;2,2;1,5
2,0;3,0;3,5;2,75;4,666666666666667;2,0;2,8333333333333335;2,2;1,75
2,0;3,0;4,5;4,0;4,777777777777778;4,5;3,3333333333333335;3,2;3,25
2,0;3,0;4,5;3,75;4,888888888888889;2,5;2,1666666666666665;3,0;3,5
2,0;3,0;5,0;5,0;4,0;4,0;2,3333333333333335;3,4;3,75
2,0;3,0;2,5;2,5;4,666666666666667;2,5;3,1666666666666665;2,6;2,75
2,0;3,0;5,0;5,0;5,0;5,0;2,0;4,0;4,0
2,0;3,0;2,5;3,25;4,0;3,0;3,3333333333333335;3,0;3,0
2,0;3,0;4,5;2,5;4,555555555555555;1,0;2,6666666666666665;2,0;2,25
1,0;1,0;3,0;2,75;3,6666666666666665;3,0;3,5;3,0;3,5
1,0;1,0;3,0;3,0;3,4444444444444446;1,5;3,6666666666666665;3,2;3,75
1,0;1,0;2,5;2,25;3,3333333333333335;1,5;2,8333333333333335;3,0;3,75
2,0;4,0;2,0;2,25;3,2222222222222223;3,5;1,5;3,2;3,5
2,0;4,0;4,5;3,0;4,222222222222222;4,5;2,3333333333333335;3,0;3,5
2,0;4,0;1,5;2,25;3,2222222222222223;1,0;3,6666666666666665;3,4;3,25
2,0;4,0;4,0;3,75;4,222222222222222;1,0;1,8333333333333333;3,2;3,25
2,0;4,0;3,0;2,25;4,444444444444445;2,0;1,8333333333333333;2,6;3,5
2,0;4,0;4,0;4,0;3,6666666666666665;2,0;2,3333333333333335;3,8;3,0
2,0;4,0;1,5;2,75;2,888888888888889;2,5;3,0;3,4;3,25
2,0;4,0;2,5;2,75;4,222222222222222;3,0;3,1666666666666665;3,0;2,75
2,0;4,0;2,5;2,25;3,0;1,0;1,0;2,8;3,0
2,0;4,0;2,0;2,5;3,5555555555555554;3,0;1,0;3,0;2,25
1,0;4,0;3,5;3,25;3,888888888888889;2,5;3,5;3,4;3,25
1,0;4,0;2,5;2,75;4,222222222222222;2,5;3,8333333333333335;2,8;2,0
1,0;4,0;3,0;2,5;3,111111111111111;1,0;2,6666666666666665;3,0;3,0
1,0;4,0;4,0;2,5;2,7777777777777777;1,0;1,0;2,8;2,25
1,0;4,0;3,5;3,25;3,5555555555555554;1,5;1,0;3,0;2,25
1,0;4,0;2,5;3,25;3,7777777777777777;2,0;2,5;3,2;2,75
1,0;4,0;4,5;4,75;4,777777777777778;4,5;2,5;3,0;2,75
1,0;4,0;5,0;2,5;4,0;2,0;4,0;2,8;2,75
1,0;4,0;2,0;3,5;4,0;3,5;2,1666666666666665;2,8;3,0
1,0;4,0;4,0;2,5;4,222222222222222;3,0;3,0;2,8;3,25
1,0;2,0;3,0;1,5;2,5555555555555554;2,0;1,0;3,8;3,5
1,0;2,0;3,0;2,75;4,222222222222222;2,0;4,0;3,0;2,75
1,0;2,0;2,0;3,0;4,555555555555555;3,5;3,1666666666666665;3,0;3,5
1,0;2,0;4,0;2,25;2,888888888888889;2,0;1,6666666666666667;3,2;2,25
1,0;2,0;1,5;3,25;2,888888888888889;2,5;3,0;1,4;1,0
1,0;2,0;5,0;5,0;3,5555555555555554;3,0;4,0;2,8;2,5
1,0;2,0;5,0;2,25;2,7777777777777777;3,0;1,5;3,8;4,0
1,0;2,0;1,5;3,0;3,5555555555555554;2,0;2,6666666666666665;3,8;4,0
1,0;2,0;5,0;3,25;3,111111111111111;1,5;4,0;2,4;2,5
1,0;2,0;3,5;4,0;2,7777777777777777;3,0;3,6666666666666665;3,2;1,5
1,0;2,0;5,0;3,0;2,4444444444444446;1,0;1,5;3,6;4,0
1,0;2,0;1,5;2,75;2,3333333333333335;1,5;1,3333333333333333;3,8;3,75
1,0;2,0;1,0;3,0;1,4444444444444444;1,0;1,0;3,2;4,0
1,0;2,0;5,0;3,75;4,777777777777778;5,0;4,0;3,6;4,0
1,0;2,0;2,5;4,5;3,2222222222222223;3,5;1,6666666666666667;3,2;3,25
1,0;2,0;4,5;3,0;2,4444444444444446;1,0;3,5;3,4;3,25
1,0;2,0;1,5;3,0;2,6666666666666665;2,5;2,8333333333333335;3,0;2,75
1,0;2,0;2,5;2,5;4,0;3,5;3,6666666666666665;3,2;3,75
1,0;2,0;2,0;2,25;2,4444444444444446;3,5;1,3333333333333333;3,2;3,75
1,0;2,0;4,5;3,5;2,3333333333333335;1,0;3,6666666666666665;3,0;3,5
1,0;1,0;4,0;3,0;3,111111111111111;2,0;3,8333333333333335;2,0;2,5
1,0;1,0;3,0;3,75;3,7777777777777777;4,0;2,8333333333333335;2,2;1,5
1,0;1,0;4,5;3,25;4,444444444444445;4,0;3,3333333333333335;3,6;3,5
1,0;2,0;5,0;1,75;2,7777777777777777;2,5;1,5;4,0;3,75
1,0;2,0;2,0;2,5;2,3333333333333335;4,0;1,6666666666666667;3,6;3,25
1,0;2,0;3,5;3,5;3,111111111111111;4,0;2,1666666666666665;3,0;2,75
1,0;2,0;3,0;3,5;3,888888888888889;4,0;2,3333333333333335;3,0;3,25
1,0;2,0;5,0;3,75;3,5555555555555554;5,0;1,3333333333333333;3,8;3,0
1,0;2,0;2,0;2,5;3,2222222222222223;4,5;2,6666666666666665;3,0;3,25
1,0;2,0;1,5;2,5;4,333333333333333;2,5;2,6666666666666665;3,0;3,5
1,0;2,0;3,5;2,5;3,7777777777777777;3,0;1,6666666666666667;3,4;3,25
1,0;2,0;4,0;2,75;4,0;3,5;2,5;3,0;3,0
1,0;2,0;2,5;3,0;2,888888888888889;1,0;1,3333333333333333;3,2;3,5
1,0;2,0;1,0;2,0;3,2222222222222223;2,0;2,5;2,6;3,0
1,0;2,0;1,5;3,25;3,6666666666666665;3,5;1,0;3,0;3,0
1,0;2,0;2,0;2,5;2,3333333333333335;1,0;2,1666666666666665;3,8;3,75
1,0;2,0;4,5;4,5;3,888888888888889;4,0;2,3333333333333335;3,2;4,0
1,0;2,0;4,0;3,75;3,888888888888889;1,5;1,8333333333333333;3,0;2,5
1,0;2,0;3,5;5,0;5,0;3,0;3,8333333333333335;4,0;3,75
1,0;2,0;4,5;2,75;4,888888888888889;4,0;3,1666666666666665;3,0;2,75
1,0;2,0;3,0;4,0;3,3333333333333335;4,0;3,1666666666666665;3,6;2,25
1,0;2,0;1,5;4,5;3,888888888888889;4,5;2,3333333333333335;3,6;3,75
1,0;2,0;3,0;2,75;2,7777777777777777;2,0;1,3333333333333333;3,8;3,5
1,0;1,0;4,0;4,25;4,444444444444445;3,0;3,5;3,8;3,5
1,0;1,0;3,0;3,5;4,111111111111111;2,5;3,3333333333333335;3,0;2,75
1,0;1,0;5,0;4,0;3,888888888888889;2,5;2,6666666666666665;3,2;2,75
1,0;1,0;1,5;3,25;3,2222222222222223;1,0;2,1666666666666665;3,0;2,75
1,0;1,0;2,0;3,25;3,0;1,0;1,6666666666666667;3,4;3,0
1,0;1,0;3,0;2,75;3,7777777777777777;3,5;3,1666666666666665;3,4;3,5
1,0;2,0;4,0;3,75;2,5555555555555554;2,5;2,3333333333333335;4,0;4,0
1,0;2,0;4,0;2,25;4,777777777777778;4,0;3,0;2,4;2,5
1,0;2,0;3,0;3,5;4,111111111111111;3,0;2,8333333333333335;3,4;3,25
1,0;2,0;2,5;4,25;4,777777777777778;3,5;1,0;2,6;2,5
1,0;2,0;2,0;2,5;3,888888888888889;3,0;3,0;2,6;1,5
1,0;2,0;5,0;4,75;4,777777777777778;2,5;3,3333333333333335;3,8;4,0
1,0;2,0;5,0;2,75;4,555555555555555;3,5;3,1666666666666665;3,4;3,5
1,0;2,0;1,5;2,75;4,0;4,0;2,0;2,6;2,75
1,0;2,0;2,5;2,5;3,2222222222222223;3,0;2,1666666666666665;4,0;4,0
1,0;2,0;5,0;4,0;4,666666666666667;4,5;3,6666666666666665;3,8;4,0
1,0;2,0;3,0;3,25;3,111111111111111;1,0;1,0;3,6;3,75
1,0;2,0;4,0;4,0;3,5555555555555554;2,5;2,0;3,2;2,75
1,0;2,0;2,0;3,25;4,222222222222222;3,5;3,5;3,0;3,5
1,0;2,0;5,0;3,25;4,444444444444445;1,0;3,6666666666666665;3,6;3,25
1,0;2,0;4,5;5,0;4,111111111111111;5,0;3,6666666666666665;3,6;3,25
1,0;2,0;3,0;2,75;3,7777777777777777;4,0;1,6666666666666667;2,6;2,75
1,0;2,0;4,0;2,25;4,444444444444445;4,5;3,6666666666666665;2,8;3,5
1,0;2,0;4,0;2,5;3,0;3,0;3,1666666666666665;3,2;2,5
1,0;2,0;1,0;3,0;2,111111111111111;1,0;1,6666666666666667;4,0;3,5
1,0;2,0;2,0;3,0;4,555555555555555;3,5;3,1666666666666665;2,6;3,0
1,0;2,0;3,0;3,5;4,0;4,0;2,1666666666666665;3,0;3,5
1,0;2,0;5,0;3,25;5,0;5,0;4,0;3,4;3,75
1,0;2,0;2,0;2,75;4,0;3,0;1,6666666666666667;3,0;2,25
1,0;2,0;5,0;5,0;5,0;5,0;3,0;4,0;4,0
1,0;2,0;2,5;2,0;3,6666666666666665;3,5;2,0;3,0;3,0
1,0;2,0;4,0;3,75;4,111111111111111;4,0;4,0;3,0;3,5
1,0;2,0;2,5;1,25;4,888888888888889;5,0;3,0;2,8;3,25
1,0;2,0;2,5;4,0;3,7777777777777777;4,5;4,0;2,6;2,5
1,0;2,0;5,0;1,75;4,666666666666667;4,0;3,1666666666666665;3,4;3,5
1,0;2,0;2,5;2,0;4,111111111111111;1,5;2,5;2,8;3,25
1,0;2,0;4,5;4,5;3,3333333333333335;3,0;2,0;3,8;3,25
1,0;2,0;4,5;3,75;3,3333333333333335;3,0;2,0;2,8;3,0
1,0;2,0;3,0;2,5;3,4444444444444446;1,0;2,0;3,6;2,0
1,0;2,0;3,0;3,25;3,5555555555555554;2,5;3,3333333333333335;3,4;3,0
1,0;2,0;2,0;2,0;3,4444444444444446;2,0;1,1666666666666667;2,2;2,5
1,0;2,0;2,0;2,5;2,111111111111111;1,0;1,1666666666666667;2,8;2,75
1,0;2,0;2,0;2,5;3,888888888888889;2,0;1,6666666666666667;3,6;3,25
1,0;2,0;3,0;3,25;3,7777777777777777;4,5;2,6666666666666665;3,2;2,75
1,0;2,0;3,0;3,0;3,7777777777777777;3,0;2,6666666666666665;3,0;2,75
1,0;2,0;2,5;2,0;3,4444444444444446;1,5;2,5;2,4;3,0
1,0;2,0;3,0;3,25;2,3333333333333335;1,0;3,6666666666666665;2,2;2,75
1,0;2,0;2,5;3,25;3,4444444444444446;1,0;4,0;2,6;2,0
1,0;2,0;3,0;2,25;3,111111111111111;1,0;1,5;1,6;3,75
1,0;2,0;1,5;1,0;4,666666666666667;1,0;1,1666666666666667;1,8;1,0
1,0;2,0;4,0;1,75;3,111111111111111;2,5;1,5;3,4;3,5
1,0;2,0;1,5;2,25;1,4444444444444444;1,0;3,1666666666666665;3,4;3,5
1,0;2,0;4,5;2,75;5,0;1,0;2,8333333333333335;3,0;4,0
1,0;2,0;4,5;5,0;3,4444444444444446;3,0;3,5;3,6;3,25
1,0;2,0;2,5;2,0;3,111111111111111;2,0;1,5;3,0;3,0
1,0;2,0;5,0;2,5;2,2222222222222223;1,0;3,5;3,0;3,5
1,0;2,0;2,5;2,25;3,6666666666666665;3,0;2,3333333333333335;3,4;3,25
1,0;2,0;5,0;2,5;3,0;1,0;2,1666666666666665;3,8;4,0
1,0;2,0;1,5;1,5;3,3333333333333335;1,0;2,1666666666666665;3,2;3,0
1,0;2,0;2,0;3,0;4,0;2,0;2,8333333333333335;3,4;3,5
1,0;2,0;1,5;1,5;1,4444444444444444;1,5;3,0;4,0;3,5
1,0;2,0;2,5;2,5;2,4444444444444446;2,5;2,8333333333333335;1,2;2,25
1,0;2,0;4,5;3,75;2,6666666666666665;1,0;2,5;3,6;3,5
1,0;2,0;1,5;3,0;4,333333333333333;2,0;3,0;2,4;2,5
1,0;2,0;5,0;3,25;3,6666666666666665;4,0;2,8333333333333335;3,4;3,0
1,0;2,0;2,5;4,0;3,3333333333333335;3,5;1,8333333333333333;3,2;3,0
1,0;4,0;4,0;3,25;4,888888888888889;4,0;3,1666666666666665;2,8;3,0
1,0;4,0;4,0;2,25;3,6666666666666665;2,5;2,5;2,6;2,75
1,0;4,0;4,5;3,5;4,222222222222222;2,0;3,1666666666666665;3,8;3,5
1,0;4,0;2,0;2,0;3,5555555555555554;3,0;1,6666666666666667;2,8;2,75
1,0;4,0;5,0;3,75;4,888888888888889;1,5;3,1666666666666665;3,8;3,5
1,0;4,0;3,0;3,0;4,666666666666667;2,0;1,0;3,2;3,25
1,0;4,0;2,5;3,0;4,0;3,5;2,1666666666666665;3,8;3,0
1,0;4,0;4,0;2,75;4,555555555555555;3,5;3,1666666666666665;3,4;3,0
1,0;4,0;5,0;5,0;2,4444444444444446;4,0;2,0;3,0;3,0
1,0;4,0;4,0;4,5;4,777777777777778;3,5;3,3333333333333335;3,2;4,0
2,0;2,0;1,5;1,25;3,3333333333333335;3,0;2,5;3,4;3,5
2,0;2,0;4,5;1,5;1,3333333333333333;1,0;1,3333333333333333;3,4;3,5
2,0;2,0;1,0;1,5;4,222222222222222;3,5;3,0;3,6;3,5
2,0;2,0;2,0;2,5;5,0;5,0;3,5;3,4;4,0
2,0;2,0;2,0;2,0;3,6666666666666665;1,0;2,8333333333333335;3,8;3,25
2,0;2,0;4,5;2,5;3,888888888888889;1,0;3,8333333333333335;4,0;3,25
2,0;2,0;2,0;1,0;2,111111111111111;3,5;1,3333333333333333;3,6;3,5
2,0;2,0;2,0;1,5;2,111111111111111;1,0;3,3333333333333335;3,4;3,25
2,0;2,0;4,0;3,0;3,6666666666666665;2,5;3,1666666666666665;3,8;4,0
2,0;2,0;2,5;3,75;3,111111111111111;2,0;2,3333333333333335;3,0;3,25
1,0;3,0;3,5;3,25;4,666666666666667;3,0;3,1666666666666665;4,0;3,75
1,0;3,0;2,0;2,0;4,555555555555555;3,0;2,5;2,8;2,75
1,0;3,0;2,0;3,25;4,111111111111111;4,0;2,3333333333333335;3,0;2,75
1,0;3,0;4,5;2,0;4,444444444444445;4,5;3,5;2,8;2,5
1,0;3,0;2,0;2,75;4,0;3,0;2,8333333333333335;2,8;2,0
1,0;3,0;3,0;2,0;4,0;1,0;1,6666666666666667;2,4;2,25
1,0;3,0;5,0;3,0;4,777777777777778;2,5;2,5;3,0;2,5
1,0;3,0;2,0;3,0;2,888888888888889;2,0;2,1666666666666665;3,2;2,75
1,0;3,0;4,5;2,75;3,5555555555555554;1,0;1,6666666666666667;2,8;2,5
1,0;3,0;4,0;2,5;3,3333333333333335;1,0;2,6666666666666665;2,8;1,75
1,0;4,0;3,0;2,25;4,444444444444445;3,0;1,8333333333333333;3,8;3,25
1,0;4,0;4,0;4,5;3,888888888888889;3,5;3,1666666666666665;4,0;3,25
1,0;4,0;4,0;4,0;4,555555555555555;4,0;4,0;4,0;3,75
1,0;4,0;4,0;4,25;4,333333333333333;4,5;3,0;3,4;3,25
1,0;4,0;5,0;4,0;5,0;5,0;2,0;3,0;3,0
1,0;4,0;3,0;2,75;4,222222222222222;2,5;3,3333333333333335;3,8;3,75
1,0;4,0;4,5;4,25;4,777777777777778;4,0;2,6666666666666665;3,4;3,5
1,0;4,0;5,0;5,0;2,5555555555555554;1,0;3,5;4,0;4,0
1,0;4,0;2,0;3,0;4,0;4,0;2,0;3,8;3,75
1,0;4,0;2,5;3,0;4,111111111111111;4,0;3,0;3,2;2,0
1,0;1,0;1,0;1,0;1,0;1,0;1,0;4,0;4,0
1,0;1,0;2,5;2,25;2,2222222222222223;2,5;1,6666666666666667;1,2;2,5
1,0;1,0;1,5;1,25;2,2222222222222223;2,5;1,0;2,6;3,5
1,0;1,0;1,5;3,25;3,4444444444444446;2,5;3,0;3,0;2,5
1,0;1,0;4,0;3,25;3,0;2,0;1,5;2,8;3,0
1,0;1,0;3,0;3,0;4,0;4,0;3,0;3,2;3,25
2,0;2,0;4,0;3,0;3,7777777777777777;2,5;2,3333333333333335;2,4;3,5
2,0;2,0;1,5;2,75;4,0;1,0;1,5;3,2;3,5
2,0;2,0;3,5;3,5;4,777777777777778;3,0;3,1666666666666665;3,4;3,25
2,0;2,0;3,0;3,75;4,555555555555555;3,5;3,5;4,0;4,0
2,0;2,0;3,0;2,0;4,555555555555555;3,0;2,5;3,0;3,5
2,0;2,0;4,0;3,25;4,666666666666667;3,5;2,8333333333333335;3,8;4,0
2,0;2,0;3,5;3,5;3,7777777777777777;3,0;2,0;3,0;3,0
2,0;2,0;3,0;2,5;3,2222222222222223;2,0;1,5;3,0;3,25
2,0;2,0;3,0;3,0;3,888888888888889;2,5;2,8333333333333335;3,0;3,0
2,0;2,0;5,0;3,25;5,0;4,0;3,0;3,6;3,75
1,0;1,0;2,5;4,0;2,0;2,0;2,0;2,8;4,0
1,0;1,0;5,0;5,0;5,0;5,0;4,0;4,0;4,0
1,0;1,0;2,0;1,5;4,0;3,5;3,0;3,2;3,5
1,0;2,0;4,5;2,75;3,5555555555555554;3,0;2,3333333333333335;3,6;3,25
1,0;2,0;1,0;1,5;1,1111111111111112;1,0;1,0;3,8;4,0
1,0;2,0;2,0;3,0;3,111111111111111;2,5;2,0;3,4;3,0
1,0;2,0;3,5;3,5;2,7777777777777777;1,0;2,5;3,0;2,25
1,0;2,0;1,5;3,5;4,0;4,0;3,8333333333333335;3,6;3,0
1,0;2,0;4,5;3,75;3,888888888888889;3,0;3,3333333333333335;3,4;3,75
1,0;2,0;1,0;1,0;1,0;1,0;1,0;4,0;4,0
1,0;2,0;4,5;3,5;3,888888888888889;2,0;2,0;3,6;3,5
1,0;2,0;4,5;4,25;3,4444444444444446;2,5;2,5;4,0;3,75
1,0;2,0;4,5;4,25;4,222222222222222;1,0;3,8333333333333335;3,0;3,0
1,0;2,0;2,5;2,75;4,777777777777778;3,0;1,6666666666666667;2,8;2,75
1,0;2,0;5,0;2,75;2,5555555555555554;1,0;2,3333333333333335;3,4;3,0
1,0;2,0;2,5;2,75;2,888888888888889;2,5;2,0;3,6;3,0
1,0;2,0;4,5;3,75;3,0;2,5;2,5;3,2;3,75
1,0;2,0;3,5;2,75;4,111111111111111;2,0;3,6666666666666665;3,6;3,75
1,0;2,0;2,5;3,0;3,111111111111111;3,0;3,1666666666666665;3,8;3,75
1,0;2,0;3,0;5,0;3,2222222222222223;3,0;3,5;4,0;3,5
1,0;2,0;5,0;3,25;5,0;5,0;2,0;3,6;3,5
1,0;2,0;4,5;4,5;5,0;5,0;4,0;2,8;3,75
1,0;2,0;1,5;2,75;3,2222222222222223;3,0;2,0;3,2;3,5
1,0;1,0;3,5;2,5;2,888888888888889;1,5;3,1666666666666665;2,6;2,25
1,0;1,0;3,5;2,75;4,333333333333333;5,0;2,8333333333333335;3,4;3,5
1,0;1,0;5,0;5,0;3,6666666666666665;2,0;4,0;4,0;4,0
1,0;2,0;4,5;2,5;4,555555555555555;3,0;3,1666666666666665;3,2;3,0
1,0;2,0;2,5;2,0;4,0;1,5;4,0;3,8;4,0
1,0;2,0;4,0;2,25;4,0;3,0;3,0;3,4;3,25
1,0;2,0;1,5;2,75;2,3333333333333335;1,0;2,1666666666666665;3,4;3,5
1,0;2,0;3,0;3,0;3,5555555555555554;2,0;3,0;3,6;3,0
1,0;2,0;4,0;3,0;3,888888888888889;1,0;2,0;3,8;3,25
1,0;2,0;1,5;2,5;3,4444444444444446;2,0;3,1666666666666665;3,2;2,25
1,0;2,0;5,0;4,0;2,6666666666666665;2,0;4,0;4,0;3,75
1,0;2,0;4,5;3,75;3,4444444444444446;3,0;3,1666666666666665;4,0;3,5
1,0;2,0;3,5;3,0;4,222222222222222;3,0;2,0;3,8;3,0
2,0;3,0;4,5;3,0;4,444444444444445;3,5;3,3333333333333335;2,8;3,0
2,0;3,0;4,5;3,0;4,555555555555555;1,0;2,3333333333333335;2,8;2,25
2,0;3,0;3,0;2,25;3,3333333333333335;2,0;1,3333333333333333;2,0;1,75
2,0;3,0;2,5;3,0;4,666666666666667;2,0;2,1666666666666665;2,8;2,25
2,0;3,0;3,0;4,0;4,111111111111111;2,0;2,8333333333333335;1,8;1,75
2,0;3,0;3,5;3,75;4,333333333333333;3,0;1,6666666666666667;3,2;3,0
2,0;3,0;3,5;2,5;4,666666666666667;5,0;4,0;2,8;2,75
2,0;3,0;3,0;3,25;3,888888888888889;1,5;2,8333333333333335;3,4;3,25
2,0;3,0;5,0;3,5;5,0;3,0;1,3333333333333333;2,0;2,0
2,0;3,0;5,0;3,75;3,0;1,0;3,8333333333333335;2,2;2,0
2,0;3,0;5,0;4,5;5,0;4,5;2,3333333333333335;3,4;2,5
2,0;3,0;4,0;2,5;3,4444444444444446;1,0;3,6666666666666665;3,6;3,0
2,0;3,0;5,0;4,0;4,888888888888889;3,0;2,3333333333333335;3,8;4,0
2,0;3,0;3,0;3,0;4,0;3,5;2,6666666666666665;3,0;3,0
2,0;3,0;3,0;2,75;4,111111111111111;2,5;2,0;1,8;3,0
2,0;3,0;4,5;3,25;4,888888888888889;3,0;2,8333333333333335;2,8;2,75
2,0;3,0;2,0;2,75;4,777777777777778;3,0;2,8333333333333335;3,6;3,5
2,0;3,0;3,0;2,75;4,111111111111111;1,0;3,3333333333333335;2,8;3,25
2,0;3,0;4,0;3,75;3,888888888888889;3,5;2,3333333333333335;3,2;2,75
2,0;3,0;5,0;3,75;4,666666666666667;3,5;3,5;3,8;3,75
1,0;2,0;3,5;3,25;3,888888888888889;2,5;1,3333333333333333;3,4;3,25
1,0;2,0;2,0;4,5;3,7777777777777777;3,0;4,0;4,0;4,0
1,0;2,0;3,0;3,75;3,3333333333333335;3,0;1,3333333333333333;2,8;2,5
1,0;2,0;3,5;1,5;1,4444444444444444;1,0;1,0;2,6;3,25
1,0;2,0;1,5;4,5;4,111111111111111;3,0;2,8333333333333335;2,8;4,0
1,0;2,0;5,0;4,0;3,4444444444444446;2,5;3,0;3,6;3,5
1,0;2,0;3,5;3,0;3,3333333333333335;2,5;3,0;3,0;3,25
1,0;2,0;3,0;4,5;3,888888888888889;2,5;2,0;3,6;3,5
1,0;2,0;3,0;3,25;3,2222222222222223;3,5;1,8333333333333333;3,8;3,5
1,0;2,0;3,5;1,75;3,888888888888889;3,5;2,6666666666666665;3,2;3,0
1,0;2,0;1,5;1,75;2,888888888888889;1,0;1,8333333333333333;2,6;3,5
1,0;2,0;2,5;3,75;3,111111111111111;4,0;3,6666666666666665;3,2;3,25
1,0;2,0;1,5;2,25;4,0;2,0;3,1666666666666665;3,6;3,5
1,0;2,0;2,5;2,5;2,0;1,0;1,5;3,2;3,0
1,0;2,0;4,5;3,75;4,666666666666667;2,5;3,6666666666666665;4,0;3,75
1,0;2,0;4,5;4,0;3,0;1,0;2,3333333333333335;3,8;3,25
1,0;2,0;1,5;3,25;2,6666666666666665;1,0;2,8333333333333335;2,8;3,0
1,0;2,0;5,0;4,0;3,888888888888889;4,0;3,3333333333333335;3,6;4,0
1,0;2,0;3,5;3,25;4,444444444444445;2,5;3,0;3,4;3,0
1,0;2,0;1,0;2,25;5,0;4,0;4,0;2,2;2,0
1,0;2,0;5,0;2,5;5,0;5,0;4,0;2,6;2,25
1,0;2,0;5,0;1,75;3,888888888888889;4,5;2,6666666666666665;4,0;4,0
1,0;2,0;4,0;3,25;2,888888888888889;1,0;1,5;3,6;3,0
1,0;2,0;2,0;2,5;3,7777777777777777;3,0;2,0;2,8;3,0
1,0;2,0;4,5;2,0;4,555555555555555;2,5;3,1666666666666665;2,8;4,0
1,0;2,0;2,0;2,0;2,7777777777777777;1,0;2,3333333333333335;2,8;2,25
1,0;2,0;4,5;3,5;3,888888888888889;3,0;3,1666666666666665;3,6;3,5
1,0;2,0;1,5;1,75;1,2222222222222223;1,0;1,0;2,6;3,0
1,0;2,0;4,5;3,0;4,888888888888889;1,0;3,0;2,4;3,5
1,0;2,0;2,0;3,5;3,6666666666666665;3,5;2,1666666666666665;2,2;3,0
1,0;2,0;1,0;2,75;3,111111111111111;2,5;1,3333333333333333;3,2;3,5
1,0;2,0;2,0;3,0;3,0;1,5;2,6666666666666665;3,6;3,25
1,0;2,0;2,0;1,0;3,4444444444444446;1,0;2,3333333333333335;3,8;3,0
1,0;2,0;3,0;3,0;2,2222222222222223;2,0;3,3333333333333335;2,8;3,25
1,0;2,0;1,5;3,5;4,0;3,5;4,0;3,2;3,5
1,0;2,0;2,5;3,25;4,777777777777778;2,5;3,6666666666666665;3,6;3,25
1,0;2,0;2,0;3,0;4,0;4,0;2,1666666666666665;3,0;3,5
1,0;2,0;1,0;2,0;1,7777777777777777;1,0;2,8333333333333335;4,0;3,25
1,0;2,0;5,0;5,0;5,0;5,0;1,0;3,0;3,75
1,0;2,0;2,0;3,25;3,3333333333333335;1,0;2,5;4,0;4,0
1,0;2,0;4,5;4,0;3,7777777777777777;1,0;3,1666666666666665;3,8;3,0
1,0;2,0;2,0;2,5;3,2222222222222223;1,0;3,8333333333333335;2,6;2,0
1,0;2,0;3,5;2,25;4,444444444444445;3,0;3,3333333333333335;2,2;3,0
1,0;2,0;1,0;3,25;3,0;2,0;1,5;2,6;3,0
1,0;2,0;1,0;4,0;4,777777777777778;5,0;3,5;3,8;4,0
1,0;2,0;3,0;2,5;4,0;3,5;2,0;2,8;2,75
1,0;2,0;3,0;2,5;2,7777777777777777;2,0;1,8333333333333333;2,8;2,25
1,0;2,0;4,5;4,25;4,777777777777778;4,5;2,5;3,0;2,0
1,0;2,0;4,0;2,75;4,0;3,0;3,8333333333333335;3,4;3,0
1,0;2,0;3,0;2,75;4,222222222222222;3,5;2,5;4,0;3,75
1,0;3,0;5,0;4,0;4,777777777777778;4,5;3,1666666666666665;3,8;3,25
1,0;3,0;1,5;3,0;2,0;2,0;1,0;3,2;2,0
1,0;3,0;2,0;3,25;3,7777777777777777;1,0;3,1666666666666665;2,2;2,75
1,0;3,0;4,5;3,0;4,0;4,0;2,0;3,0;3,0
1,0;3,0;2,0;3,0;4,777777777777778;2,5;1,0;2,2;2,0
1,0;3,0;1,5;3,25;4,666666666666667;3,0;4,0;2,8;2,0
1,0;3,0;4,0;3,5;3,5555555555555554;1,0;2,3333333333333335;2,8;2,5
1,0;3,0;4,0;3,25;4,555555555555555;4,0;3,0;3,4;3,0
1,0;3,0;3,0;4,25;3,888888888888889;3,0;2,3333333333333335;3,0;3,0
1,0;3,0;3,0;3,75;4,333333333333333;2,5;2,6666666666666665;3,2;3,0
1,0;2,0;1,0;1,0;1,4444444444444444;1,0;4,0;4,0;3,75
1,0;2,0;4,0;2,25;4,111111111111111;2,5;3,3333333333333335;2,6;2,75
1,0;2,0;2,5;3,0;2,4444444444444446;1,0;2,1666666666666665;3,0;3,5
1,0;2,0;2,5;2,25;2,3333333333333335;1,0;1,1666666666666667;2,8;2,25
1,0;2,0;4,5;3,25;3,7777777777777777;3,0;4,0;3,4;3,5
1,0;2,0;4,0;3,5;2,7777777777777777;2,0;1,1666666666666667;4,0;3,0
1,0;2,0;3,5;3,0;4,222222222222222;2,5;3,0;3,2;3,75
1,0;2,0;3,0;3,25;4,0;1,5;3,3333333333333335;3,4;3,25
1,0;2,0;4,0;2,75;3,888888888888889;5,0;2,6666666666666665;2,2;2,5
1,0;2,0;1,0;1,5;1,0;1,0;2,0;3,2;3,5
1,0;4,0;2,5;4,0;4,333333333333333;4,5;3,6666666666666665;2,8;3,75
1,0;4,0;4,0;3,75;3,6666666666666665;3,5;2,5;3,0;3,0
1,0;4,0;2,0;3,0;4,0;4,0;3,0;2,4;2,75
1,0;4,0;3,0;3,25;4,222222222222222;3,5;1,3333333333333333;4,0;4,0
1,0;4,0;1,5;3,0;4,0;3,5;3,5;3,8;3,5
1,0;4,0;1,5;2,0;5,0;4,0;4,0;2,4;2,5
1,0;4,0;2,5;3,75;3,0;4,0;3,1666666666666665;3,8;2,75
1,0;4,0;2,0;2,0;4,0;4,0;1,0;3,2;2,75
1,0;4,0;2,0;3,75;4,333333333333333;3,0;3,3333333333333335;3,0;4,0
1,0;4,0;2,0;1,75;3,0;2,0;1,0;2,6;1,75
2,0;4,0;4,5;4,75;3,888888888888889;4,0;3,8333333333333335;3,2;3,5
2,0;4,0;2,5;3,5;2,2222222222222223;1,0;1,0;3,4;2,75
2,0;4,0;3,0;3,25;4,333333333333333;2,5;3,1666666666666665;2,6;2,75
2,0;4,0;2,0;2,5;4,111111111111111;3,5;2,5;2,6;2,25
2,0;4,0;4,5;4,0;4,666666666666667;4,0;3,3333333333333335;3,0;3,0
2,0;4,0;3,5;2,75;4,888888888888889;4,5;3,5;3,4;2,75
2,0;4,0;4,5;3,5;4,222222222222222;3,5;2,1666666666666665;3,0;3,25
2,0;4,0;3,5;3,25;5,0;5,0;4,0;4,0;3,25
2,0;4,0;3,5;4,5;5,0;5,0;2,3333333333333335;3,6;3,5
2,0;4,0;4,0;3,5;4,222222222222222;3,5;4,0;3,4;2,75
2,0;2,0;3,0;3,0;3,6666666666666665;1,0;3,0;2,6;3,5
2,0;2,0;2,0;2,75;3,888888888888889;1,0;3,5;2,4;3,25
2,0;2,0;2,0;3,0;4,222222222222222;1,0;1,1666666666666667;3,6;3,25
2,0;2,0;3,5;3,75;3,5555555555555554;1,5;2,5;4,0;4,0
2,0;2,0;4,5;2,75;4,444444444444445;4,5;3,6666666666666665;3,6;4,0
2,0;2,0;5,0;3,0;3,6666666666666665;1,0;1,8333333333333333;3,6;3,5
2,0;2,0;2,0;2,25;4,222222222222222;1,0;3,6666666666666665;3,4;2,75
2,0;2,0;4,0;3,75;4,222222222222222;2,5;3,0;4,0;4,0
2,0;2,0;4,0;3,5;4,555555555555555;4,5;2,5;3,2;3,0
2,0;2,0;5,0;4,25;3,3333333333333335;3,0;1,3333333333333333;2,8;3,75
2,0;3,0;4,0;2,75;4,0;2,0;3,3333333333333335;3,0;2,75
2,0;3,0;5,0;3,75;4,111111111111111;2,5;4,0;3,0;2,75
2,0;3,0;5,0;2,5;4,0;3,5;4,0;3,0;3,25
2,0;3,0;2,5;2,5;2,6666666666666665;1,0;1,8333333333333333;3,0;2,5
2,0;3,0;2,5;2,75;3,7777777777777777;1,0;3,0;3,0;2,5
2,0;3,0;3,5;2,5;4,555555555555555;3,5;3,0;3,6;3,25
2,0;3,0;4,0;1,75;3,888888888888889;3,0;2,6666666666666665;3,2;3,0
2,0;3,0;4,0;3,0;3,7777777777777777;2,0;3,5;3,2;3,0
2,0;3,0;1,0;1,0;5,0;5,0;4,0;1,0;1,0
2,0;3,0;5,0;3,5;4,888888888888889;4,5;4,0;3,0;3,0
1,0;1,0;5,0;3,0;5,0;3,0;3,1666666666666665;3,8;4,0
1,0;1,0;3,5;3,25;3,6666666666666665;1,0;3,1666666666666665;3,8;3,25
1,0;1,0;4,5;3,75;4,777777777777778;4,5;3,6666666666666665;3,8;4,0
1,0;4,0;4,5;3,75;4,222222222222222;2,0;2,3333333333333335;3,8;3,5
1,0;4,0;5,0;3,25;3,5555555555555554;2,0;2,3333333333333335;3,2;3,0
1,0;4,0;3,5;2,75;4,666666666666667;5,0;3,6666666666666665;3,0;3,75
1,0;4,0;4,0;3,5;3,888888888888889;2,5;2,3333333333333335;3,6;3,5
1,0;4,0;3,0;4,0;3,5555555555555554;3,5;2,0;3,0;3,0
1,0;4,0;3,5;3,0;3,6666666666666665;3,5;2,5;3,0;3,0
1,0;4,0;1,0;1,0;1,6666666666666667;2,0;2,0;3,8;3,75
1,0;4,0;5,0;1,75;4,444444444444445;1,0;4,0;1,6;4,0
1,0;4,0;5,0;3,75;4,222222222222222;4,0;2,8333333333333335;2,6;3,0
1,0;4,0;1,0;2,0;4,0;1,0;2,6666666666666665;2,4;2,5
1,0;2,0;2,5;3,75;4,0;3,0;3,1666666666666665;4,0;3,25
1,0;2,0;5,0;3,0;1,4444444444444444;1,0;3,5;4,0;4,0
1,0;2,0;1,5;3,75;4,0;3,0;3,3333333333333335;3,4;2,5
1,0;2,0;3,0;3,5;4,444444444444445;4,0;3,3333333333333335;4,0;3,5
1,0;2,0;5,0;3,5;4,0;2,5;3,5;4,0;4,0
1,0;2,0;4,5;4,5;4,111111111111111;4,5;2,3333333333333335;4,0;4,0
1,0;2,0;4,0;1,0;3,888888888888889;2,0;3,0;3,2;1,5
1,0;2,0;5,0;3,0;3,111111111111111;2,0;2,0;1,2;1,5
1,0;2,0;1,0;1,0;2,888888888888889;2,0;1,0;1,8;1,0
1,0;2,0;2,0;3,75;3,0;2,0;2,5;3,8;3,75
1,0;2,0;3,0;2,5;4,888888888888889;4,0;2,8333333333333335;3,6;3,5
1,0;2,0;3,5;4,0;1,0;1,0;2,1666666666666665;3,0;3,0
1,0;2,0;3,5;3,0;4,111111111111111;2,5;1,5;3,8;3,5
1,0;2,0;4,0;3,0;4,111111111111111;3,5;2,5;3,4;3,0
1,0;2,0;1,0;3,25;3,888888888888889;2,5;2,1666666666666665;1,6;1,0
1,0;2,0;4,5;4,5;5,0;5,0;3,6666666666666665;3,8;3,75
1,0;2,0;4,5;3,5;4,444444444444445;3,0;2,6666666666666665;2,6;2,75
1,0;2,0;5,0;4,5;3,7777777777777777;3,5;2,6666666666666665;3,4;3,0
1,0;2,0;2,5;2,5;3,7777777777777777;3,5;2,1666666666666665;3,8;3,25
1,0;2,0;4,5;4,5;3,5555555555555554;2,0;3,0;3,6;3,5
1,0;3,0;4,5;2,75;3,6666666666666665;2,0;1,8333333333333333;2,8;2,75
1,0;3,0;4,5;3,25;5,0;3,5;2,1666666666666665;2,8;2,75
1,0;3,0;4,0;2,5;4,777777777777778;4,0;3,0;2,4;2,5
1,0;3,0;3,0;3,25;4,444444444444445;4,0;3,1666666666666665;2,8;2,5
1,0;3,0;4,5;2,75;3,7777777777777777;1,0;3,3333333333333335;2,2;1,75
1,0;3,0;5,0;3,0;4,0;3,5;2,1666666666666665;2,8;3,0
1,0;3,0;3,0;2,75;4,444444444444445;2,0;2,1666666666666665;2,6;3,0
1,0;3,0;5,0;2,5;5,0;5,0;3,1666666666666665;2,4;1,25
1,0;3,0;5,0;2,75;4,666666666666667;2,5;2,0;2,4;1,75
1,0;3,0;4,5;4,0;4,333333333333333;4,5;2,3333333333333335;2,2;2,75
1,0;2,0;2,0;3,0;4,666666666666667;1,0;4,0;2,8;3,0
1,0;2,0;2,0;3,0;4,333333333333333;2,0;3,5;3,6;3,5
1,0;2,0;5,0;4,0;3,6666666666666665;1,0;1,0;4,0;4,0
1,0;2,0;2,0;3,5;3,888888888888889;1,5;2,6666666666666665;3,4;3,5
1,0;2,0;2,0;4,5;3,7777777777777777;2,0;3,0;3,2;3,75
1,0;2,0;4,5;3,5;4,333333333333333;1,0;2,6666666666666665;4,0;3,25
1,0;2,0;2,5;2,5;3,4444444444444446;1,0;1,3333333333333333;4,0;3,25
1,0;2,0;1,5;2,25;3,5555555555555554;3,5;1,8333333333333333;4,0;3,5
1,0;2,0;5,0;2,75;2,5555555555555554;1,0;1,0;3,4;3,5
1,0;2,0;3,0;3,75;5,0;5,0;4,0;3,8;3,75
1,0;3,0;2,0;2,5;3,6666666666666665;4,0;2,5;2,8;2,75
1,0;3,0;3,0;3,5;4,888888888888889;1,0;3,5;3,0;2,5
1,0;3,0;4,0;3,0;4,111111111111111;2,0;2,5;3,0;2,0
1,0;3,0;3,5;2,25;4,888888888888889;2,5;2,1666666666666665;3,0;2,25
1,0;3,0;2,0;4,25;3,888888888888889;2,0;2,1666666666666665;3,0;2,5
1,0;3,0;3,5;3,5;5,0;3,5;3,0;3,2;3,25
1,0;3,0;4,0;2,0;3,6666666666666665;1,0;2,6666666666666665;2,8;2,25
1,0;3,0;3,5;5,0;3,5555555555555554;2,5;1,0;3,0;3,0
1,0;3,0;2,0;2,25;4,222222222222222;1,0;3,6666666666666665;3,4;2,75
1,0;3,0;3,5;3,25;4,888888888888889;1,0;2,5;3,4;3,25
1,0;1,0;4,0;3,75;3,2222222222222223;2,0;2,5;3,8;3,75
1,0;1,0;5,0;3,5;3,888888888888889;4,5;2,1666666666666665;3,8;3,75
1,0;1,0;4,0;3,25;3,2222222222222223;1,0;3,0;3,8;3,75
1,0;3,0;4,0;3,25;4,0;4,0;3,6666666666666665;3,2;3,0
1,0;3,0;3,0;3,25;2,4444444444444446;2,5;2,3333333333333335;3,2;2,75
1,0;3,0;2,0;2,25;3,7777777777777777;2,0;2,0;3,2;3,0
1,0;3,0;4,0;2,75;3,2222222222222223;1,0;1,5;3,0;1,5
1,0;3,0;5,0;1,75;4,444444444444445;3,0;3,3333333333333335;1,6;2,5
1,0;3,0;5,0;2,75;5,0;5,0;2,5;3,2;3,5
1,0;3,0;4,5;2,75;4,111111111111111;3,5;3,1666666666666665;3,2;3,0
1,0;3,0;3,0;1,5;4,222222222222222;3,5;3,0;3,0;3,0
1,0;3,0;3,0;2,75;3,0;3,5;2,3333333333333335;3,4;3,0
1,0;3,0;4,0;4,25;4,777777777777778;4,5;3,6666666666666665;4,0;4,0
1,0;1,0;1,0;3,0;3,0;1,5;1,0;3,6;3,0
1,0;1,0;4,0;2,5;4,0;2,5;3,3333333333333335;3,0;3,25
1,0;1,0;2,0;2,25;3,0;1,0;2,6666666666666665;3,2;3,25
1,0;1,0;2,5;3,75;3,888888888888889;4,0;1,0;4,0;3,75
1,0;1,0;1,5;1,25;1,8888888888888888;1,5;1,5;3,0;3,5
1,0;1,0;5,0;4,25;3,6666666666666665;4,0;3,1666666666666665;3,2;3,75
1,0;1,0;1,0;1,0;1,6666666666666667;1,0;3,3333333333333335;3,2;3,0
1,0;1,0;2,0;1,25;2,0;1,0;3,6666666666666665;3,2;3,25
1,0;1,0;1,0;1,0;2,111111111111111;2,0;3,6666666666666665;3,0;3,5
1,0;2,0;3,5;3,5;4,555555555555555;2,0;3,0;3,2;3,5
1,0;2,0;2,0;2,0;4,111111111111111;1,0;4,0;4,0;3,75
1,0;2,0;2,0;3,0;2,7777777777777777;1,0;1,0;3,6;3,25
1,0;2,0;3,0;2,25;3,5555555555555554;2,0;1,0;2,6;2,0
1,0;2,0;2,0;3,5;4,444444444444445;3,0;2,3333333333333335;3,4;3,5
1,0;2,0;4,5;2,0;4,666666666666667;2,5;3,8333333333333335;3,0;3,75
1,0;2,0;4,0;3,0;4,555555555555555;1,0;2,8333333333333335;2,8;2,75
1,0;2,0;5,0;4,75;4,222222222222222;3,5;4,0;3,0;4,0
1,0;2,0;2,0;2,75;2,4444444444444446;2,5;4,0;3,2;3,5
1,0;2,0;3,5;2,25;4,666666666666667;2,5;3,5;3,2;2,5
1,0;2,0;3,5;3,5;4,222222222222222;2,5;3,3333333333333335;3,0;3,5
1,0;2,0;3,0;2,75;4,333333333333333;3,5;3,8333333333333335;3,0;2,75
1,0;2,0;1,0;3,5;2,2222222222222223;2,5;1,0;3,2;3,0
1,0;2,0;2,5;2,5;4,111111111111111;1,0;1,8333333333333333;3,2;3,25
1,0;2,0;3,0;2,75;4,333333333333333;4,5;2,3333333333333335;3,8;4,0
1,0;2,0;4,5;3,0;3,4444444444444446;1,0;2,1666666666666665;3,0;2,5
1,0;2,0;4,5;2,0;3,5555555555555554;3,5;2,5;3,0;3,0
1,0;2,0;5,0;3,5;3,7777777777777777;3,0;2,0;3,6;3,5
1,0;2,0;1,5;2,0;2,6666666666666665;1,0;1,5;3,2;3,0
1,0;2,0;2,0;3,5;4,888888888888889;3,0;1,1666666666666667;2,8;2,75
1,0;1,0;3,0;3,0;3,111111111111111;1,0;3,5;3,8;3,5
1,0;1,0;1,5;1,75;2,2222222222222223;1,0;2,3333333333333335;3,2;3,25
1,0;1,0;3,0;2,5;2,3333333333333335;1,5;1,3333333333333333;3,6;3,75
1,0;1,0;1,5;3,0;2,2222222222222223;1,0;2,6666666666666665;3,2;3,5
1,0;1,0;1,0;3,25;2,5555555555555554;1,0;2,6666666666666665;2,4;3,5
1,0;1,0;4,5;5,0;4,0;4,0;3,1666666666666665;3,8;4,0
1,0;1,0;2,5;2,5;3,7777777777777777;2,0;2,5;3,4;3,5
1,0;1,0;2,0;1,75;2,6666666666666665;1,0;1,8333333333333333;3,0;3,25
1,0;1,0;4,0;4,25;1,6666666666666667;1,0;2,1666666666666665;3,4;3,25
1,0;2,0;3,0;2,5;2,888888888888889;2,0;3,1666666666666665;2,8;3,25
1,0;2,0;2,0;2,0;3,5555555555555554;1,0;2,3333333333333335;2,8;2,5
1,0;2,0;3,0;4,0;3,3333333333333335;3,0;1,3333333333333333;3,6;3,5
1,0;2,0;3,0;3,25;3,6666666666666665;3,0;2,5;3,4;3,25
1,0;2,0;2,0;2,0;3,3333333333333335;1,0;2,3333333333333335;3,4;3,5
1,0;2,0;2,5;2,5;4,555555555555555;2,0;2,6666666666666665;2,8;2,75
1,0;2,0;4,5;2,25;4,555555555555555;1,0;3,3333333333333335;3,2;3,25
1,0;2,0;2,5;3,5;3,7777777777777777;1,5;3,1666666666666665;2,8;3,0
1,0;2,0;2,5;2,75;1,7777777777777777;3,0;2,8333333333333335;2,8;3,25
1,0;2,0;4,0;3,5;4,0;3,5;2,8333333333333335;3,0;3,25
1,0;4,0;2,5;3,25;3,6666666666666665;3,0;3,5;3,0;3,5
1,0;4,0;4,0;3,0;5,0;3,5;2,8333333333333335;3,4;3,5
1,0;4,0;4,0;3,75;3,5555555555555554;3,0;2,5;3,0;3,25
1,0;4,0;4,5;2,5;4,444444444444445;2,0;1,8333333333333333;3,0;3,0
1,0;4,0;3,0;2,75;3,5555555555555554;2,0;2,8333333333333335;2,4;2,25
1,0;4,0;4,5;2,75;4,0;2,0;3,0;3,4;3,5
1,0;4,0;3,0;3,5;4,222222222222222;2,5;2,6666666666666665;3,0;3,0
1,0;4,0;4,0;4,5;4,0;4,0;3,1666666666666665;3,0;3,0
1,0;4,0;4,0;3,25;4,222222222222222;2,5;2,0;3,0;2,75
1,0;4,0;4,0;3,0;3,888888888888889;3,5;3,6666666666666665;2,2;2,5
1,0;4,0;5,0;4,25;4,777777777777778;4,0;3,8333333333333335;3,4;3,75
1,0;4,0;3,5;2,5;4,555555555555555;4,0;2,1666666666666665;3,2;2,75
1,0;4,0;5,0;4,25;4,666666666666667;3,5;3,8333333333333335;3,6;3,75
1,0;4,0;5,0;5,0;4,222222222222222;4,0;3,0;4,0;4,0
1,0;4,0;3,0;3,0;4,555555555555555;2,0;2,1666666666666665;2,8;2,75
1,0;4,0;5,0;2,5;4,222222222222222;3,0;4,0;3,2;2,75
1,0;4,0;3,0;3,25;1,0;1,5;3,3333333333333335;3,2;2,25
1,0;4,0;4,5;3,25;4,111111111111111;4,0;2,0;3,4;3,0
1,0;4,0;3,0;3,5;3,888888888888889;2,5;3,5;2,8;3,0
1,0;4,0;3,0;2,25;3,888888888888889;2,5;3,0;2,8;3,0
2,0;2,0;3,0;3,25;3,6666666666666665;2,0;1,6666666666666667;3,2;3,25
2,0;2,0;3,5;3,25;4,888888888888889;5,0;2,5;4,0;4,0
2,0;2,0;3,0;2,75;3,6666666666666665;4,5;3,0;3,4;3,0
2,0;2,0;3,0;3,5;3,4444444444444446;3,0;2,5;3,2;3,25
2,0;2,0;2,0;3,25;2,4444444444444446;1,0;4,0;2,8;3,75
2,0;2,0;5,0;2,5;5,0;5,0;3,6666666666666665;3,8;4,0
2,0;2,0;2,0;3,5;3,2222222222222223;1,5;2,0;4,0;3,75
2,0;2,0;5,0;3,5;4,555555555555555;2,0;3,8333333333333335;3,6;3,5
2,0;2,0;4,0;3,25;3,5555555555555554;3,0;1,8333333333333333;3,0;3,5
2,0;2,0;2,0;3,5;3,5555555555555554;1,0;3,5;3,0;3,0
1,0;1,0;1,5;1,75;2,4444444444444446;1,0;3,0;3,4;3,25
1,0;1,0;1,0;1,0;3,6666666666666665;1,0;2,6666666666666665;3,8;2,75
1,0;1,0;3,5;1,0;1,3333333333333333;1,0;1,0;3,2;3,5
3,0;3,0;3,5;2,75;5,0;3,0;3,1666666666666665;2,8;2,75
3,0;3,0;4,0;3,0;4,444444444444445;2,0;1,3333333333333333;3,6;3,0
3,0;3,0;4,0;4,0;4,777777777777778;3,5;3,0;2,6;2,5
3,0;3,0;4,5;3,25;4,555555555555555;3,5;2,5;2,4;3,0
3,0;3,0;4,0;3,5;4,888888888888889;3,0;3,3333333333333335;2,8;3,75
3,0;3,0;2,5;2,75;4,444444444444445;4,0;3,5;3,2;3,5
3,0;3,0;3,0;3,0;4,333333333333333;3,0;2,6666666666666665;3,6;3,25
3,0;3,0;4,5;3,75;4,444444444444445;3,5;2,3333333333333335;3,4;3,5
3,0;3,0;4,0;3,25;4,333333333333333;1,5;2,5;2,8;2,75
3,0;3,0;4,5;3,25;4,666666666666667;2,5;3,8333333333333335;2,4;2,25
1,0;1,0;4,0;4,25;4,444444444444445;4,5;3,6666666666666665;3,8;4,0
1,0;1,0;2,0;3,5;4,0;4,5;3,5;3,2;4,0
1,0;1,0;3,0;3,5;3,5555555555555554;4,5;3,5;3,4;3,75
1,0;1,0;1,0;3,75;3,2222222222222223;1,0;3,1666666666666665;3,2;3,75
1,0;1,0;3,0;3,75;2,7777777777777777;1,5;1,6666666666666667;3,2;2,25
1,0;1,0;4,0;4,5;4,0;4,0;3,0;3,6;3,5
1,0;1,0;2,5;3,25;3,5555555555555554;1,0;3,3333333333333335;3,0;3,25
1,0;1,0;3,5;4,0;4,111111111111111;2,5;2,8333333333333335;3,2;3,0
1,0;1,0;1,0;1,75;2,2222222222222223;1,0;2,6666666666666665;3,0;2,0
1,0;2,0;2,0;3,5;3,4444444444444446;3,0;2,5;3,2;2,75
1,0;2,0;2,0;3,0;2,5555555555555554;2,0;2,0;3,8;3,75
1,0;2,0;3,0;3,25;3,7777777777777777;4,0;3,1666666666666665;2,8;2,5
1,0;2,0;1,5;2,25;3,0;3,5;3,0;2,8;3,0
1,0;2,0;2,5;3,75;4,0;2,5;3,0;4,0;4,0
1,0;2,0;3,0;3,25;3,3333333333333335;1,0;3,3333333333333335;3,2;3,5
1,0;2,0;2,5;3,0;3,888888888888889;2,0;3,3333333333333335;2,2;2,0
1,0;2,0;1,5;2,0;2,6666666666666665;1,0;2,6666666666666665;1,8;2,25
1,0;2,0;3,5;2,75;3,5555555555555554;1,0;2,5;4,0;3,5
1,0;2,0;4,5;3,5;3,888888888888889;3,5;2,5;3,4;3,5
1,0;2,0;3,0;3,75;4,444444444444445;4,0;3,5;3,6;3,25
1,0;2,0;2,5;3,0;4,222222222222222;3,5;1,0;3,2;3,0
1,0;2,0;1,5;3,25;3,3333333333333335;1,0;1,6666666666666667;3,6;3,5
1,0;2,0;4,0;2,75;4,222222222222222;4,0;2,3333333333333335;3,2;3,5
1,0;2,0;2,5;3,25;3,7777777777777777;4,0;1,3333333333333333;3,2;3,0
1,0;2,0;4,5;3,5;3,5555555555555554;3,0;1,5;2,8;2,75
1,0;2,0;4,0;3,25;3,0;1,5;2,8333333333333335;3,6;3,25
1,0;2,0;3,5;3,0;4,888888888888889;4,5;3,8333333333333335;2,2;2,25
1,0;2,0;2,5;2,5;3,4444444444444446;3,5;1,1666666666666667;3,6;3,75
1,0;2,0;2,0;2,25;3,7777777777777777;4,0;3,6666666666666665;3,2;3,25
1,0;2,0;2,5;3,5;4,222222222222222;3,0;2,6666666666666665;3,2;3,75
1,0;2,0;1,5;3,0;4,888888888888889;4,0;3,3333333333333335;3,0;2,5
1,0;2,0;1,0;2,0;3,3333333333333335;3,0;3,3333333333333335;3,0;3,0
1,0;2,0;5,0;1,5;4,222222222222222;3,5;1,5;2,8;2,5
1,0;2,0;4,0;3,5;4,444444444444445;3,5;3,5;3,2;3,25
1,0;2,0;2,5;2,75;3,4444444444444446;3,5;3,5;2,6;2,75
1,0;2,0;1,0;2,75;3,2222222222222223;2,5;3,5;3,4;3,25
1,0;2,0;5,0;3,25;3,4444444444444446;3,5;2,0;3,4;3,0
1,0;2,0;3,0;2,75;4,222222222222222;5,0;2,3333333333333335;3,2;3,25
1,0;2,0;4,5;3,75;5,0;5,0;4,0;3,2;3,0
1,0;2,0;4,0;3,75;4,0;5,0;2,3333333333333335;4,0;4,0
1,0;2,0;1,5;1,5;4,111111111111111;3,0;3,5;3,6;3,5
1,0;2,0;3,0;4,25;3,3333333333333335;3,5;3,0;3,6;3,0
1,0;2,0;3,5;3,0;4,333333333333333;4,0;3,0;3,0;2,5
1,0;2,0;3,5;3,25;4,222222222222222;2,0;3,6666666666666665;3,4;3,25
1,0;2,0;3,0;2,5;4,444444444444445;3,0;3,8333333333333335;3,8;3,0
1,0;2,0;2,5;3,0;2,4444444444444446;2,5;2,1666666666666665;3,2;3,5
1,0;2,0;4,0;3,25;3,4444444444444446;1,5;3,0;3,6;3,5
1,0;2,0;3,5;2,75;3,7777777777777777;3,0;2,5;3,6;3,75
1,0;2,0;4,0;3,0;2,4444444444444446;1,5;1,6666666666666667;3,0;3,5
1,0;4,0;2,5;3,0;4,777777777777778;3,5;3,8333333333333335;4,0;4,0
1,0;4,0;4,5;3,5;4,555555555555555;4,0;3,0;3,2;2,75
1,0;4,0;1,5;3,25;2,111111111111111;1,0;1,5;3,2;3,0
1,0;4,0;4,0;3,25;5,0;1,5;1,0;2,4;2,75
1,0;4,0;4,0;3,5;4,0;3,5;3,5;3,6;3,75
1,0;4,0;4,0;3,25;4,222222222222222;4,0;1,5;3,0;3,25
1,0;4,0;4,0;3,5;3,888888888888889;3,0;1,8333333333333333;3,0;3,0
1,0;4,0;3,0;3,0;4,0;3,0;3,5;3,2;3,5
1,0;4,0;2,0;2,75;4,0;2,5;3,3333333333333335;3,2;3,0
1,0;4,0;4,0;2,25;2,3333333333333335;1,0;4,0;2,0;2,5
1,0;2,0;2,0;2,0;1,3333333333333333;1,5;2,1666666666666665;3,8;3,25
1,0;2,0;4,0;3,75;4,333333333333333;4,0;3,6666666666666665;3,6;3,75
1,0;2,0;2,5;4,0;3,5555555555555554;1,0;2,6666666666666665;4,0;4,0
1,0;2,0;4,0;3,25;3,111111111111111;3,0;2,0;3,4;3,0
1,0;2,0;4,0;3,25;2,7777777777777777;2,5;2,8333333333333335;3,6;3,25
1,0;2,0;3,0;2,75;4,222222222222222;2,5;3,3333333333333335;3,6;4,0
1,0;2,0;3,5;3,0;3,5555555555555554;2,0;2,5;2,6;1,5
1,0;2,0;3,0;3,0;3,6666666666666665;2,5;3,0;3,0;3,75
1,0;2,0;2,0;2,75;3,888888888888889;3,5;1,1666666666666667;3,2;3,0
1,0;2,0;4,5;3,0;3,7777777777777777;1,0;2,5;3,6;3,0
1,0;4,0;4,5;3,5;4,0;4,0;2,1666666666666665;2,8;3,0
1,0;4,0;4,0;4,0;4,111111111111111;2,5;2,5;3,8;3,0
1,0;4,0;3,0;2,5;3,4444444444444446;1,0;2,0;2,6;1,75
1,0;4,0;5,0;3,5;4,888888888888889;4,0;3,1666666666666665;2,6;3,0
1,0;4,0;4,5;4,25;3,6666666666666665;3,5;2,3333333333333335;2,8;3,25
1,0;4,0;4,0;2,75;3,4444444444444446;1,0;2,8333333333333335;2,8;2,75
1,0;4,0;4,0;3,25;4,444444444444445;4,5;2,5;3,6;3,0
1,0;4,0;4,5;4,0;4,777777777777778;4,0;3,5;3,6;3,75
1,0;4,0;5,0;4,25;4,555555555555555;3,5;2,1666666666666665;3,8;3,75
1,0;4,0;1,5;3,25;4,222222222222222;4,0;2,5;3,4;3,0
1,0;1,0;2,0;2,75;3,7777777777777777;2,0;2,0;3,2;3,75
1,0;1,0;1,5;1,5;4,888888888888889;5,0;3,5;2,0;1,75
1,0;1,0;3,0;3,75;4,111111111111111;3,5;2,0;4,0;3,5
1,0;3,0;3,0;3,0;3,888888888888889;3,0;3,1666666666666665;3,0;3,25
1,0;3,0;4,0;3,25;3,7777777777777777;1,0;3,3333333333333335;2,8;2,75
1,0;3,0;3,0;3,75;4,0;4,0;3,6666666666666665;3,2;3,5
1,0;3,0;3,0;3,25;4,0;1,0;2,6666666666666665;3,6;3,75
1,0;3,0;2,0;2,75;3,888888888888889;3,0;3,8333333333333335;2,6;2,0
1,0;3,0;3,0;3,25;4,666666666666667;2,0;2,6666666666666665;4,0;3,5
1,0;3,0;3,0;3,25;2,888888888888889;1,5;3,1666666666666665;2,6;2,75
1,0;3,0;4,0;3,25;4,555555555555555;4,0;2,6666666666666665;4,0;4,0
1,0;3,0;3,5;2,75;3,7777777777777777;2,0;2,8333333333333335;3,4;3,25
1,0;3,0;5,0;3,75;4,666666666666667;3,0;2,0;3,4;2,75
1,0;1,0;4,0;3,5;2,4444444444444446;3,5;3,1666666666666665;3,8;3,75
1,0;1,0;5,0;5,0;4,444444444444445;4,0;3,8333333333333335;3,6;3,75
1,0;1,0;3,0;4,5;2,5555555555555554;4,0;3,0;4,0;3,5
1,0;2,0;2,0;2,75;2,888888888888889;1,0;1,6666666666666667;3,0;2,75
1,0;2,0;1,5;1,75;1,5555555555555556;1,5;2,0;2,8;2,0
1,0;2,0;4,5;2,75;1,4444444444444444;2,5;3,1666666666666665;3,6;4,0
1,0;2,0;4,0;4,0;3,0;2,0;1,6666666666666667;2,4;3,5
1,0;2,0;2,5;3,5;2,7777777777777777;1,0;3,5;3,4;3,5
1,0;2,0;4,5;2,75;3,4444444444444446;1,0;2,5;3,2;3,5
1,0;2,0;3,0;3,5;1,6666666666666667;1,5;1,8333333333333333;3,8;3,0
1,0;2,0;3,5;3,25;4,0;1,0;3,5;3,6;3,25
1,0;2,0;1,5;4,0;2,6666666666666665;1,5;3,0;3,6;3,25
1,0;2,0;2,0;4,0;2,7777777777777777;1,0;2,3333333333333335;2,8;3,75
1,0;1,0;4,5;2,75;5,0;3,0;2,6666666666666665;3,6;3,25
1,0;1,0;4,0;2,0;1,3333333333333333;1,0;1,0;3,8;2,5
1,0;1,0;4,0;4,25;4,555555555555555;4,5;2,8333333333333335;3,4;3,5
1,0;1,0;5,0;2,0;2,2222222222222223;3,0;1,5;3,8;2,75
1,0;1,0;5,0;4,5;3,888888888888889;4,0;2,5;3,6;3,75
1,0;1,0;3,0;2,0;3,111111111111111;2,0;2,6666666666666665;3,2;3,5
1,0;1,0;5,0;5,0;4,888888888888889;4,5;1,8333333333333333;4,0;4,0
1,0;1,0;5,0;4,5;4,555555555555555;4,5;3,1666666666666665;3,8;3,5
1,0;1,0;4,0;4,0;3,888888888888889;3,0;2,0;3,0;3,0
1,0;1,0;2,5;1,25;1,8888888888888888;1,0;3,3333333333333335;4,0;3,75
1,0;1,0;3,5;3,25;2,888888888888889;3,0;2,1666666666666665;3,0;2,75
1,0;1,0;4,0;3,0;2,6666666666666665;2,5;4,0;3,8;3,75
1,0;1,0;3,0;2,75;2,6666666666666665;1,0;2,0;3,0;3,0
1,0;1,0;3,5;3,0;3,0;1,0;2,5;3,2;3,0
1,0;1,0;3,5;3,25;4,0;3,5;3,1666666666666665;2,4;2,25
1,0;1,0;2,0;2,25;3,4444444444444446;2,0;1,6666666666666667;3,2;3,5
1,0;1,0;3,0;3,25;3,5555555555555554;1,0;2,1666666666666665;3,6;3,5
1,0;1,0;1,5;3,25;3,888888888888889;3,0;2,8333333333333335;3,4;3,0
1,0;2,0;3,0;1,5;2,7777777777777777;1,0;3,0;2,4;2,0
1,0;2,0;5,0;2,25;2,0;2,0;1,0;3,6;3,5
1,0;2,0;4,5;2,75;2,6666666666666665;2,5;1,1666666666666667;3,6;2,75
1,0;2,0;3,0;3,5;3,4444444444444446;3,0;2,5;3,0;3,25
1,0;2,0;4,5;1,5;1,0;1,0;1,8333333333333333;2,0;2,0
1,0;2,0;2,0;2,5;2,5555555555555554;3,0;1,0;3,6;3,5
1,0;2,0;1,5;2,5;3,2222222222222223;1,0;1,3333333333333333;3,8;3,25
1,0;2,0;4,0;5,0;2,7777777777777777;1,0;3,5;2,6;2,75
1,0;2,0;1,5;2,25;3,4444444444444446;2,0;2,3333333333333335;3,6;3,0
1,0;2,0;2,5;2,5;3,0;1,0;2,8333333333333335;3,4;3,0
2,0;3,0;5,0;3,0;4,888888888888889;2,0;3,5;3,4;3,5
2,0;3,0;5,0;2,75;4,555555555555555;1,0;2,1666666666666665;2,8;2,75
2,0;3,0;3,0;2,5;3,7777777777777777;2,5;3,0;3,0;3,0
2,0;3,0;3,0;1,25;4,666666666666667;1,0;2,5;2,8;2,5
2,0;3,0;5,0;2,25;4,0;2,5;4,0;3,0;2,5
2,0;3,0;4,0;2,25;5,0;5,0;3,0;2,2;2,5
2,0;3,0;3,0;3,0;3,0;1,0;3,0;3,0;3,0
2,0;3,0;3,5;3,25;4,111111111111111;3,0;1,3333333333333333;3,2;2,75
2,0;3,0;4,0;1,5;4,444444444444445;4,0;4,0;2,8;2,5
2,0;3,0;5,0;2,5;4,444444444444445;3,5;3,3333333333333335;3,0;2,0
2,0;3,0;5,0;1,5;5,0;1,0;3,5;2,4;2,75
2,0;3,0;2,0;1,5;4,111111111111111;2,0;4,0;1,4;2,5
2,0;3,0;5,0;2,75;3,888888888888889;1,0;3,6666666666666665;2,8;2,5
2,0;3,0;5,0;4,25;4,333333333333333;4,0;1,1666666666666667;3,2;3,25
2,0;3,0;2,5;1,75;4,111111111111111;3,5;1,3333333333333333;3,0;3,0
2,0;3,0;4,0;2,0;4,777777777777778;3,0;3,1666666666666665;1,4;2,0
2,0;3,0;5,0;3,5;4,333333333333333;3,0;1,8333333333333333;3,0;3,25
2,0;3,0;2,0;3,0;4,222222222222222;3,5;2,8333333333333335;3,2;3,25
2,0;3,0;3,5;2,25;2,7777777777777777;1,0;1,0;2,0;2,5
2,0;3,0;4,5;3,25;4,777777777777778;2,0;1,0;3,2;3,0
1,0;1,0;3,0;2,75;3,2222222222222223;4,0;2,8333333333333335;3,2;3,25
1,0;1,0;2,5;3,5;3,4444444444444446;2,5;3,1666666666666665;3,2;3,75
1,0;1,0;2,5;3,5;3,7777777777777777;4,5;3,0;3,4;3,25
1,0;1,0;1,5;1,0;2,6666666666666665;1,0;2,1666666666666665;3,2;3,0
1,0;1,0;1,5;1,0;2,0;1,0;2,1666666666666665;3,2;2,75
1,0;1,0;3,0;1,0;2,888888888888889;1,0;2,0;3,2;3,0
1,0;1,0;2,0;2,75;4,333333333333333;4,5;3,3333333333333335;2,8;3,0
1,0;1,0;1,0;3,0;4,222222222222222;2,0;1,3333333333333333;3,0;3,0
1,0;1,0;2,0;2,5;2,888888888888889;2,5;3,0;3,2;3,75
1,0;1,0;4,0;3,25;3,888888888888889;3,0;3,0;2,8;3,25
1,0;1,0;3,0;3,0;3,888888888888889;1,5;3,1666666666666665;3,8;2,75
1,0;1,0;3,0;3,75;3,7777777777777777;3,5;2,5;3,8;3,25
2,0;2,0;2,0;2,75;3,2222222222222223;2,5;2,3333333333333335;3,2;3,0
2,0;2,0;3,5;2,75;3,6666666666666665;3,0;3,5;3,4;3,5
2,0;2,0;5,0;3,0;4,666666666666667;3,0;3,0;3,0;3,0
2,0;2,0;2,0;2,75;3,111111111111111;1,5;3,6666666666666665;3,0;3,0
2,0;2,0;3,5;3,25;2,888888888888889;1,0;1,0;3,2;2,25
2,0;2,0;4,5;3,0;4,444444444444445;4,0;3,3333333333333335;4,0;3,5
2,0;2,0;3,0;3,5;4,0;3,0;3,3333333333333335;3,4;3,5
2,0;2,0;3,0;2,5;4,555555555555555;3,0;4,0;4,0;3,25
2,0;2,0;3,5;2,75;4,333333333333333;5,0;3,8333333333333335;3,0;3,25
2,0;2,0;2,0;2,5;3,888888888888889;4,0;3,5;3,6;3,25
1,0;1,0;1,5;2,75;2,5555555555555554;1,0;2,1666666666666665;3,2;3,75
1,0;1,0;4,0;2,5;3,2222222222222223;2,5;1,3333333333333333;3,2;3,5
1,0;1,0;4,0;2,5;2,7777777777777777;1,0;3,3333333333333335;3,8;3,75
1,0;1,0;5,0;2,5;2,888888888888889;1,0;3,1666666666666665;2,6;2,25
1,0;1,0;1,5;2,5;2,2222222222222223;1,0;2,8333333333333335;2,8;3,25
1,0;1,0;1,5;2,0;2,4444444444444446;1,0;2,6666666666666665;3,4;4,0
1,0;1,0;2,0;2,0;4,222222222222222;2,5;2,6666666666666665;3,0;3,0
1,0;1,0;2,5;1,5;3,6666666666666665;1,0;3,0;3,2;3,5
1,0;1,0;3,5;3,25;3,111111111111111;2,0;2,5;3,6;3,25
1,0;1,0;1,0;1,0;1,0;1,0;1,3333333333333333;4,0;3,25
1,0;1,0;3,0;3,0;4,111111111111111;1,0;2,6666666666666665;3,4;3,75
1,0;1,0;3,0;3,25;2,5555555555555554;1,0;1,1666666666666667;3,2;3,75
1,0;1,0;4,0;3,5;4,222222222222222;2,0;4,0;3,6;3,5
1,0;1,0;3,0;2,75;3,2222222222222223;3,5;2,8333333333333335;4,0;3,25
1,0;1,0;4,0;2,5;2,5555555555555554;1,0;2,3333333333333335;3,4;2,75
1,0;1,0;1,5;3,75;4,222222222222222;4,0;3,5;2,6;3,0
1,0;1,0;4,0;3,5;3,5555555555555554;3,5;1,8333333333333333;3,4;3,5
1,0;1,0;2,0;3,5;3,6666666666666665;1,5;1,3333333333333333;3,2;3,0
1,0;1,0;4,0;4,0;3,7777777777777777;4,0;3,1666666666666665;3,6;3,0
1,0;1,0;5,0;3,25;2,888888888888889;2,0;2,3333333333333335;4,0;4,0
1,0;1,0;1,5;3,25;2,111111111111111;2,0;2,1666666666666665;3,4;3,25
1,0;4,0;4,0;4,0;3,2222222222222223;2,0;3,1666666666666665;3,2;3,5
1,0;4,0;3,0;3,75;3,888888888888889;1,0;2,6666666666666665;3,0;3,0
1,0;4,0;5,0;2,75;5,0;1,0;3,0;3,2;4,0
1,0;4,0;3,0;4,25;4,777777777777778;4,5;2,0;3,2;4,0
1,0;4,0;5,0;4,0;4,333333333333333;2,0;2,3333333333333335;3,2;3,25
1,0;4,0;4,5;3,0;4,555555555555555;3,0;2,6666666666666665;2,8;3,25
1,0;4,0;1,5;3,0;4,777777777777778;2,5;1,0;2,6;2,0
1,0;4,0;3,5;2,75;3,111111111111111;2,5;2,6666666666666665;3,2;3,25
1,0;4,0;5,0;2,75;4,888888888888889;3,0;2,1666666666666665;3,4;3,5
1,0;4,0;3,5;3,25;3,3333333333333335;1,0;4,0;2,8;3,5
2,0;2,0;1,0;2,75;2,111111111111111;2,5;1,6666666666666667;3,8;3,5
2,0;2,0;1,0;3,25;4,555555555555555;4,5;3,1666666666666665;2,8;2,25
2,0;2,0;2,0;3,0;1,7777777777777777;1,0;1,3333333333333333;2,8;3,25
2,0;2,0;3,0;3,0;3,6666666666666665;3,0;2,0;3,4;2,75
2,0;2,0;4,0;1,75;2,3333333333333335;3,5;2,6666666666666665;3,8;4,0
2,0;2,0;4,5;3,0;3,0;1,0;2,3333333333333335;3,4;2,75
2,0;2,0;3,5;3,5;4,0;4,0;2,3333333333333335;3,4;3,75
2,0;2,0;4,0;2,75;2,5555555555555554;4,5;3,1666666666666665;3,2;3,25
2,0;2,0;3,0;4,25;3,2222222222222223;3,5;4,0;3,8;4,0
2,0;2,0;3,0;2,5;1,7777777777777777;1,0;4,0;3,6;3,0
2,0;3,0;2,0;3,0;4,333333333333333;1,5;3,6666666666666665;2,2;1,75
2,0;3,0;3,5;3,25;3,6666666666666665;2,0;3,1666666666666665;2,4;2,0
2,0;3,0;4,5;3,0;4,0;3,5;2,3333333333333335;3,0;2,75
2,0;3,0;5,0;4,0;4,333333333333333;3,5;3,5;2,8;2,75
2,0;3,0;5,0;3,5;5,0;4,0;2,6666666666666665;2,4;3,75
2,0;3,0;3,5;3,5;4,0;3,0;1,0;2,8;2,75
2,0;3,0;3,0;3,5;4,333333333333333;3,5;2,5;3,0;2,25
2,0;3,0;4,5;2,0;3,2222222222222223;2,0;2,1666666666666665;2,6;2,75
2,0;3,0;3,5;2,75;4,888888888888889;3,0;3,0;3,0;3,5
2,0;3,0;3,0;3,0;5,0;1,0;3,1666666666666665;3,0;2,75
1,0;4,0;5,0;3,75;5,0;3,0;3,1666666666666665;3,2;3,0
1,0;4,0;1,5;2,0;4,666666666666667;3,0;3,8333333333333335;2,8;3,0
1,0;4,0;2,5;2,75;3,2222222222222223;1,0;2,6666666666666665;1,8;2,75
1,0;4,0;5,0;3,5;4,111111111111111;3,5;3,3333333333333335;1,8;2,25
1,0;4,0;4,5;2,5;3,6666666666666665;3,0;4,0;2,6;2,5
1,0;4,0;4,5;3,5;2,888888888888889;1,0;3,6666666666666665;2,8;1,75
1,0;4,0;3,0;2,5;3,111111111111111;1,0;2,3333333333333335;3,0;3,25
1,0;4,0;2,0;3,5;4,777777777777778;3,0;3,3333333333333335;2,8;2,75
1,0;4,0;2,5;3,5;2,3333333333333335;2,5;2,3333333333333335;3,6;2,75
1,0;4,0;4,5;2,75;4,888888888888889;1,0;2,5;3,2;3,25
1,0;1,0;3,0;2,0;1,6666666666666667;1,0;2,1666666666666665;3,2;2,75
1,0;1,0;1,5;2,0;3,5555555555555554;3,5;2,8333333333333335;2,4;3,0
1,0;1,0;4,0;2,5;3,6666666666666665;2,0;1,8333333333333333;2,6;3,5
1,0;1,0;3,0;3,0;1,8888888888888888;1,0;1,0;3,6;3,25
1,0;1,0;3,5;3,75;3,5555555555555554;2,5;1,1666666666666667;3,2;3,25
1,0;1,0;4,0;3,5;2,888888888888889;1,0;1,1666666666666667;3,2;3,25
1,0;2,0;3,0;4,0;3,7777777777777777;3,5;3,1666666666666665;4,0;3,0
1,0;2,0;3,0;3,5;3,0;2,0;1,1666666666666667;3,6;3,75
1,0;2,0;5,0;4,5;4,0;4,0;3,1666666666666665;3,6;3,75
1,0;2,0;1,5;3,25;3,2222222222222223;1,0;3,0;3,0;3,5
1,0;2,0;1,5;2,25;4,777777777777778;4,5;3,6666666666666665;2,2;1,75
1,0;2,0;4,0;3,75;4,0;2,0;3,3333333333333335;3,2;3,5
1,0;2,0;2,5;1,75;2,7777777777777777;3,5;1,0;3,4;2,0
1,0;2,0;2,0;2,75;3,3333333333333335;2,5;3,0;2,6;3,0
1,0;2,0;1,5;2,25;1,8888888888888888;1,0;2,1666666666666665;3,0;3,0
1,0;2,0;1,0;2,5;3,6666666666666665;4,0;2,6666666666666665;3,2;3,0
1,0;1,0;2,5;3,0;4,666666666666667;3,0;4,0;2,8;3,0
1,0;1,0;2,0;1,5;2,6666666666666665;1,5;2,1666666666666665;3,0;3,5
1,0;1,0;5,0;5,0;1,0;1,0;1,0;3,8;4,0
1,0;3,0;3,0;2,25;4,777777777777778;4,5;3,5;3,0;2,25
1,0;3,0;2,5;4,0;3,4444444444444446;2,5;2,3333333333333335;2,8;3,0
1,0;3,0;5,0;4,0;4,111111111111111;3,5;2,1666666666666665;3,8;3,75
1,0;3,0;3,0;3,0;3,888888888888889;3,0;2,5;3,6;3,25
1,0;3,0;5,0;3,25;3,888888888888889;2,5;1,8333333333333333;2,4;3,0
1,0;3,0;2,0;3,0;3,5555555555555554;2,5;2,0;3,2;2,25
1,0;3,0;4,0;3,25;3,6666666666666665;1,0;2,5;4,0;3,75
1,0;3,0;4,5;2,5;4,555555555555555;3,0;3,6666666666666665;3,2;3,25
1,0;3,0;4,0;3,0;3,7777777777777777;1,0;2,0;2,6;2,5
1,0;3,0;5,0;2,5;3,888888888888889;3,0;2,0;3,4;3,0
1,0;1,0;3,0;2,0;2,7777777777777777;1,0;3,0;3,6;4,0
1,0;1,0;5,0;4,75;5,0;5,0;3,0;4,0;4,0
1,0;1,0;4,0;4,0;3,7777777777777777;1,0;3,0;3,8;3,5
1,0;4,0;4,0;5,0;4,0;4,0;2,0;3,4;1,5
1,0;4,0;5,0;4,0;3,6666666666666665;4,0;3,0;3,0;2,75
1,0;4,0;1,0;2,5;3,4444444444444446;3,0;1,5;1,8;3,0
1,0;4,0;2,0;2,75;4,0;2,5;2,1666666666666665;1,8;3,5
1,0;4,0;1,5;3,25;4,0;4,0;3,1666666666666665;3,2;3,5
1,0;4,0;5,0;2,75;2,888888888888889;1,0;2,8333333333333335;2,4;2,5
1,0;4,0;2,5;4,0;2,3333333333333335;3,5;1,8333333333333333;2,4;3,25
1,0;4,0;1,5;2,0;3,6666666666666665;2,5;2,1666666666666665;2,6;2,0
1,0;4,0;3,5;2,5;5,0;3,0;3,5;1,8;1,25
1,0;4,0;1,5;2,75;5,0;4,5;2,8333333333333335;3,2;3,0
1,0;4,0;4,5;4,0;3,888888888888889;3,5;2,1666666666666665;2,8;2,75
1,0;4,0;5,0;3,75;4,777777777777778;3,5;2,5;3,2;2,75
1,0;4,0;3,5;2,0;4,888888888888889;3,0;4,0;3,2;2,75
1,0;4,0;2,5;3,5;4,777777777777778;2,0;3,6666666666666665;2,4;2,5
1,0;4,0;3,0;2,75;4,777777777777778;4,0;2,6666666666666665;3,0;3,0
1,0;4,0;5,0;3,75;3,888888888888889;2,5;2,3333333333333335;3,2;3,75
1,0;4,0;1,0;3,0;3,5555555555555554;3,5;3,0;2,6;3,0
1,0;4,0;4,5;3,75;2,7777777777777777;2,0;2,8333333333333335;3,4;3,25
1,0;4,0;3,0;4,0;3,5555555555555554;3,5;3,5;3,0;3,0
1,0;4,0;5,0;3,25;3,7777777777777777;4,0;3,5;3,4;4,0
1,0;1,0;4,5;3,0;4,111111111111111;2,5;2,1666666666666665;3,0;3,25
1,0;1,0;4,5;3,25;3,2222222222222223;1,0;3,0;3,2;3,5
1,0;1,0;1,5;2,5;3,3333333333333335;2,5;2,8333333333333335;2,6;2,75
1,0;1,0;1,5;3,75;2,888888888888889;2,0;2,8333333333333335;3,2;3,25
1,0;1,0;1,5;4,5;1,7777777777777777;1,5;3,6666666666666665;2,8;3,75
1,0;1,0;1,5;3,25;2,111111111111111;2,5;1,6666666666666667;3,2;3,25
1,0;1,0;4,5;3,5;3,3333333333333335;3,5;4,0;3,4;3,5
1,0;1,0;2,5;2,25;2,4444444444444446;2,5;1,6666666666666667;3,6;3,25
1,0;1,0;3,5;3,75;3,4444444444444446;1,0;3,0;3,4;3,5
1,0;1,0;1,0;1,25;3,5555555555555554;4,0;2,1666666666666665;3,6;3,75
1,0;1,0;4,0;4,0;3,888888888888889;3,5;2,0;3,2;3,0
1,0;1,0;2,5;1,75;2,7777777777777777;2,0;3,3333333333333335;3,2;3,0
1,0;1,0;3,0;3,75;3,7777777777777777;3,5;3,0;3,6;3,0
1,0;1,0;4,0;3,25;3,2222222222222223;1,0;2,8333333333333335;3,4;3,5
1,0;1,0;3,5;3,5;3,5555555555555554;1,0;2,8333333333333335;3,6;3,75
1,0;2,0;2,0;2,25;3,7777777777777777;4,0;2,3333333333333335;3,8;3,0
1,0;2,0;1,0;2,5;4,333333333333333;4,5;3,1666666666666665;3,8;3,0
1,0;2,0;5,0;5,0;5,0;5,0;1,0;3,4;4,0
1,0;2,0;4,0;3,75;4,777777777777778;4,0;3,6666666666666665;4,0;4,0
1,0;2,0;3,0;1,25;2,4444444444444446;1,0;3,0;3,0;2,75
1,0;2,0;2,5;1,5;3,5555555555555554;4,5;3,5;3,8;3,25
1,0;2,0;4,5;1,0;2,2222222222222223;3,0;2,1666666666666665;3,4;3,75
1,0;2,0;4,5;3,5;4,333333333333333;3,0;2,0;3,4;3,25
1,0;2,0;1,0;3,5;4,0;1,5;2,8333333333333335;3,0;2,75
1,0;2,0;1,0;1,25;1,7777777777777777;1,0;2,0;3,4;2,75
1,0;1,0;1,5;3,0;4,666666666666667;3,5;2,8333333333333335;4,0;4,0
1,0;1,0;3,0;3,0;4,666666666666667;3,5;2,8333333333333335;4,0;4,0
1,0;1,0;2,0;3,5;4,333333333333333;4,5;4,0;3,4;3,25
1,0;1,0;5,0;2,25;2,7777777777777777;4,0;2,6666666666666665;3,8;3,0
1,0;1,0;4,5;3,75;4,444444444444445;4,5;3,8333333333333335;3,8;3,75
1,0;1,0;5,0;3,75;2,3333333333333335;1,0;4,0;4,0;3,75
1,0;1,0;3,0;3,0;4,333333333333333;4,0;1,6666666666666667;3,6;3,5
1,0;1,0;4,0;3,5;3,5555555555555554;1,5;3,5;4,0;4,0
1,0;1,0;5,0;4,25;3,4444444444444446;3,5;2,3333333333333335;3,0;3,25
1,0;1,0;2,5;3,75;3,2222222222222223;2,0;2,6666666666666665;3,8;3,5
1,0;1,0;1,5;2,75;3,6666666666666665;3,5;2,6666666666666665;3,4;3,25
1,0;1,0;2,0;3,75;3,2222222222222223;3,0;1,0;3,8;4,0
1,0;4,0;4,0;3,25;3,3333333333333335;3,0;2,5;3,4;3,75
1,0;4,0;3,5;3,25;3,3333333333333335;2,0;1,5;3,2;3,75
1,0;4,0;2,5;3,75;3,3333333333333335;2,5;3,0;2,4;1,5
1,0;4,0;3,0;2,75;4,0;2,5;2,3333333333333335;3,8;3,75
1,0;4,0;1,5;3,5;1,0;1,0;1,0;2,4;2,75
1,0;4,0;3,0;2,0;2,4444444444444446;2,5;2,3333333333333335;2,8;3,5
1,0;4,0;3,0;2,75;4,111111111111111;3,0;1,6666666666666667;3,8;3,25
1,0;4,0;4,0;3,5;4,333333333333333;3,0;2,8333333333333335;3,4;3,75
1,0;4,0;2,5;2,75;3,888888888888889;2,0;1,8333333333333333;3,4;2,25
1,0;4,0;2,5;3,25;4,111111111111111;2,0;3,3333333333333335;2,8;3,25
1,0;1,0;2,0;1,0;3,4444444444444446;2,0;3,6666666666666665;4,0;3,75
1,0;1,0;3,5;1,0;3,0;1,0;3,3333333333333335;4,0;3,25
1,0;1,0;4,0;2,0;3,111111111111111;1,0;4,0;4,0;4,0
1,0;1,0;4,0;3,25;3,7777777777777777;2,5;1,1666666666666667;4,0;3,75
1,0;1,0;3,0;4,0;4,0;3,0;3,8333333333333335;4,0;3,75
1,0;1,0;2,0;4,0;2,3333333333333335;1,0;3,1666666666666665;4,0;3,75
1,0;1,0;2,5;2,5;4,111111111111111;3,5;2,0;3,2;3,5
1,0;1,0;1,5;2,0;4,888888888888889;3,0;4,0;3,8;3,5
1,0;1,0;2,5;3,25;2,4444444444444446;3,0;2,8333333333333335;3,0;2,75
1,0;2,0;1,5;2,5;4,0;1,5;3,1666666666666665;3,4;3,25
1,0;2,0;2,0;4,25;1,7777777777777777;1,0;1,6666666666666667;3,4;4,0
1,0;2,0;2,0;2,0;4,222222222222222;4,0;3,3333333333333335;3,2;2,25
1,0;2,0;3,5;3,25;2,888888888888889;4,0;3,1666666666666665;3,0;3,0
1,0;2,0;4,0;3,0;3,3333333333333335;2,5;2,0;3,6;3,0
1,0;2,0;2,5;2,75;3,888888888888889;1,0;3,8333333333333335;3,2;3,25
1,0;2,0;1,5;3,0;3,2222222222222223;1,0;3,0;2,4;2,25
1,0;2,0;2,5;2,25;1,8888888888888888;1,0;3,0;3,6;3,25
1,0;2,0;4,0;3,0;3,5555555555555554;2,5;2,5;3,6;3,25
1,0;2,0;5,0;3,5;2,3333333333333335;2,5;2,3333333333333335;3,0;3,5
3,0;3,0;4,5;3,25;5,0;1,5;2,1666666666666665;2,8;2,0
3,0;3,0;4,5;3,25;4,666666666666667;2,5;2,5;2,8;2,0
3,0;3,0;4,5;2,5;4,222222222222222;3,5;3,6666666666666665;3,4;3,0
3,0;3,0;2,0;2,5;4,333333333333333;2,0;2,3333333333333335;2,4;2,75
3,0;3,0;3,0;2,75;4,777777777777778;2,5;3,3333333333333335;2,0;2,25
3,0;3,0;2,5;3,0;4,444444444444445;2,5;2,3333333333333335;2,2;3,0
3,0;3,0;3,5;2,75;4,111111111111111;2,0;3,5;2,6;2,75
3,0;3,0;2,5;1,25;4,777777777777778;4,0;2,6666666666666665;1,8;1,0
3,0;3,0;5,0;3,0;4,444444444444445;2,0;1,5;2,8;2,5
3,0;3,0;1,5;3,25;2,888888888888889;2,0;3,3333333333333335;3,2;2,25
3,0;3,0;5,0;3,75;4,555555555555555;3,0;3,6666666666666665;2,8;3,0
3,0;3,0;5,0;3,25;4,444444444444445;1,5;2,0;2,4;2,5
3,0;3,0;4,0;2,25;4,666666666666667;3,0;1,8333333333333333;3,0;3,25
3,0;3,0;2,0;2,5;3,7777777777777777;2,0;2,8333333333333335;2,2;2,0
3,0;3,0;4,0;3,5;4,333333333333333;3,0;2,1666666666666665;2,8;2,5
3,0;3,0;3,5;3,25;4,444444444444445;3,5;3,6666666666666665;2,6;2,75
3,0;3,0;3,5;2,75;5,0;5,0;3,3333333333333335;2,6;2,75
3,0;3,0;3,5;4,0;3,7777777777777777;3,5;2,1666666666666665;3,0;3,0
3,0;3,0;5,0;3,0;4,222222222222222;2,0;2,5;2,6;2,25
3,0;3,0;5,0;3,5;4,333333333333333;1,0;2,1666666666666665;3,0;3,0
2,0;3,0;4,5;3,5;3,6666666666666665;2,0;2,6666666666666665;3,2;3,25
2,0;3,0;3,5;3,0;4,555555555555555;4,0;3,0;3,8;4,0
2,0;3,0;3,5;1,75;2,7777777777777777;1,0;1,0;2,8;2,0
2,0;3,0;2,0;2,25;3,2222222222222223;1,5;3,6666666666666665;2,8;2,25
2,0;3,0;4,0;3,0;3,7777777777777777;2,0;3,0;3,0;3,0
2,0;3,0;4,0;2,75;3,7777777777777777;2,0;2,8333333333333335;3,4;3,0
2,0;3,0;4,5;2,25;3,7777777777777777;2,0;2,0;2,8;2,25
2,0;3,0;5,0;3,25;3,5555555555555554;3,5;2,1666666666666665;2,8;2,75
2,0;3,0;5,0;2,75;4,444444444444445;3,0;2,6666666666666665;3,4;3,0
2,0;3,0;4,0;3,5;4,333333333333333;4,0;3,6666666666666665;3,2;3,25
2,0;4,0;4,0;4,0;4,0;4,0;3,0;3,0;3,0
2,0;4,0;3,5;3,0;5,0;1,0;1,5;3,0;3,25
2,0;4,0;4,0;4,0;4,333333333333333;4,5;2,8333333333333335;3,6;3,5
2,0;4,0;4,5;2,75;3,3333333333333335;1,0;1,3333333333333333;3,0;3,25
2,0;4,0;3,0;4,0;4,444444444444445;2,0;1,5;3,4;3,25
2,0;4,0;3,0;3,5;4,666666666666667;3,5;2,8333333333333335;3,2;2,75
2,0;4,0;2,5;3,0;4,888888888888889;4,5;2,5;2,8;2,5
2,0;4,0;5,0;4,0;3,6666666666666665;3,0;4,0;3,4;3,5
2,0;4,0;3,0;2,25;2,7777777777777777;1,5;1,1666666666666667;2,2;2,0
2,0;4,0;2,0;4,0;3,888888888888889;3,0;2,6666666666666665;3,0;3,0
2,0;3,0;3,5;2,75;5,0;4,5;4,0;2,6;2,0
2,0;3,0;5,0;2,5;4,555555555555555;1,0;2,0;2,4;2,75
2,0;3,0;3,5;2,75;3,888888888888889;1,5;2,3333333333333335;2,4;1,75
2,0;3,0;4,0;1,5;4,222222222222222;1,0;3,1666666666666665;1,8;1,75
2,0;3,0;3,0;3,0;4,555555555555555;2,0;4,0;3,2;2,75
2,0;3,0;5,0;3,75;4,444444444444445;3,0;2,5;2,6;2,5
2,0;3,0;2,5;2,75;4,0;2,0;2,1666666666666665;2,4;2,0
2,0;3,0;3,0;2,75;3,6666666666666665;1,0;2,5;1,8;2,0
2,0;3,0;4,0;2,5;4,444444444444445;1,0;2,8333333333333335;2,8;1,25
2,0;3,0;4,5;3,25;4,222222222222222;3,0;3,5;3,4;3,25
2,0;2,0;3,0;3,5;3,2222222222222223;1,0;2,3333333333333335;2,8;2,5
2,0;2,0;5,0;3,0;3,6666666666666665;1,0;2,3333333333333335;4,0;3,25
2,0;2,0;3,5;4,5;4,555555555555555;1,5;1,5;3,8;3,75
2,0;2,0;2,5;3,5;4,666666666666667;3,5;1,5;4,0;3,5
2,0;2,0;2,0;3,5;4,111111111111111;1,0;1,3333333333333333;4,0;3,75
2,0;2,0;3,0;2,75;3,3333333333333335;1,0;2,3333333333333335;3,4;3,25
2,0;2,0;2,0;2,0;3,4444444444444446;3,0;1,8333333333333333;3,2;2,75
2,0;2,0;3,5;2,75;3,7777777777777777;2,5;4,0;3,2;2,5
2,0;2,0;1,0;2,0;1,4444444444444444;1,5;2,5;3,8;3,0
2,0;2,0;1,5;3,25;3,4444444444444446;2,0;1,8333333333333333;3,8;3,75
1,0;1,0;1,0;2,25;3,2222222222222223;3,5;2,5;3,6;3,5
1,0;1,0;2,5;3,25;2,3333333333333335;2,0;2,0;3,2;3,0
1,0;1,0;3,0;3,75;4,0;3,5;3,0;3,2;3,5
1,0;2,0;3,5;3,25;3,6666666666666665;3,0;3,3333333333333335;3,0;3,0
1,0;2,0;2,5;4,5;4,0;2,5;3,3333333333333335;3,2;3,75
1,0;2,0;1,0;1,25;2,2222222222222223;2,0;1,6666666666666667;2,4;2,0
1,0;2,0;1,5;3,0;3,111111111111111;2,0;2,6666666666666665;3,4;3,5
1,0;2,0;4,5;4,25;4,222222222222222;4,0;2,5;3,6;3,5
1,0;2,0;3,5;2,5;3,888888888888889;3,0;1,1666666666666667;3,6;3,75
1,0;2,0;1,0;2,5;4,0;4,0;3,1666666666666665;2,8;3,0
1,0;2,0;3,5;3,5;2,0;1,0;2,5;2,6;2,0
1,0;2,0;5,0;4,0;4,777777777777778;3,5;2,3333333333333335;3,6;4,0
1,0;2,0;3,5;2,75;3,888888888888889;3,5;4,0;2,8;3,75
1,0;2,0;2,0;4,25;2,3333333333333335;3,5;4,0;3,4;4,0
1,0;2,0;1,0;2,0;1,2222222222222223;1,0;1,5;3,2;3,5
1,0;2,0;1,5;2,75;4,333333333333333;2,0;3,8333333333333335;4,0;3,75
1,0;2,0;2,0;2,5;4,111111111111111;1,0;4,0;3,6;3,75
1,0;2,0;4,5;1,75;4,0;4,0;1,0;3,2;3,75
1,0;2,0;1,0;1,0;3,6666666666666665;4,0;3,8333333333333335;2,6;2,25
1,0;2,0;3,0;2,25;2,3333333333333335;1,0;4,0;3,8;3,5
1,0;2,0;4,5;3,25;3,4444444444444446;2,0;2,1666666666666665;3,4;3,5
1,0;2,0;1,5;2,0;2,2222222222222223;2,0;1,8333333333333333;2,0;2,0
1,0;2,0;2,0;2,0;4,555555555555555;2,0;3,8333333333333335;3,4;4,0
1,0;2,0;4,5;4,75;4,111111111111111;3,0;4,0;3,8;4,0
1,0;2,0;4,0;3,5;2,2222222222222223;2,5;3,0;3,4;3,5
1,0;2,0;3,0;3,5;1,4444444444444444;1,5;2,0;2,8;2,0
1,0;2,0;5,0;5,0;5,0;5,0;4,0;2,2;1,25
1,0;2,0;5,0;4,0;3,2222222222222223;3,0;3,1666666666666665;3,8;3,0
1,0;2,0;4,5;4,5;3,6666666666666665;2,0;3,0;4,0;3,5
1,0;2,0;1,5;2,5;2,888888888888889;1,0;2,0;3,0;2,5
1,0;2,0;3,5;1,75;3,3333333333333335;2,0;1,3333333333333333;3,6;2,75
1,0;2,0;3,0;4,25;4,777777777777778;5,0;4,0;4,0;4,0
1,0;2,0;1,5;2,25;3,0;1,0;3,1666666666666665;4,0;3,75
1,0;2,0;1,5;1,5;4,333333333333333;3,0;3,3333333333333335;2,8;3,0
1,0;2,0;2,0;3,25;3,4444444444444446;1,0;2,8333333333333335;2,8;2,75
1,0;2,0;1,5;1,5;4,0;1,0;1,6666666666666667;2,6;1,5
1,0;2,0;4,0;3,0;4,222222222222222;2,5;4,0;3,6;3,5
1,0;2,0;5,0;2,0;1,4444444444444444;1,0;4,0;4,0;4,0
1,0;2,0;4,0;2,75;3,888888888888889;4,5;4,0;2,6;3,0
1,0;2,0;4,0;3,0;3,5555555555555554;4,0;3,1666666666666665;3,0;2,75
1,0;2,0;2,0;3,25;2,7777777777777777;1,5;3,1666666666666665;3,6;3,25
1,0;2,0;5,0;5,0;4,0;4,5;4,0;4,0;4,0
1,0;2,0;3,5;3,25;4,888888888888889;4,5;3,6666666666666665;3,4;3,75
1,0;2,0;2,5;5,0;4,111111111111111;5,0;2,6666666666666665;4,0;3,5
1,0;2,0;1,5;4,0;3,4444444444444446;2,5;2,8333333333333335;3,2;3,0
1,0;2,0;4,0;2,5;3,3333333333333335;4,0;2,8333333333333335;3,0;3,5
1,0;2,0;1,0;2,75;2,7777777777777777;2,0;3,1666666666666665;2,6;1,5
1,0;2,0;2,0;3,0;3,4444444444444446;1,0;3,6666666666666665;3,0;3,0
1,0;2,0;2,0;3,0;3,4444444444444446;2,5;2,1666666666666665;2,8;3,25
1,0;2,0;1,5;3,25;4,222222222222222;3,0;3,6666666666666665;3,2;3,0
1,0;2,0;2,5;3,5;3,0;1,0;4,0;3,0;3,0
1,0;2,0;2,5;3,75;3,888888888888889;3,0;1,6666666666666667;3,0;3,5
1,0;2,0;2,0;2,25;3,0;1,0;1,8333333333333333;3,2;3,25
1,0;1,0;1,5;2,75;1,6666666666666667;2,5;1,3333333333333333;3,6;3,25
1,0;1,0;1,0;4,5;4,888888888888889;5,0;3,8333333333333335;3,6;4,0
1,0;1,0;1,5;4,0;3,3333333333333335;2,0;2,3333333333333335;3,4;3,25
1,0;1,0;2,5;3,0;2,6666666666666665;1,5;2,5;3,4;3,25
1,0;1,0;2,5;2,5;2,4444444444444446;1,0;2,3333333333333335;3,2;3,5
1,0;1,0;2,5;3,0;3,3333333333333335;1,5;3,1666666666666665;3,8;4,0
1,0;1,0;2,5;3,5;4,333333333333333;3,5;3,8333333333333335;2,8;2,5
1,0;1,0;1,0;3,25;1,6666666666666667;1,0;4,0;3,6;3,0
1,0;1,0;1,5;1,25;3,6666666666666665;2,5;2,1666666666666665;3,0;2,5
1,0;1,0;3,0;2,75;2,7777777777777777;2,0;2,8333333333333335;3,6;3,5
1,0;1,0;3,5;2,75;4,111111111111111;3,5;2,0;3,4;3,25
1,0;1,0;3,0;2,5;4,333333333333333;3,0;3,0;3,8;3,25
1,0;1,0;1,5;3,25;2,3333333333333335;1,0;1,8333333333333333;3,8;3,75
1,0;1,0;2,0;3,25;4,111111111111111;3,0;4,0;4,0;3,75
1,0;1,0;4,0;3,0;3,888888888888889;2,5;3,1666666666666665;3,8;3,75
1,0;1,0;3,5;1,5;3,111111111111111;3,0;2,0;3,8;4,0
1,0;1,0;5,0;1,0;3,888888888888889;3,5;2,5;4,0;4,0
1,0;1,0;3,5;1,0;2,6666666666666665;1,0;2,8333333333333335;3,6;3,5
1,0;1,0;5,0;3,0;4,0;4,0;3,0;4,0;4,0
1,0;1,0;4,0;3,75;4,888888888888889;4,5;3,3333333333333335;3,6;4,0
1,0;1,0;2,0;4,0;4,0;3,0;3,5;3,0;2,5
1,0;1,0;3,0;3,75;4,444444444444445;3,5;3,6666666666666665;3,8;3,5
1,0;1,0;2,5;1,75;1,4444444444444444;1,0;2,0;2,4;3,75
1,0;1,0;2,0;3,0;1,5555555555555556;1,0;1,6666666666666667;2,6;3,25
3,0;3,0;3,5;2,75;4,888888888888889;2,0;2,1666666666666665;3,2;3,0
3,0;3,0;2,5;2,25;4,777777777777778;4,5;2,6666666666666665;3,0;3,25
3,0;3,0;4,5;3,25;4,777777777777778;4,0;2,3333333333333335;2,6;2,25
3,0;3,0;2,5;2,75;3,888888888888889;3,0;2,1666666666666665;3,2;3,25
3,0;3,0;3,5;2,5;3,6666666666666665;3,0;2,3333333333333335;2,2;2,75
3,0;3,0;3,5;3,5;4,333333333333333;4,0;1,8333333333333333;2,6;2,25
3,0;3,0;4,0;2,5;4,111111111111111;2,0;2,5;3,2;2,5
3,0;3,0;4,0;3,25;4,444444444444445;4,5;3,8333333333333335;3,0;2,75
3,0;3,0;4,0;2,0;4,777777777777778;3,0;2,8333333333333335;3,2;2,75
3,0;3,0;3,0;3,0;4,666666666666667;3,5;3,3333333333333335;3,2;3,25
1,0;1,0;2,0;2,75;2,0;1,0;2,0;3,0;3,75
1,0;1,0;2,5;2,0;3,7777777777777777;2,0;3,3333333333333335;3,6;3,75
1,0;1,0;3,0;2,0;2,111111111111111;2,5;2,3333333333333335;3,2;3,25
1,0;1,0;2,0;3,5;4,111111111111111;3,5;3,1666666666666665;3,2;3,0
1,0;1,0;3,0;1,25;1,5555555555555556;3,5;1,8333333333333333;2,6;2,5
1,0;1,0;3,5;3,5;4,444444444444445;2,5;2,1666666666666665;3,4;3,25
1,0;1,0;1,5;2,75;2,2222222222222223;3,0;2,3333333333333335;3,6;4,0
1,0;1,0;1,0;2,0;2,5555555555555554;1,0;1,5;2,2;1,75
1,0;1,0;2,0;2,0;1,4444444444444444;1,0;3,0;3,4;3,0
1,0;1,0;2,0;2,5;1,5555555555555556;2,0;2,1666666666666665;3,4;3,0
1,0;1,0;1,5;2,25;3,7777777777777777;3,5;2,6666666666666665;3,4;2,5
1,0;1,0;1,0;1,5;3,3333333333333335;1,0;2,3333333333333335;2,6;2,25
1,0;1,0;4,0;3,25;4,222222222222222;4,0;2,5;3,0;3,75
1,0;1,0;3,5;2,25;3,5555555555555554;3,5;3,1666666666666665;2,6;3,75
1,0;1,0;2,5;3,0;3,5555555555555554;2,0;3,6666666666666665;3,6;3,25
1,0;2,0;3,5;4,5;3,2222222222222223;5,0;2,3333333333333335;3,2;2,75
1,0;2,0;1,0;3,75;5,0;5,0;3,0;2,6;4,0
1,0;2,0;5,0;3,0;3,3333333333333335;3,5;3,0;3,4;3,5
1,0;2,0;3,0;2,75;4,0;3,0;2,3333333333333335;3,8;3,25
1,0;2,0;5,0;5,0;4,0;3,0;2,8333333333333335;3,8;4,0
1,0;2,0;3,0;3,5;3,2222222222222223;3,0;3,0;3,2;3,5
1,0;2,0;2,0;3,25;4,222222222222222;2,5;3,5;4,0;3,75
1,0;2,0;3,5;3,5;3,888888888888889;3,5;3,0;3,8;2,75
1,0;2,0;1,0;1,0;1,2222222222222223;1,0;1,0;4,0;4,0
1,0;2,0;5,0;5,0;4,777777777777778;2,0;2,5;4,0;4,0
1,0;2,0;4,0;4,0;3,6666666666666665;2,0;3,3333333333333335;3,2;4,0
1,0;2,0;1,0;4,0;3,111111111111111;1,5;2,6666666666666665;3,2;3,0
1,0;2,0;3,0;2,75;2,5555555555555554;1,5;1,1666666666666667;3,0;3,25
1,0;2,0;3,0;3,25;3,4444444444444446;1,0;3,5;3,2;3,5
1,0;2,0;4,5;2,75;2,888888888888889;1,0;2,5;3,0;3,25
1,0;2,0;3,0;3,0;4,0;3,0;2,6666666666666665;3,2;3,0
1,0;2,0;3,0;2,75;3,3333333333333335;1,0;1,6666666666666667;1,8;2,75
1,0;2,0;3,0;3,0;2,3333333333333335;2,5;2,6666666666666665;3,0;3,25
1,0;2,0;5,0;4,25;3,4444444444444446;2,5;3,0;3,6;4,0
1,0;2,0;4,5;4,0;3,7777777777777777;2,0;3,8333333333333335;3,2;2,75
1,0;2,0;3,0;2,0;3,0;3,0;2,5;4,0;4,0
1,0;2,0;1,0;3,25;3,111111111111111;3,0;2,0;3,8;3,75
1,0;2,0;4,0;3,75;3,2222222222222223;1,5;1,0;3,2;2,75
1,0;2,0;5,0;4,5;4,111111111111111;1,5;1,3333333333333333;2,2;2,75
1,0;2,0;2,5;4,25;5,0;5,0;4,0;3,0;2,75
1,0;2,0;4,0;4,0;4,555555555555555;3,0;4,0;3,8;3,25
1,0;2,0;2,0;3,0;2,3333333333333335;1,0;2,1666666666666665;3,0;3,0
1,0;2,0;1,0;3,0;4,0;4,0;4,0;2,4;3,0
1,0;2,0;4,5;3,25;2,3333333333333335;1,0;1,8333333333333333;3,2;3,5
1,0;2,0;4,0;2,75;3,111111111111111;3,5;2,1666666666666665;3,4;3,0
1,0;2,0;2,0;2,5;4,555555555555555;4,0;3,1666666666666665;2,6;1,75
1,0;2,0;4,0;4,0;4,111111111111111;1,0;3,3333333333333335;2,8;3,0
1,0;2,0;2,0;3,25;3,3333333333333335;1,0;4,0;3,0;3,25
1,0;2,0;2,0;2,75;3,111111111111111;2,0;2,5;3,8;4,0
1,0;2,0;4,5;4,25;4,666666666666667;3,0;3,6666666666666665;3,6;3,25
1,0;2,0;3,5;3,75;3,111111111111111;1,0;3,5;3,4;3,75
1,0;2,0;3,5;2,75;4,444444444444445;1,0;3,6666666666666665;2,6;2,5
1,0;2,0;4,0;3,75;3,0;3,0;3,0;3,0;3,25
1,0;2,0;4,0;3,0;4,222222222222222;2,5;1,8333333333333333;3,4;3,25
1,0;2,0;4,5;3,0;4,777777777777778;3,0;3,1666666666666665;3,6;3,25
1,0;1,0;5,0;5,0;4,555555555555555;4,5;4,0;3,8;4,0
1,0;1,0;5,0;4,5;4,111111111111111;3,5;3,8333333333333335;3,6;4,0
1,0;1,0;2,5;3,5;4,888888888888889;4,0;2,0;3,8;3,5
1,0;1,0;5,0;5,0;2,6666666666666665;2,5;4,0;3,0;3,0
1,0;1,0;2,0;2,25;2,7777777777777777;1,0;2,1666666666666665;3,4;3,5
1,0;1,0;4,5;3,5;4,555555555555555;1,0;3,1666666666666665;3,8;3,5
1,0;1,0;4,5;3,25;3,888888888888889;1,0;1,6666666666666667;3,8;4,0
1,0;1,0;4,0;2,5;2,4444444444444446;2,0;1,0;2,8;2,75
1,0;1,0;2,5;4,0;2,4444444444444446;3,5;2,0;4,0;3,25
1,0;1,0;4,0;2,75;3,7777777777777777;2,0;3,5;3,4;3,25
1,0;1,0;2,0;1,5;2,7777777777777777;2,0;2,3333333333333335;3,4;3,5
1,0;1,0;3,0;2,75;3,3333333333333335;2,5;3,3333333333333335;2,8;3,75
1,0;2,0;5,0;4,5;2,6666666666666665;2,5;2,6666666666666665;3,2;1,0
1,0;2,0;4,0;4,0;4,444444444444445;5,0;1,5;3,2;3,0
1,0;2,0;5,0;4,0;4,0;4,0;1,0;3,2;3,25
1,0;2,0;2,0;5,0;3,2222222222222223;4,0;3,8333333333333335;3,4;4,0
1,0;2,0;4,0;4,0;2,7777777777777777;2,5;1,6666666666666667;3,8;4,0
1,0;2,0;2,5;3,25;2,3333333333333335;1,0;1,0;3,4;2,25
1,0;2,0;4,0;4,0;4,111111111111111;1,0;2,8333333333333335;3,6;3,75
1,0;2,0;5,0;3,0;4,555555555555555;5,0;3,3333333333333335;3,2;3,0
1,0;2,0;4,0;3,0;4,111111111111111;3,5;2,6666666666666665;3,6;3,75
1,0;2,0;2,5;2,75;4,0;3,5;2,8333333333333335;2,8;3,5
1,0;1,0;3,0;3,0;3,2222222222222223;1,5;2,1666666666666665;3,0;3,0
1,0;1,0;1,5;2,75;3,3333333333333335;1,0;2,6666666666666665;2,8;3,0
1,0;1,0;2,0;3,0;3,3333333333333335;2,0;2,1666666666666665;3,4;3,0
1,0;1,0;4,0;3,75;3,888888888888889;5,0;3,0;3,8;3,75
1,0;1,0;5,0;5,0;2,111111111111111;2,5;3,0;3,2;3,0
1,0;1,0;3,5;2,75;3,5555555555555554;2,5;3,1666666666666665;2,6;2,5
1,0;1,0;2,5;3,0;2,7777777777777777;2,5;2,6666666666666665;2,6;3,25
1,0;1,0;1,0;2,5;4,111111111111111;1,0;2,5;2,8;2,5
1,0;1,0;4,0;3,25;3,0;1,0;2,3333333333333335;3,6;3,5
1,0;3,0;5,0;3,25;4,666666666666667;2,5;2,6666666666666665;2,8;3,25
1,0;3,0;5,0;3,0;4,555555555555555;4,0;3,5;3,2;3,25
1,0;3,0;3,5;4,0;4,222222222222222;3,0;1,8333333333333333;3,2;3,25
1,0;3,0;5,0;3,25;4,666666666666667;2,5;2,0;3,0;2,75
1,0;3,0;4,0;2,5;4,888888888888889;2,5;4,0;2,6;3,75
1,0;3,0;4,0;4,25;4,777777777777778;4,0;4,0;3,0;3,0
1,0;3,0;4,0;3,25;4,222222222222222;4,0;3,6666666666666665;3,4;3,25
1,0;3,0;2,0;3,0;4,222222222222222;3,5;2,0;3,0;3,0
1,0;3,0;4,5;3,0;3,7777777777777777;2,0;1,6666666666666667;3,2;3,75
1,0;3,0;4,5;3,0;4,777777777777778;2,0;3,5;2,6;2,75
1,0;1,0;2,5;3,25;2,5555555555555554;1,0;2,6666666666666665;3,6;4,0
1,0;1,0;1,0;4,0;3,6666666666666665;2,0;3,1666666666666665;3,6;4,0
1,0;1,0;3,5;4,0;4,444444444444445;3,5;3,3333333333333335;3,4;3,75
1,0;1,0;3,0;3,5;4,0;3,5;3,3333333333333335;3,4;3,5
1,0;1,0;5,0;3,0;2,888888888888889;2,0;2,3333333333333335;2,2;2,75
1,0;1,0;4,0;3,5;3,5555555555555554;2,5;2,5;3,2;3,25
1,0;1,0;4,5;3,25;2,2222222222222223;1,0;1,3333333333333333;3,8;4,0
1,0;1,0;2,5;2,0;2,5555555555555554;1,0;1,5;3,6;3,25
1,0;1,0;4,0;2,5;4,888888888888889;2,0;2,3333333333333335;2,8;2,75
1,0;1,0;3,0;4,0;4,0;3,5;2,5;4,0;3,25
1,0;1,0;3,0;2,75;4,222222222222222;4,5;3,6666666666666665;3,8;3,75
1,0;1,0;2,0;3,25;3,3333333333333335;2,5;2,0;3,6;3,0
1,0;1,0;3,0;3,25;4,666666666666667;5,0;3,5;3,6;2,75
1,0;1,0;5,0;4,25;4,777777777777778;4,0;3,6666666666666665;3,8;3,25
1,0;1,0;4,0;2,5;2,6666666666666665;3,0;1,1666666666666667;3,0;3,5
1,0;1,0;5,0;5,0;4,555555555555555;5,0;4,0;2,8;4,0
1,0;1,0;5,0;5,0;4,555555555555555;5,0;4,0;4,0;4,0
1,0;1,0;3,5;3,5;3,2222222222222223;4,0;1,5;3,8;3,5
1,0;1,0;3,0;2,25;3,888888888888889;3,0;3,3333333333333335;4,0;3,75
1,0;1,0;4,0;3,0;4,777777777777778;1,0;2,0;3,6;3,75
1,0;1,0;1,0;1,75;1,7777777777777777;1,0;1,0;1,8;1,5
1,0;4,0;3,0;1,75;4,0;3,5;1,5;1,8;1,75
1,0;4,0;3,0;2,75;3,6666666666666665;2,0;1,3333333333333333;2,8;3,0
1,0;4,0;3,0;2,5;4,777777777777778;2,5;3,8333333333333335;3,0;3,0
1,0;4,0;2,0;2,25;3,7777777777777777;2,5;3,5;2,8;2,0
1,0;4,0;2,5;2,75;4,333333333333333;3,5;3,8333333333333335;2,6;2,75
1,0;4,0;4,0;3,0;4,222222222222222;3,5;3,3333333333333335;2,8;2,25
1,0;4,0;2,0;2,25;1,8888888888888888;1,0;1,0;4,0;4,0
1,0;4,0;5,0;3,5;4,888888888888889;3,0;2,6666666666666665;3,4;4,0
1,0;4,0;4,0;2,25;2,7777777777777777;1,5;2,5;1,0;2,0
1,0;4,0;2,0;2,75;4,222222222222222;3,5;2,6666666666666665;3,2;3,25
1,0;1,0;3,0;4,0;4,0;3,5;2,8333333333333335;3,4;3,75
1,0;1,0;3,5;3,25;3,6666666666666665;2,0;1,5;4,0;4,0
1,0;1,0;2,5;3,25;3,7777777777777777;3,0;3,0;4,0;4,0
2,0;2,0;4,0;3,0;4,666666666666667;1,0;3,3333333333333335;2,8;3,25
2,0;2,0;4,0;2,75;3,0;1,5;2,6666666666666665;3,4;3,5
2,0;2,0;3,5;2,5;5,0;5,0;3,0;3,0;3,25
2,0;2,0;4,5;4,0;3,888888888888889;2,0;2,0;3,0;2,75
2,0;2,0;5,0;4,75;4,222222222222222;3,0;3,5;3,6;3,75
2,0;2,0;3,0;2,5;4,333333333333333;1,0;3,6666666666666665;3,2;3,5
2,0;2,0;5,0;3,75;3,2222222222222223;2,5;2,8333333333333335;4,0;3,75
2,0;2,0;3,0;3,25;4,777777777777778;4,0;3,6666666666666665;3,8;4,0
2,0;2,0;5,0;4,0;3,5555555555555554;3,5;4,0;4,0;4,0
2,0;2,0;4,5;4,0;3,111111111111111;2,5;3,0;4,0;4,0
1,0;1,0;1,5;3,75;4,444444444444445;2,5;3,5;4,0;4,0
1,0;1,0;3,5;5,0;5,0;5,0;3,6666666666666665;3,0;2,25
1,0;1,0;1,5;2,5;3,3333333333333335;1,0;2,0;4,0;4,0
1,0;1,0;2,0;2,25;3,111111111111111;2,0;2,1666666666666665;3,2;3,0
1,0;1,0;3,0;3,25;4,222222222222222;2,0;2,3333333333333335;3,0;2,75
1,0;1,0;2,0;1,75;3,0;2,5;2,0;3,2;3,25
1,0;1,0;4,0;2,75;3,6666666666666665;2,0;3,6666666666666665;3,0;3,0
1,0;1,0;3,0;3,0;3,6666666666666665;3,5;3,0;3,2;3,5
1,0;1,0;2,0;3,5;4,555555555555555;4,0;4,0;3,2;3,75
1,0;1,0;3,5;3,0;3,111111111111111;2,5;1,8333333333333333;3,0;3,5
1,0;1,0;1,5;2,0;3,4444444444444446;1,0;2,8333333333333335;2,8;3,0
1,0;1,0;4,5;3,0;4,222222222222222;1,0;3,6666666666666665;4,0;3,75
1,0;1,0;2,0;2,5;4,0;2,0;3,0;3,0;2,75
1,0;1,0;3,5;2,75;3,888888888888889;2,5;2,3333333333333335;3,4;3,0
1,0;1,0;2,5;3,0;4,666666666666667;5,0;4,0;3,4;3,5
1,0;1,0;1,5;3,25;2,3333333333333335;2,0;1,3333333333333333;3,4;3,25
1,0;1,0;5,0;3,5;3,5555555555555554;3,0;1,3333333333333333;3,2;3,75
1,0;1,0;2,5;2,5;3,0;1,0;1,3333333333333333;3,6;3,0
1,0;1,0;3,5;3,0;4,111111111111111;3,0;3,0;3,0;2,75
1,0;1,0;3,0;2,25;3,6666666666666665;1,0;3,8333333333333335;2,6;1,5
1,0;1,0;1,0;2,25;3,4444444444444446;2,0;2,0;1,8;2,5
1,0;4,0;3,5;3,25;3,888888888888889;1,0;2,3333333333333335;3,4;2,75
1,0;4,0;4,5;2,75;4,777777777777778;2,5;3,6666666666666665;3,2;3,5
1,0;4,0;5,0;5,0;4,333333333333333;3,0;1,0;3,0;3,75
1,0;4,0;4,5;3,5;4,0;2,5;3,0;2,4;2,25
1,0;4,0;4,0;3,75;4,0;1,5;2,3333333333333335;2,4;2,25
1,0;4,0;5,0;4,75;4,0;2,5;2,3333333333333335;3,6;3,75
1,0;4,0;5,0;2,5;4,111111111111111;2,0;3,5;3,0;3,25
1,0;4,0;5,0;4,25;4,111111111111111;4,5;3,1666666666666665;3,2;1,75
1,0;4,0;5,0;3,0;4,333333333333333;3,5;1,5;3,0;3,25
1,0;4,0;4,5;4,5;3,6666666666666665;2,5;4,0;3,0;3,75
1,0;1,0;2,0;3,0;3,111111111111111;3,0;1,3333333333333333;4,0;3,75
1,0;1,0;1,0;1,0;1,6666666666666667;1,0;1,6666666666666667;3,2;2,5
1,0;1,0;2,0;2,75;4,222222222222222;3,5;3,8333333333333335;3,4;3,25
1,0;1,0;1,0;1,75;3,5555555555555554;1,0;1,0;3,4;2,75
1,0;1,0;4,0;3,0;2,6666666666666665;2,5;2,1666666666666665;3,2;3,25
1,0;1,0;3,0;3,0;3,3333333333333335;3,5;2,6666666666666665;3,2;3,5
1,0;1,0;1,5;2,25;2,888888888888889;2,0;1,0;1,8;2,0
1,0;1,0;3,0;1,25;4,666666666666667;3,5;2,6666666666666665;3,8;3,25
1,0;1,0;2,0;2,75;1,0;1,0;1,1666666666666667;3,4;3,25
1,0;1,0;1,5;3,25;2,0;1,0;2,0;3,0;3,0
1,0;1,0;4,5;3,25;5,0;5,0;3,8333333333333335;4,0;3,75
1,0;1,0;4,0;2,5;3,5555555555555554;2,5;2,6666666666666665;3,0;2,5
1,0;1,0;5,0;1,25;4,666666666666667;4,0;3,8333333333333335;2,8;2,75
1,0;1,0;3,0;1,5;3,4444444444444446;2,0;2,3333333333333335;3,6;3,5
1,0;1,0;4,5;1,0;3,0;1,0;3,6666666666666665;3,6;3,25
1,0;1,0;2,5;2,25;2,5555555555555554;3,0;3,3333333333333335;3,0;3,0
1,0;1,0;3,0;2,75;3,111111111111111;3,5;3,0;2,8;3,0
1,0;1,0;2,5;2,25;3,0;3,0;2,0;3,6;4,0
1,0;1,0;4,0;2,5;3,4444444444444446;1,5;4,0;3,4;3,25
1,0;1,0;1,5;3,0;4,0;3,0;2,1666666666666665;2,8;2,5
1,0;1,0;2,5;2,5;2,7777777777777777;1,5;1,0;3,4;3,5
1,0;3,0;2,0;1,75;3,4444444444444446;3,0;3,3333333333333335;3,4;2,5
1,0;3,0;2,0;3,5;3,6666666666666665;4,0;2,6666666666666665;3,0;3,0
1,0;3,0;3,0;2,25;3,6666666666666665;1,0;3,6666666666666665;1,6;2,75
1,0;3,0;4,5;3,75;4,888888888888889;4,0;3,5;3,2;3,75
1,0;3,0;5,0;5,0;4,0;4,0;1,0;4,0;4,0
1,0;3,0;2,5;3,75;3,6666666666666665;2,5;1,8333333333333333;3,4;3,0
1,0;3,0;4,0;3,0;3,6666666666666665;1,0;2,3333333333333335;2,2;2,0
1,0;3,0;5,0;3,5;4,666666666666667;4,0;2,1666666666666665;3,4;2,25
1,0;3,0;4,0;3,75;4,666666666666667;3,5;2,5;3,2;3,25
1,0;3,0;2,0;3,75;4,777777777777778;4,0;4,0;3,6;2,0
1,0;1,0;2,0;2,0;2,0;1,0;2,0;3,6;4,0
1,0;1,0;2,0;2,75;4,555555555555555;3,0;3,6666666666666665;2,8;2,5
1,0;1,0;4,0;3,5;4,0;3,0;3,5;3,4;3,5
1,0;1,0;2,0;3,0;4,111111111111111;2,0;2,3333333333333335;3,2;2,75
1,0;1,0;4,5;4,0;2,2222222222222223;3,5;2,1666666666666665;3,8;4,0
1,0;1,0;4,0;3,75;4,333333333333333;3,0;1,6666666666666667;3,6;3,25
1,0;1,0;5,0;4,75;4,888888888888889;4,0;4,0;4,0;3,75
1,0;1,0;3,5;3,0;2,5555555555555554;2,5;3,3333333333333335;3,2;2,75
1,0;1,0;3,0;4,5;4,111111111111111;1,0;3,6666666666666665;3,4;3,5
1,0;1,0;1,0;2,5;1,8888888888888888;1,0;2,1666666666666665;4,0;3,25
1,0;1,0;1,0;4,0;2,7777777777777777;1,0;1,0;3,6;3,75
1,0;1,0;3,5;2,25;3,4444444444444446;1,0;1,5;3,4;2,75
1,0;1,0;4,0;1,0;5,0;4,0;3,5;3,6;3,75
1,0;1,0;4,0;2,25;2,4444444444444446;1,0;2,3333333333333335;4,0;3,0
1,0;1,0;1,5;2,5;2,7777777777777777;2,0;2,5;3,0;3,75
1,0;2,0;5,0;4,75;5,0;5,0;3,8333333333333335;4,0;3,75
1,0;2,0;5,0;4,75;5,0;4,0;3,8333333333333335;4,0;4,0
1,0;2,0;2,0;4,0;1,8888888888888888;1,5;3,5;3,4;2,75
1,0;2,0;3,0;4,5;3,5555555555555554;3,5;3,0;3,0;3,0
1,0;2,0;1,0;4,25;2,6666666666666665;1,0;1,5;2,2;1,5
1,0;2,0;4,5;5,0;4,222222222222222;1,0;4,0;4,0;4,0
1,0;2,0;5,0;5,0;4,444444444444445;3,0;2,5;3,4;3,75
1,0;2,0;5,0;5,0;5,0;5,0;3,0;4,0;3,25
1,0;2,0;1,0;3,0;4,0;2,5;2,8333333333333335;3,6;3,75
1,0;2,0;2,0;3,25;2,111111111111111;1,5;1,3333333333333333;3,8;4,0
2,0;3,0;5,0;3,25;4,333333333333333;3,0;2,3333333333333335;2,2;2,5
2,0;3,0;4,5;1,75;4,0;3,0;2,1666666666666665;2,6;1,25
2,0;3,0;4,0;2,0;4,111111111111111;2,0;1,1666666666666667;3,8;3,75
2,0;3,0;5,0;3,75;5,0;4,0;4,0;2,8;3,0
2,0;3,0;5,0;4,5;4,0;2,5;3,3333333333333335;3,4;3,5
2,0;3,0;4,0;2,25;5,0;3,0;3,5;2,0;1,0
2,0;3,0;4,5;3,5;4,444444444444445;2,0;1,6666666666666667;3,0;2,5
2,0;3,0;5,0;4,0;5,0;5,0;2,6666666666666665;3,8;4,0
2,0;3,0;4,0;3,0;4,111111111111111;3,5;2,0;2,0;2,0
2,0;3,0;4,0;3,0;4,0;3,0;2,1666666666666665;2,8;3,0
1,0;1,0;5,0;3,0;4,222222222222222;1,0;3,8333333333333335;3,6;4,0
1,0;1,0;4,0;3,5;3,2222222222222223;3,0;3,0;3,8;3,75
1,0;1,0;4,5;2,25;4,111111111111111;2,0;2,3333333333333335;3,6;3,75
1,0;4,0;4,0;3,0;2,111111111111111;1,0;2,6666666666666665;2,6;2,25
1,0;4,0;3,0;2,75;3,6666666666666665;1,0;4,0;3,4;3,0
1,0;4,0;3,5;3,25;4,444444444444445;3,5;3,3333333333333335;4,0;4,0
1,0;4,0;3,5;3,25;4,333333333333333;2,0;3,6666666666666665;2,8;3,0
1,0;4,0;4,5;3,25;3,0;2,5;3,0;3,6;2,25
1,0;4,0;3,0;3,0;4,0;2,0;1,3333333333333333;3,4;3,25
1,0;4,0;5,0;3,25;4,444444444444445;4,0;2,6666666666666665;3,6;3,0
1,0;4,0;2,5;1,75;5,0;4,5;3,3333333333333335;3,2;2,75
1,0;4,0;4,5;3,0;3,6666666666666665;1,5;3,0;3,2;2,75
1,0;4,0;4,0;2,5;2,888888888888889;1,0;2,8333333333333335;2,6;2,25
1,0;1,0;3,0;2,0;3,7777777777777777;2,0;3,0;4,0;4,0
1,0;1,0;1,0;1,5;2,6666666666666665;3,5;2,0;3,0;3,0
1,0;1,0;2,5;3,5;3,5555555555555554;1,0;2,8333333333333335;3,4;3,5
1,0;1,0;4,0;3,25;2,888888888888889;2,5;1,1666666666666667;2,8;3,25
1,0;1,0;2,0;1,75;4,0;2,0;4,0;3,2;3,5
1,0;1,0;3,0;2,25;3,0;1,0;3,6666666666666665;3,2;3,25
2,0;3,0;5,0;3,75;4,555555555555555;3,0;2,0;2,8;2,5
2,0;3,0;4,0;4,0;4,111111111111111;2,0;2,1666666666666665;3,0;3,75
2,0;3,0;3,0;3,0;3,7777777777777777;3,0;3,1666666666666665;2,4;2,75
2,0;3,0;4,5;3,25;4,222222222222222;3,5;2,3333333333333335;2,8;3,25
2,0;3,0;4,0;3,5;3,7777777777777777;3,5;2,6666666666666665;3,0;3,0
2,0;3,0;5,0;4,0;4,888888888888889;4,0;2,8333333333333335;3,8;3,5
2,0;3,0;4,0;3,25;4,777777777777778;3,5;1,8333333333333333;2,4;2,0
2,0;3,0;4,5;3,75;4,111111111111111;1,0;3,1666666666666665;2,8;2,75
2,0;3,0;3,0;3,75;3,888888888888889;4,0;2,1666666666666665;3,0;2,75
2,0;3,0;2,0;3,25;3,6666666666666665;2,0;2,6666666666666665;2,6;3,25
1,0;1,0;4,5;1,0;4,222222222222222;2,0;3,1666666666666665;3,2;3,25
1,0;1,0;2,0;1,5;2,111111111111111;2,5;2,8333333333333335;2,8;2,75
1,0;1,0;4,0;3,0;1,5555555555555556;1,0;1,3333333333333333;4,0;3,25
1,0;4,0;3,5;3,0;3,111111111111111;3,0;3,0;4,0;3,25
1,0;4,0;5,0;4,0;3,7777777777777777;3,5;2,5;2,6;2,75
1,0;4,0;2,0;3,0;3,2222222222222223;3,0;2,1666666666666665;3,0;3,0
1,0;4,0;3,0;2,0;3,0;1,5;3,5;3,6;3,5
1,0;4,0;5,0;5,0;4,555555555555555;4,5;3,1666666666666665;4,0;4,0
1,0;4,0;4,5;4,25;4,777777777777778;3,5;3,5;4,0;3,5
1,0;4,0;4,0;4,0;5,0;4,0;3,0;3,8;3,25
1,0;4,0;2,5;3,25;4,666666666666667;2,0;1,0;2,0;1,75
1,0;4,0;5,0;5,0;5,0;4,5;4,0;4,0;4,0
1,0;4,0;4,0;4,25;3,4444444444444446;2,0;3,6666666666666665;2,4;1,75
1,0;1,0;3,0;4,0;3,5555555555555554;3,5;1,6666666666666667;3,4;3,0
1,0;1,0;5,0;4,0;5,0;3,0;2,3333333333333335;4,0;4,0
1,0;1,0;3,0;3,25;3,6666666666666665;2,0;2,3333333333333335;3,4;3,25
1,0;2,0;4,5;5,0;3,7777777777777777;4,5;3,6666666666666665;4,0;4,0
1,0;2,0;3,0;2,5;2,7777777777777777;3,5;2,8333333333333335;3,0;3,75
1,0;2,0;3,0;3,0;2,7777777777777777;2,5;1,6666666666666667;3,4;3,25
1,0;2,0;4,5;3,0;2,5555555555555554;1,5;2,0;2,4;3,0
1,0;2,0;2,0;3,75;1,4444444444444444;1,0;3,5;3,4;4,0
1,0;2,0;4,0;4,75;4,444444444444445;4,0;3,3333333333333335;4,0;4,0
1,0;2,0;2,5;4,75;3,7777777777777777;3,5;3,6666666666666665;3,0;3,0
1,0;2,0;2,0;3,25;3,111111111111111;4,0;2,6666666666666665;3,0;3,0
1,0;2,0;4,5;3,25;4,0;3,5;3,0;3,6;2,75
1,0;2,0;1,0;3,5;2,5555555555555554;4,5;2,6666666666666665;4,0;4,0
2,0;3,0;3,5;4,25;5,0;3,0;3,0;3,0;3,0
2,0;3,0;5,0;4,0;3,6666666666666665;3,0;3,0;2,6;3,0
2,0;3,0;2,0;3,0;4,333333333333333;2,5;4,0;2,8;2,0
2,0;3,0;3,0;3,25;4,333333333333333;2,0;2,5;3,8;3,25
2,0;3,0;5,0;3,5;4,0;2,0;2,5;2,8;2,5
2,0;3,0;3,5;4,5;4,0;3,0;2,0;2,8;2,5
2,0;3,0;4,5;4,25;4,333333333333333;2,5;4,0;4,0;4,0
2,0;3,0;3,0;3,25;2,0;2,5;1,3333333333333333;3,0;2,0
2,0;3,0;5,0;4,0;5,0;5,0;1,0;3,6;4,0
2,0;3,0;2,5;3,5;3,5555555555555554;3,0;2,6666666666666665;3,8;3,75
2,0;2,0;2,0;2,5;3,5555555555555554;1,0;3,8333333333333335;2,4;2,5
2,0;2,0;4,0;3,25;3,111111111111111;1,0;1,8333333333333333;3,6;3,5
2,0;2,0;3,5;2,5;3,5555555555555554;2,5;2,5;3,4;3,5
2,0;2,0;4,5;1,75;3,4444444444444446;1,0;3,5;3,4;2,75
2,0;2,0;2,5;2,75;3,888888888888889;2,0;1,3333333333333333;2,8;2,75
2,0;2,0;2,5;2,5;4,222222222222222;1,5;3,5;2,6;2,75
2,0;2,0;2,5;2,5;3,4444444444444446;1,0;1,6666666666666667;3,2;3,25
2,0;2,0;3,0;2,25;4,0;3,0;2,5;3,6;3,5
2,0;2,0;2,0;2,5;3,3333333333333335;1,0;2,6666666666666665;3,0;3,0
2,0;2,0;2,0;3,0;3,5555555555555554;3,5;2,0;3,0;3,0
1,0;3,0;4,0;4,0;4,0;4,0;3,8333333333333335;3,8;3,25
1,0;3,0;2,0;2,5;4,222222222222222;2,0;2,8333333333333335;2,4;2,0
1,0;3,0;4,5;3,5;3,3333333333333335;2,5;2,5;2,4;2,25
1,0;3,0;4,0;4,25;1,6666666666666667;1,0;1,8333333333333333;3,0;3,75
1,0;3,0;2,5;2,5;4,666666666666667;3,0;2,6666666666666665;3,2;2,5
1,0;3,0;2,5;2,0;3,111111111111111;2,0;1,5;2,4;3,5
1,0;3,0;4,0;3,25;4,666666666666667;3,0;3,6666666666666665;2,8;3,75
1,0;3,0;3,5;3,5;4,888888888888889;3,0;3,5;3,4;2,75
1,0;3,0;1,5;2,5;4,333333333333333;2,5;3,8333333333333335;2,8;2,0
1,0;3,0;3,5;3,25;5,0;3,0;4,0;3,0;3,0
1,0;2,0;1,5;3,75;3,5555555555555554;1,0;2,6666666666666665;3,4;1,75
1,0;2,0;5,0;2,5;4,111111111111111;1,0;3,0;2,8;2,25
1,0;2,0;5,0;3,75;5,0;2,0;3,1666666666666665;4,0;3,5
1,0;2,0;2,5;4,25;3,6666666666666665;2,5;1,0;3,2;2,5
1,0;2,0;3,5;2,25;2,5555555555555554;3,0;2,3333333333333335;3,2;2,25
1,0;2,0;2,5;1,75;3,5555555555555554;1,5;1,0;3,0;2,5
1,0;2,0;2,0;2,5;3,5555555555555554;2,5;1,1666666666666667;3,0;3,0
1,0;2,0;3,0;2,5;1,8888888888888888;1,0;2,8333333333333335;3,4;3,5
1,0;2,0;1,0;3,5;2,3333333333333335;4,0;2,8333333333333335;3,0;3,5
1,0;2,0;3,5;4,75;2,3333333333333335;1,0;2,6666666666666665;4,0;4,0
1,0;1,0;2,0;2,75;4,333333333333333;3,5;3,3333333333333335;3,6;3,75
1,0;1,0;3,5;3,5;3,4444444444444446;1,0;1,3333333333333333;3,4;3,5
1,0;1,0;5,0;3,25;4,555555555555555;3,5;3,0;4,0;3,5
1,0;1,0;3,5;2,0;4,333333333333333;1,0;4,0;3,0;3,0
1,0;1,0;5,0;2,75;5,0;5,0;1,0;3,2;3,75
1,0;1,0;5,0;3,5;4,111111111111111;3,0;4,0;4,0;3,5
1,0;1,0;2,5;2,5;3,2222222222222223;1,0;3,8333333333333335;3,0;2,5
1,0;1,0;2,5;3,5;2,5555555555555554;2,5;1,3333333333333333;3,0;3,5
1,0;1,0;5,0;2,0;2,3333333333333335;1,0;3,3333333333333335;1,2;1,25
1,0;1,0;4,0;3,25;4,222222222222222;3,0;3,0;3,6;3,75
1,0;1,0;1,5;3,0;4,0;2,0;2,5;2,8;2,5
1,0;1,0;4,5;3,25;4,555555555555555;3,0;3,3333333333333335;3,6;3,75
1,0;1,0;2,5;2,75;2,3333333333333335;2,0;2,5;3,0;3,0
1,0;1,0;2,5;3,25;4,0;4,0;3,3333333333333335;3,0;3,0
1,0;1,0;2,0;2,75;4,222222222222222;3,5;2,6666666666666665;3,0;2,25
2,0;3,0;4,0;3,25;4,222222222222222;2,0;3,5;2,8;2,75
2,0;3,0;2,0;3,0;3,888888888888889;1,5;2,5;3,2;3,75
2,0;3,0;3,5;2,75;4,888888888888889;3,0;2,5;2,6;2,75
2,0;3,0;2,0;3,0;4,333333333333333;2,0;1,5;3,2;3,25
2,0;3,0;4,0;2,75;4,555555555555555;5,0;3,3333333333333335;3,4;3,0
2,0;3,0;4,5;3,0;4,777777777777778;3,5;3,5;2,4;2,75
2,0;3,0;2,0;3,0;4,444444444444445;3,0;3,5;3,0;3,25
2,0;3,0;4,0;3,75;4,222222222222222;3,5;3,3333333333333335;3,4;3,0
2,0;3,0;3,0;2,75;5,0;3,5;4,0;2,8;2,5
2,0;3,0;5,0;2,75;3,6666666666666665;2,0;2,8333333333333335;3,6;3,25
1,0;4,0;4,5;3,75;4,555555555555555;3,0;3,0;3,4;3,0
1,0;4,0;5,0;3,75;4,111111111111111;3,5;4,0;3,2;2,75
1,0;4,0;3,0;3,25;1,0;1,0;1,3333333333333333;3,2;2,75
1,0;4,0;4,0;4,5;4,111111111111111;4,0;3,6666666666666665;3,6;3,5
1,0;4,0;3,0;3,75;4,0;4,0;3,0;2,8;2,5
1,0;4,0;5,0;4,0;4,0;2,0;3,0;3,4;3,5
1,0;4,0;4,5;2,5;3,5555555555555554;2,0;3,5;2,4;2,0
1,0;4,0;4,0;3,25;3,7777777777777777;2,5;3,5;2,8;3,0
1,0;4,0;5,0;3,25;1,0;1,0;4,0;3,4;3,25
1,0;4,0;1,5;3,0;2,7777777777777777;1,0;1,5;2,6;1,5
3,0;3,0;4,0;3,25;3,111111111111111;1,5;4,0;3,2;3,25
3,0;3,0;3,0;2,25;3,888888888888889;4,0;2,0;3,2;2,75
3,0;3,0;4,0;3,0;4,0;2,5;3,1666666666666665;2,4;2,5
3,0;3,0;4,5;2,75;3,6666666666666665;1,5;1,8333333333333333;2,8;2,75
3,0;3,0;3,0;3,25;3,3333333333333335;1,0;2,0;2,6;2,25
3,0;3,0;5,0;2,75;3,5555555555555554;2,5;2,1666666666666665;2,6;2,75
3,0;3,0;4,5;2,25;3,6666666666666665;2,5;3,0;2,6;2,0
3,0;3,0;4,5;3,0;3,3333333333333335;1,0;2,5;3,0;3,25
3,0;3,0;3,5;3,5;4,111111111111111;3,0;2,6666666666666665;3,0;3,25
3,0;3,0;3,5;3,0;3,6666666666666665;1,0;2,6666666666666665;3,4;3,5
2,0;4,0;5,0;3,75;4,555555555555555;4,5;3,0;3,2;4,0
2,0;4,0;4,0;3,5;4,333333333333333;1,0;1,0;2,6;3,25
2,0;4,0;5,0;5,0;4,111111111111111;5,0;1,3333333333333333;3,4;2,75
2,0;4,0;4,0;2,75;3,7777777777777777;2,5;3,0;3,2;3,0
2,0;4,0;5,0;5,0;4,0;3,0;2,6666666666666665;4,0;4,0
2,0;4,0;4,0;3,0;3,888888888888889;4,0;2,0;3,4;3,75
2,0;4,0;5,0;4,0;4,0;3,0;3,0;3,0;3,0
2,0;4,0;3,5;3,5;3,888888888888889;3,0;2,5;3,4;3,0
2,0;4,0;4,0;3,75;4,555555555555555;2,0;3,0;1,8;2,25
2,0;4,0;5,0;4,25;4,555555555555555;2,0;4,0;3,4;3,0
2,0;4,0;4,5;4,0;4,888888888888889;2,5;4,0;3,2;3,25
2,0;4,0;3,5;4,75;4,111111111111111;1,5;3,1666666666666665;2,6;3,25
2,0;4,0;3,0;3,0;3,888888888888889;4,0;2,6666666666666665;3,8;3,75
2,0;4,0;1,5;2,5;3,7777777777777777;3,0;1,6666666666666667;3,2;3,75
2,0;4,0;1,5;2,5;5,0;5,0;4,0;2,4;3,5
2,0;4,0;4,5;2,75;3,3333333333333335;2,0;2,5;3,6;4,0
2,0;4,0;4,0;5,0;5,0;5,0;4,0;4,0;4,0
2,0;4,0;3,5;3,0;2,111111111111111;2,0;2,5;3,2;3,5
2,0;4,0;3,0;4,0;4,888888888888889;4,0;3,8333333333333335;3,6;4,0
2,0;4,0;4,5;3,75;4,111111111111111;3,0;2,0;3,6;3,25
3,0;3,0;5,0;4,25;3,7777777777777777;2,0;3,0;2,4;1,75
3,0;3,0;5,0;3,25;4,333333333333333;2,5;3,1666666666666665;3,4;3,25
3,0;3,0;4,5;3,75;4,666666666666667;4,5;1,3333333333333333;3,4;4,0
3,0;3,0;5,0;3,0;5,0;4,0;3,6666666666666665;3,4;3,25
3,0;3,0;4,0;3,25;5,0;3,5;2,8333333333333335;2,2;2,25
3,0;3,0;3,0;2,75;3,888888888888889;3,0;3,5;3,2;3,0
3,0;3,0;4,0;3,0;4,111111111111111;1,0;2,5;3,4;3,25
3,0;3,0;5,0;3,75;5,0;4,5;2,6666666666666665;3,4;3,75
3,0;3,0;3,5;3,75;4,777777777777778;2,5;2,3333333333333335;3,2;2,25
3,0;3,0;5,0;3,5;3,5555555555555554;2,0;3,5;3,4;3,25
3,0;3,0;3,5;3,25;4,444444444444445;1,5;2,6666666666666665;2,8;2,75
3,0;3,0;5,0;1,75;4,666666666666667;3,5;1,3333333333333333;2,6;2,75
3,0;3,0;2,0;2,25;4,777777777777778;2,5;1,6666666666666667;2,4;2,25
3,0;3,0;1,5;2,25;4,555555555555555;2,5;2,6666666666666665;2,4;2,25
3,0;3,0;3,5;3,25;4,777777777777778;4,0;2,6666666666666665;3,2;2,75
3,0;3,0;3,5;1,5;4,333333333333333;3,5;3,3333333333333335;2,2;2,75
3,0;3,0;2,0;2,0;4,888888888888889;3,5;2,5;3,2;3,0
3,0;3,0;5,0;3,5;4,333333333333333;3,5;2,6666666666666665;3,4;3,5
3,0;3,0;3,0;2,5;5,0;5,0;4,0;2,6;2,5
3,0;3,0;5,0;2,0;4,777777777777778;3,0;1,5;2,8;3,0
3,0;3,0;4,5;2,5;4,888888888888889;2,0;2,0;2,0;2,5
3,0;3,0;5,0;5,0;4,888888888888889;3,5;3,6666666666666665;3,8;3,75
3,0;3,0;4,5;3,25;4,222222222222222;1,5;3,8333333333333335;2,8;3,25
3,0;3,0;4,5;2,75;4,888888888888889;4,0;2,3333333333333335;2,8;3,75
3,0;3,0;3,0;3,25;4,666666666666667;2,5;2,3333333333333335;2,8;2,75
3,0;3,0;3,5;3,5;3,888888888888889;4,0;2,0;4,0;3,75
3,0;3,0;4,0;2,75;4,888888888888889;3,0;2,6666666666666665;3,0;2,75
3,0;3,0;4,0;3,5;4,222222222222222;2,0;3,3333333333333335;3,2;3,0
3,0;3,0;4,0;3,0;4,666666666666667;1,0;3,1666666666666665;3,0;3,5
3,0;3,0;3,0;3,75;4,222222222222222;2,0;3,0;2,8;3,25
3,0;3,0;4,0;2,5;3,5555555555555554;1,0;2,0;2,6;3,0
3,0;3,0;5,0;2,75;4,444444444444445;3,5;2,0;2,6;3,25
3,0;3,0;3,0;2,25;4,111111111111111;1,0;2,0;3,4;2,75
3,0;3,0;5,0;3,25;4,333333333333333;1,0;2,8333333333333335;2,4;2,25
3,0;3,0;5,0;2,5;3,888888888888889;2,0;1,5;3,2;3,0
3,0;3,0;5,0;3,25;3,6666666666666665;3,0;3,0;3,2;3,75
3,0;3,0;3,5;3,0;4,777777777777778;3,5;3,1666666666666665;3,6;3,75
3,0;3,0;3,5;3,25;3,3333333333333335;2,5;1,0;3,8;3,0
3,0;3,0;4,5;3,25;4,777777777777778;4,0;1,5;3,6;3,5
3,0;3,0;5,0;3,75;4,777777777777778;2,5;4,0;3,4;3,75
3,0;3,0;5,0;3,25;4,333333333333333;4,5;3,6666666666666665;4,0;3,75
3,0;3,0;4,5;2,25;4,333333333333333;4,0;2,5;3,2;2,75
3,0;3,0;3,0;2,75;3,888888888888889;1,0;2,3333333333333335;2,4;2,5
3,0;3,0;3,0;1,5;4,111111111111111;2,5;3,6666666666666665;3,0;3,25
3,0;3,0;3,0;1,5;4,0;1,0;2,1666666666666665;2,8;3,0
3,0;3,0;5,0;3,5;4,333333333333333;4,0;3,5;2,6;3,5
3,0;3,0;3,0;1,75;4,111111111111111;2,5;3,8333333333333335;2,6;2,25
3,0;3,0;5,0;1,5;4,888888888888889;4,5;4,0;3,8;4,0
3,0;3,0;3,5;2,75;4,0;4,0;3,3333333333333335;3,0;3,0
3,0;3,0;4,5;2,5;3,6666666666666665;2,0;1,8333333333333333;3,0;3,0
3,0;3,0;3,5;1,0;4,888888888888889;2,0;4,0;1,8;1,0
3,0;3,0;4,0;1,75;4,444444444444445;1,0;2,1666666666666665;2,2;3,25
3,0;3,0;3,0;2,75;5,0;4,0;2,1666666666666665;2,2;3,0
3,0;3,0;2,0;1,75;4,888888888888889;1,5;2,8333333333333335;1,2;2,25
3,0;3,0;3,0;3,0;4,555555555555555;3,0;1,3333333333333333;2,4;2,25
3,0;3,0;1,5;3,0;2,111111111111111;1,0;2,6666666666666665;2,8;3,75
3,0;3,0;3,5;1,0;4,444444444444445;2,0;2,8333333333333335;2,0;2,75
3,0;3,0;3,5;2,5;4,555555555555555;3,5;3,3333333333333335;3,4;3,0
3,0;3,0;3,0;3,0;3,6666666666666665;3,5;2,3333333333333335;3,2;3,0
3,0;3,0;3,0;2,25;4,111111111111111;3,5;3,0;1,6;1,5
2,0;2,0;1,0;5,0;2,2222222222222223;1,5;3,1666666666666665;3,8;2,0
2,0;2,0;1,0;3,25;3,5555555555555554;2,0;2,8333333333333335;3,0;2,5
2,0;2,0;2,0;1,25;1,8888888888888888;1,0;3,6666666666666665;4,0;3,0
2,0;2,0;2,0;2,25;3,111111111111111;4,0;1,3333333333333333;3,4;3,5
2,0;2,0;3,0;2,0;1,5555555555555556;1,0;1,0;2,6;1,0
2,0;2,0;4,0;3,0;3,6666666666666665;4,0;3,0;4,0;4,0
2,0;2,0;4,0;1,25;3,0;2,0;1,0;3,8;3,0
2,0;2,0;3,0;3,25;3,4444444444444446;1,0;1,6666666666666667;3,0;3,5
2,0;2,0;4,5;2,75;1,3333333333333333;2,0;2,6666666666666665;3,4;2,75
2,0;2,0;3,0;1,75;2,5555555555555554;2,0;1,5;2,8;3,25
3,0;3,0;1,5;1,0;4,444444444444445;2,5;4,0;2,8;1,75
3,0;3,0;3,0;3,25;4,0;2,5;3,0;3,0;2,75
3,0;3,0;5,0;3,0;4,444444444444445;1,0;2,8333333333333335;3,6;3,0
3,0;3,0;2,5;3,25;4,444444444444445;3,5;3,0;2,6;3,25
3,0;3,0;4,5;3,75;4,333333333333333;2,5;2,3333333333333335;3,4;3,25
3,0;3,0;2,0;2,5;4,444444444444445;1,0;3,5;3,0;3,0
3,0;3,0;4,0;3,0;4,666666666666667;2,5;2,8333333333333335;3,0;2,75
3,0;3,0;5,0;3,5;4,888888888888889;3,5;2,3333333333333335;3,6;3,25
3,0;3,0;3,5;2,5;5,0;3,0;2,8333333333333335;3,6;3,25
3,0;3,0;3,0;3,0;4,555555555555555;2,0;2,0;3,0;3,25
3,0;3,0;4,5;2,5;2,7777777777777777;1,0;1,6666666666666667;2,4;2,25
3,0;3,0;4,5;2,25;5,0;4,5;3,1666666666666665;2,6;1,25
3,0;3,0;2,0;2,75;3,4444444444444446;1,5;1,6666666666666667;3,0;1,75
3,0;3,0;5,0;2,75;4,222222222222222;1,0;3,0;3,6;3,0
3,0;3,0;1,0;2,0;5,0;5,0;4,0;3,2;2,0
3,0;3,0;4,5;4,25;4,0;2,5;3,0;3,2;2,5
3,0;3,0;2,0;1,75;4,111111111111111;1,0;3,5;2,8;2,25
3,0;3,0;4,5;3,5;4,777777777777778;2,0;2,5;3,6;3,25
3,0;3,0;5,0;3,75;4,888888888888889;4,0;3,0;4,0;4,0
3,0;3,0;4,0;2,75;4,666666666666667;1,0;2,0;3,6;3,25
2,0;2,0;4,0;4,75;4,666666666666667;4,0;3,0;3,8;3,0
2,0;2,0;3,5;3,25;4,0;4,5;3,5;3,8;1,25
2,0;2,0;3,0;3,25;4,333333333333333;2,0;3,5;3,2;3,0
2,0;2,0;4,0;4,75;4,666666666666667;4,0;2,6666666666666665;3,8;2,75
2,0;2,0;3,0;4,5;3,7777777777777777;2,0;3,5;3,0;3,75
2,0;2,0;2,0;2,5;3,888888888888889;2,0;3,0;2,6;2,25
2,0;2,0;5,0;4,0;3,4444444444444446;3,5;1,5;4,0;3,75
2,0;2,0;3,0;2,5;4,0;3,5;4,0;3,4;3,5
2,0;2,0;3,5;4,25;4,444444444444445;3,0;2,1666666666666665;3,6;3,25
2,0;2,0;4,5;3,25;3,888888888888889;3,0;3,3333333333333335;3,0;3,25
1,0;1,0;1,0;3,75;3,3333333333333335;1,5;2,8333333333333335;3,2;1,5
1,0;1,0;3,0;3,5;3,7777777777777777;3,0;3,5;3,6;3,75
1,0;1,0;5,0;4,0;3,0;1,5;3,5;3,0;2,75
2,0;3,0;2,0;2,0;4,777777777777778;4,0;3,3333333333333335;2,4;2,0
2,0;3,0;4,5;3,0;3,888888888888889;2,0;3,3333333333333335;3,0;3,0
2,0;3,0;4,5;3,5;4,666666666666667;2,0;1,8333333333333333;3,6;2,75
2,0;3,0;1,0;3,0;4,555555555555555;1,0;1,6666666666666667;2,6;1,0
2,0;3,0;4,5;2,25;4,888888888888889;4,5;2,5;2,8;3,25
2,0;3,0;5,0;3,75;4,0;1,0;3,1666666666666665;2,8;3,0
2,0;3,0;5,0;3,75;5,0;2,5;3,1666666666666665;4,0;4,0
2,0;3,0;3,5;2,75;4,444444444444445;3,5;1,8333333333333333;2,6;3,5
2,0;3,0;4,0;1,75;3,3333333333333335;3,0;3,8333333333333335;2,6;2,0
2,0;3,0;1,5;2,5;4,333333333333333;3,5;2,3333333333333335;2,6;2,75
2,0;3,0;3,0;2,75;4,0;2,5;1,8333333333333333;3,0;2,75
2,0;3,0;4,0;2,5;4,555555555555555;3,5;3,0;2,4;2,75
2,0;3,0;4,5;2,25;4,777777777777778;2,5;3,6666666666666665;3,6;3,0
2,0;3,0;5,0;3,25;4,888888888888889;4,0;4,0;2,8;2,5
2,0;3,0;2,5;3,0;4,222222222222222;3,5;2,0;3,0;3,25
2,0;3,0;4,0;2,5;5,0;4,5;2,1666666666666665;2,6;3,75
2,0;3,0;4,5;3,0;4,444444444444445;2,5;2,3333333333333335;2,8;3,0
2,0;3,0;5,0;4,25;4,777777777777778;2,0;3,5;3,6;3,25
2,0;3,0;3,0;2,25;2,4444444444444446;1,0;3,0;3,2;3,0
2,0;3,0;3,0;3,0;4,111111111111111;1,0;3,8333333333333335;3,4;3,25
1,0;2,0;4,0;2,5;3,7777777777777777;3,5;3,5;2,6;2,25
1,0;2,0;1,5;3,25;2,888888888888889;2,5;2,5;3,0;3,25
1,0;2,0;4,0;4,0;3,7777777777777777;3,0;2,0;3,0;3,0
1,0;2,0;4,5;3,75;4,111111111111111;4,5;3,0;3,0;3,0
1,0;2,0;1,5;2,5;3,6666666666666665;1,0;2,3333333333333335;3,0;2,0
1,0;2,0;4,5;3,75;3,6666666666666665;2,5;4,0;3,6;4,0
1,0;2,0;5,0;4,0;3,6666666666666665;2,0;1,5;3,0;2,5
1,0;2,0;5,0;3,75;4,666666666666667;3,5;2,6666666666666665;2,6;3,5
1,0;2,0;4,0;4,0;2,888888888888889;3,0;2,1666666666666665;3,4;3,25
1,0;2,0;2,0;1,5;4,333333333333333;1,0;3,0;3,6;3,5
2,0;4,0;5,0;3,0;3,888888888888889;1,5;2,8333333333333335;2,8;2,5
2,0;4,0;5,0;3,25;4,777777777777778;4,0;3,0;3,8;3,5
2,0;4,0;4,0;3,0;4,777777777777778;2,5;2,5;2,8;3,0
2,0;4,0;4,5;4,0;4,555555555555555;3,5;3,5;3,6;2,75
2,0;4,0;4,5;3,0;4,555555555555555;2,5;2,8333333333333335;3,2;3,75
2,0;4,0;5,0;3,25;4,111111111111111;2,5;2,0;2,4;3,0
2,0;4,0;4,0;2,75;4,777777777777778;2,5;3,1666666666666665;3,2;3,25
2,0;4,0;4,5;3,5;4,0;2,5;3,6666666666666665;3,0;3,0
2,0;4,0;3,5;2,25;4,666666666666667;3,5;3,5;2,4;3,0
2,0;4,0;3,0;2,0;2,0;2,0;2,0;2,8;2,75
2,0;4,0;4,0;4,25;4,333333333333333;3,5;3,3333333333333335;2,8;3,0
2,0;4,0;3,0;3,0;4,0;4,0;3,0;3,0;3,0
2,0;4,0;5,0;4,25;4,888888888888889;4,0;2,0;3,0;3,5
2,0;4,0;2,0;2,0;3,2222222222222223;4,0;2,1666666666666665;3,0;3,0
2,0;4,0;5,0;5,0;4,0;4,0;3,0;4,0;3,5
2,0;4,0;5,0;3,75;4,777777777777778;4,0;3,8333333333333335;4,0;4,0
2,0;4,0;2,0;4,0;3,7777777777777777;4,0;2,0;3,0;2,75
2,0;4,0;3,0;4,0;3,6666666666666665;3,5;2,5;2,6;3,0
2,0;4,0;2,0;3,0;4,111111111111111;4,0;1,0;3,0;3,0
2,0;4,0;3,0;4,0;4,444444444444445;3,0;1,8333333333333333;3,8;2,75
2,0;4,0;5,0;3,25;4,555555555555555;1,0;2,8333333333333335;3,2;3,5
2,0;4,0;2,0;2,75;3,6666666666666665;2,0;2,6666666666666665;3,2;2,5
2,0;4,0;4,0;2,75;3,6666666666666665;2,0;2,1666666666666665;2,8;3,5
2,0;4,0;5,0;3,25;4,111111111111111;4,0;2,0;3,6;3,0
2,0;4,0;5,0;3,75;4,0;3,5;3,0;3,6;3,25
2,0;4,0;5,0;3,0;3,111111111111111;4,0;1,3333333333333333;4,0;4,0
2,0;4,0;5,0;4,0;4,555555555555555;1,0;4,0;2,0;4,0
2,0;4,0;3,0;4,5;4,888888888888889;3,0;2,6666666666666665;2,8;3,0
2,0;4,0;5,0;4,25;4,444444444444445;3,0;3,5;3,8;3,0
2,0;4,0;4,0;4,25;4,333333333333333;3,5;2,1666666666666665;3,4;3,25
2,0;4,0;4,5;3,0;4,333333333333333;1,0;3,6666666666666665;2,6;3,5
2,0;4,0;3,5;3,0;4,444444444444445;2,0;3,5;3,6;3,5
2,0;4,0;4,0;3,0;4,666666666666667;3,5;3,8333333333333335;3,4;3,0
2,0;4,0;4,0;3,25;3,7777777777777777;1,5;1,8333333333333333;2,4;2,75
2,0;4,0;5,0;2,5;4,777777777777778;3,5;3,6666666666666665;3,0;3,5
2,0;4,0;5,0;3,75;4,777777777777778;2,5;2,6666666666666665;3,4;3,5
2,0;4,0;5,0;4,5;5,0;3,0;4,0;4,0;4,0
2,0;4,0;5,0;3,25;4,777777777777778;1,5;3,3333333333333335;3,2;3,5
2,0;4,0;3,0;4,75;4,0;3,5;3,0;4,0;4,0
2,0;4,0;4,5;3,5;4,0;4,0;3,6666666666666665;3,8;3,25
2,0;4,0;5,0;3,75;4,666666666666667;3,5;2,6666666666666665;1,8;2,5
2,0;4,0;1,5;1,75;3,888888888888889;3,0;3,3333333333333335;2,0;2,75
2,0;4,0;5,0;2,75;5,0;3,5;1,3333333333333333;3,2;2,75
2,0;4,0;4,0;2,75;3,7777777777777777;4,0;3,0;2,4;2,5
2,0;4,0;5,0;3,5;4,0;2,0;4,0;3,4;3,25
2,0;4,0;3,0;3,0;3,6666666666666665;1,0;3,0;3,6;3,75
2,0;4,0;4,0;3,0;3,6666666666666665;2,0;1,8333333333333333;2,4;2,25
2,0;4,0;3,5;3,25;3,888888888888889;3,0;3,0;3,2;2,75
2,0;4,0;4,5;3,25;5,0;5,0;4,0;3,4;3,75
2,0;4,0;1,5;2,25;4,111111111111111;1,0;2,6666666666666665;2,4;2,0
2,0;4,0;5,0;3,0;4,0;2,0;3,8333333333333335;3,0;2,75
2,0;4,0;5,0;3,5;4,444444444444445;2,0;3,0;3,8;3,25
2,0;4,0;4,0;4,0;3,7777777777777777;3,5;2,8333333333333335;3,6;3,5
2,0;4,0;5,0;2,75;3,111111111111111;1,0;3,1666666666666665;2,2;3,25
2,0;4,0;3,0;3,25;3,3333333333333335;2,5;2,6666666666666665;3,6;3,0
2,0;4,0;3,5;3,5;4,444444444444445;3,5;2,6666666666666665;3,6;3,25
2,0;4,0;2,0;3,0;3,4444444444444446;2,0;3,0;2,6;2,25
2,0;4,0;5,0;2,5;3,7777777777777777;3,5;2,3333333333333335;3,0;3,5
2,0;4,0;5,0;2,75;4,555555555555555;3,5;3,1666666666666665;2,8;3,0
2,0;4,0;5,0;3,5;4,222222222222222;3,5;3,1666666666666665;3,6;3,5
2,0;4,0;2,5;3,0;4,0;2,0;3,0;2,8;2,75
2,0;4,0;4,0;2,5;4,444444444444445;3,5;3,3333333333333335;3,0;3,0
2,0;4,0;3,5;2,75;4,555555555555555;1,0;2,8333333333333335;2,0;2,25
2,0;4,0;3,0;1,5;1,6666666666666667;1,0;1,5;3,4;2,5
2,0;4,0;4,0;3,0;4,333333333333333;1,0;3,5;3,4;3,75
2,0;4,0;3,5;3,5;4,111111111111111;3,5;3,3333333333333335;3,8;3,5
2,0;4,0;2,0;2,75;3,5555555555555554;3,5;2,8333333333333335;3,4;3,0
2,0;4,0;3,0;3,0;4,777777777777778;2,0;2,8333333333333335;3,0;3,0
2,0;4,0;5,0;3,0;3,6666666666666665;1,0;3,6666666666666665;1,8;2,75
2,0;4,0;3,0;3,25;4,0;3,5;2,8333333333333335;3,4;3,25
1,0;2,0;2,0;3,0;2,7777777777777777;4,0;1,3333333333333333;3,6;2,25
1,0;2,0;3,5;2,5;2,111111111111111;1,0;1,3333333333333333;3,2;3,75
1,0;2,0;1,0;3,25;2,3333333333333335;1,0;1,0;3,0;3,75
1,0;2,0;1,5;2,75;5,0;5,0;3,8333333333333335;3,2;2,5
1,0;2,0;2,0;2,25;2,3333333333333335;2,5;1,8333333333333333;3,4;3,25
1,0;2,0;1,5;3,5;3,3333333333333335;4,0;3,1666666666666665;3,4;2,75
1,0;2,0;2,0;3,25;3,0;2,0;3,0;2,8;2,75
1,0;2,0;3,5;4,0;3,5555555555555554;4,0;1,0;3,2;3,0
1,0;2,0;3,0;3,5;3,3333333333333335;3,5;2,8333333333333335;3,2;3,75
1,0;2,0;2,0;2,25;4,0;4,0;2,0;2,8;3,0
2,0;4,0;4,0;4,5;3,2222222222222223;2,5;1,3333333333333333;2,2;3,0
2,0;4,0;4,0;3,0;3,3333333333333335;2,0;1,0;3,0;2,5
2,0;4,0;2,0;4,25;5,0;5,0;2,1666666666666665;3,6;3,0
2,0;4,0;5,0;2,5;4,111111111111111;3,0;3,5;3,6;4,0
2,0;4,0;2,5;2,75;3,7777777777777777;3,5;3,1666666666666665;2,2;1,75
2,0;4,0;2,0;3,25;4,0;3,5;2,6666666666666665;2,8;2,75
2,0;4,0;5,0;3,75;3,111111111111111;2,0;1,1666666666666667;3,2;3,5
2,0;4,0;3,0;3,25;3,7777777777777777;4,0;2,0;3,2;3,0
2,0;4,0;1,5;2,0;2,6666666666666665;1,0;2,0;2,8;2,5
2,0;4,0;2,0;2,5;3,0;3,0;1,8333333333333333;3,4;3,5
2,0;4,0;5,0;4,5;3,6666666666666665;3,5;4,0;3,2;3,0
2,0;4,0;2,0;2,75;4,555555555555555;1,0;3,1666666666666665;2,8;3,75
2,0;4,0;3,5;3,25;4,666666666666667;4,5;4,0;3,2;2,75
2,0;4,0;2,0;2,25;3,6666666666666665;1,0;2,3333333333333335;2,2;2,25
2,0;4,0;5,0;5,0;3,888888888888889;3,0;4,0;3,4;3,0
2,0;4,0;4,0;3,0;5,0;4,0;4,0;3,8;3,5
2,0;4,0;4,5;3,75;5,0;1,0;3,0;3,6;4,0
2,0;4,0;4,5;3,5;4,333333333333333;2,5;4,0;3,8;4,0
2,0;4,0;5,0;4,25;4,222222222222222;1,0;3,3333333333333335;3,8;3,75
2,0;4,0;5,0;3,75;4,777777777777778;3,0;4,0;2,6;2,5
2,0;4,0;5,0;3,5;4,555555555555555;1,5;2,5;3,6;3,5
2,0;4,0;5,0;3,5;4,222222222222222;3,0;3,1666666666666665;3,2;3,75
2,0;4,0;3,0;3,5;4,0;3,0;2,5;3,2;3,25
2,0;4,0;4,0;3,75;3,0;1,0;1,6666666666666667;3,0;3,5
2,0;4,0;3,0;3,75;4,333333333333333;3,0;2,0;3,0;3,25
2,0;4,0;3,0;2,25;3,888888888888889;2,0;3,1666666666666665;3,0;3,0
2,0;4,0;3,0;2,75;4,111111111111111;2,0;2,5;3,4;3,0
2,0;4,0;4,0;4,0;4,444444444444445;4,0;3,6666666666666665;3,4;4,0
2,0;4,0;3,0;3,0;3,888888888888889;1,5;2,6666666666666665;2,6;2,75
2,0;4,0;3,5;4,0;4,555555555555555;3,5;3,3333333333333335;3,6;3,75
2,0;4,0;4,5;3,0;4,777777777777778;3,5;2,5;3,2;2,5
2,0;4,0;5,0;3,0;5,0;3,0;4,0;2,4;3,0
2,0;4,0;3,5;3,5;4,222222222222222;3,0;2,1666666666666665;1,8;2,0
2,0;4,0;5,0;3,5;4,333333333333333;4,0;1,6666666666666667;2,6;2,75
2,0;4,0;3,0;2,25;4,444444444444445;3,0;3,0;2,6;2,5
2,0;4,0;5,0;4,0;5,0;4,0;2,0;2,6;3,0
2,0;4,0;5,0;2,25;4,0;4,0;1,6666666666666667;1,6;2,75
2,0;4,0;5,0;3,75;5,0;5,0;2,8333333333333335;2,6;3,0
2,0;4,0;5,0;3,5;4,777777777777778;4,0;3,8333333333333335;2,4;2,5
2,0;4,0;2,5;3,25;4,111111111111111;3,0;2,1666666666666665;3,4;3,25
2,0;4,0;3,5;3,0;3,3333333333333335;1,5;2,1666666666666665;3,2;3,0
2,0;4,0;5,0;4,0;3,888888888888889;3,5;2,1666666666666665;3,4;3,25
2,0;4,0;2,0;2,75;3,6666666666666665;1,0;2,6666666666666665;2,8;1,0
2,0;4,0;5,0;3,5;5,0;5,0;1,0;2,4;2,75
2,0;4,0;4,5;4,25;3,2222222222222223;2,5;2,6666666666666665;2,8;3,0
2,0;4,0;4,5;2,0;4,333333333333333;2,0;2,6666666666666665;2,4;2,75
2,0;4,0;3,5;3,75;4,222222222222222;3,5;2,0;2,8;4,0
2,0;4,0;3,0;3,0;3,6666666666666665;3,0;1,0;3,0;2,75
2,0;4,0;4,5;4,0;3,7777777777777777;1,5;2,1666666666666665;2,6;2,5
2,0;4,0;1,5;3,75;4,111111111111111;1,0;3,1666666666666665;3,6;2,75
1,0;2,0;4,5;4,25;3,6666666666666665;2,0;3,1666666666666665;3,8;4,0
1,0;2,0;3,0;4,0;1,8888888888888888;1,0;1,0;2,4;3,0
1,0;2,0;3,5;2,25;4,777777777777778;2,5;3,0;3,2;3,25
1,0;2,0;4,5;2,75;2,6666666666666665;1,0;1,6666666666666667;3,4;3,75
1,0;2,0;4,0;1,75;3,888888888888889;3,0;1,1666666666666667;3,4;3,0
1,0;2,0;3,0;3,75;3,3333333333333335;2,5;2,0;4,0;4,0
1,0;2,0;4,0;4,0;5,0;5,0;2,6666666666666665;2,6;2,0
1,0;2,0;4,5;3,75;4,444444444444445;4,0;3,1666666666666665;3,6;3,25
1,0;2,0;3,5;4,5;4,444444444444445;3,0;3,8333333333333335;3,0;3,25
1,0;2,0;2,5;3,5;2,6666666666666665;1,0;3,6666666666666665;4,0;3,75
2,0;4,0;5,0;4,0;4,0;3,5;2,0;4,0;4,0
2,0;4,0;2,5;3,25;4,111111111111111;2,5;3,5;3,0;3,0
2,0;4,0;4,0;3,75;4,777777777777778;4,5;4,0;4,0;4,0
2,0;4,0;3,5;4,0;4,888888888888889;3,5;3,6666666666666665;3,4;3,5
2,0;4,0;5,0;3,25;4,888888888888889;2,0;2,8333333333333335;2,6;2,25
2,0;4,0;4,5;4,5;4,333333333333333;3,5;2,6666666666666665;3,6;3,5
2,0;4,0;4,5;2,75;4,222222222222222;2,0;2,6666666666666665;3,0;3,0
2,0;4,0;2,5;2,0;4,0;2,0;1,0;3,2;2,25
2,0;4,0;5,0;2,75;4,444444444444445;2,0;1,8333333333333333;3,4;3,0
2,0;4,0;3,0;1,75;4,0;1,5;3,3333333333333335;3,2;3,0
2,0;4,0;5,0;4,0;4,666666666666667;4,5;2,6666666666666665;3,2;3,75
2,0;4,0;3,0;3,75;4,333333333333333;3,5;2,1666666666666665;2,8;3,25
2,0;4,0;4,0;4,0;4,777777777777778;4,0;3,5;3,0;3,0
2,0;4,0;2,5;2,5;3,888888888888889;2,5;2,8333333333333335;2,6;3,0
2,0;4,0;2,5;2,25;4,444444444444445;3,5;3,5;2,8;3,5
2,0;4,0;1,5;3,0;4,777777777777778;3,5;3,3333333333333335;2,8;3,0
2,0;4,0;2,0;2,25;3,6666666666666665;2,5;1,5;3,2;2,75
2,0;4,0;2,5;2,75;4,333333333333333;3,0;2,0;3,0;2,75
2,0;4,0;2,0;3,25;3,2222222222222223;2,5;2,0;2,8;2,5
2,0;4,0;3,5;3,0;3,888888888888889;2,5;1,3333333333333333;3,0;4,0
2,0;4,0;5,0;3,25;4,0;4,0;4,0;2,6;3,0
2,0;4,0;4,0;3,0;3,6666666666666665;1,5;3,8333333333333335;2,6;2,75
2,0;4,0;2,5;3,75;4,333333333333333;4,0;3,1666666666666665;3,8;3,0
2,0;4,0;3,0;3,25;4,333333333333333;3,0;2,5;3,2;3,25
2,0;4,0;4,5;3,5;4,888888888888889;5,0;2,5;3,4;3,5
2,0;4,0;3,5;2,75;4,555555555555555;2,0;3,8333333333333335;3,2;3,25
2,0;4,0;3,5;3,0;3,5555555555555554;2,5;2,5;3,4;2,0
2,0;4,0;4,0;4,0;4,555555555555555;2,0;2,0;3,6;4,0
2,0;4,0;3,5;3,5;4,666666666666667;2,0;2,5;3,2;2,75
2,0;4,0;4,5;4,0;4,777777777777778;4,5;3,5;3,4;2,5
2,0;4,0;5,0;3,5;4,0;3,5;2,1666666666666665;3,2;3,25
2,0;4,0;1,5;1,75;3,888888888888889;1,0;2,6666666666666665;2,8;2,5
2,0;4,0;3,0;3,0;3,888888888888889;2,5;3,6666666666666665;3,6;4,0
2,0;4,0;4,5;2,25;4,111111111111111;3,0;2,1666666666666665;2,8;2,75
2,0;4,0;4,0;5,0;4,333333333333333;3,0;3,3333333333333335;4,0;4,0
2,0;4,0;4,0;3,25;4,0;2,5;3,0;3,0;3,25
2,0;4,0;4,0;3,25;4,0;1,0;3,0;3,0;3,0
2,0;4,0;3,5;3,75;4,0;3,0;3,0;3,4;3,5
2,0;4,0;4,5;3,25;5,0;5,0;3,5;3,4;2,25
2,0;4,0;5,0;3,0;4,111111111111111;1,0;1,6666666666666667;3,8;3,0
2,0;4,0;5,0;3,0;4,222222222222222;1,0;4,0;2,8;3,0
2,0;4,0;2,5;2,25;4,111111111111111;1,0;3,5;3,0;2,5
2,0;4,0;3,5;2,5;3,7777777777777777;2,5;2,5;3,2;2,5
2,0;4,0;4,5;3,5;3,111111111111111;1,0;2,1666666666666665;2,2;2,5
2,0;4,0;3,5;2,75;5,0;4,5;3,5;2,4;3,25
2,0;4,0;5,0;5,0;3,111111111111111;1,0;3,0;3,0;3,0
2,0;4,0;5,0;2,5;4,0;1,5;4,0;2,0;2,25
2,0;4,0;4,0;3,25;4,222222222222222;3,5;3,6666666666666665;3,0;2,0
2,0;4,0;2,5;2,5;4,111111111111111;2,0;4,0;3,0;2,75
2,0;4,0;4,0;3,25;5,0;4,0;3,5;2,8;3,0
2,0;4,0;4,5;3,25;4,777777777777778;4,0;2,3333333333333335;2,6;2,25
2,0;4,0;2,5;3,25;3,5555555555555554;2,5;2,8333333333333335;2,4;2,5
2,0;4,0;4,5;3,75;4,333333333333333;2,5;3,3333333333333335;2,6;2,25
2,0;4,0;4,5;4,5;4,777777777777778;5,0;3,0;3,6;3,5
2,0;4,0;5,0;3,5;4,555555555555555;4,0;4,0;3,4;3,5
2,0;4,0;3,5;2,75;4,333333333333333;2,0;3,0;2,6;2,0
2,0;4,0;2,0;3,25;3,7777777777777777;1,5;3,8333333333333335;3,0;2,0
2,0;4,0;5,0;3,25;3,6666666666666665;3,0;1,6666666666666667;2,8;3,25
2,0;4,0;5,0;5,0;4,444444444444445;3,0;4,0;3,0;3,0
2,0;4,0;4,5;3,0;4,555555555555555;3,5;1,5;3,8;3,75
1,0;2,0;4,5;3,25;4,111111111111111;2,5;1,0;3,4;2,75
1,0;2,0;4,0;2,75;4,333333333333333;4,0;3,6666666666666665;3,2;3,5
1,0;2,0;4,0;3,5;4,666666666666667;4,5;3,3333333333333335;3,6;4,0
1,0;2,0;4,5;3,25;3,4444444444444446;2,5;1,5;3,4;3,25
1,0;2,0;4,0;3,75;3,4444444444444446;3,0;2,5;3,4;2,5
1,0;2,0;4,0;3,25;4,0;4,0;1,8333333333333333;3,8;4,0
1,0;2,0;4,0;2,75;4,444444444444445;3,0;2,1666666666666665;3,8;3,5
1,0;2,0;2,0;2,75;3,5555555555555554;2,5;3,6666666666666665;3,4;3,0
1,0;2,0;2,5;2,5;3,111111111111111;2,5;3,6666666666666665;3,4;3,75
1,0;2,0;4,0;3,5;5,0;5,0;4,0;3,0;3,0
2,0;4,0;5,0;5,0;4,222222222222222;1,5;2,6666666666666665;3,6;4,0
2,0;4,0;4,5;3,25;4,555555555555555;1,0;3,6666666666666665;2,0;2,75
2,0;4,0;5,0;3,75;4,0;4,0;2,6666666666666665;3,0;3,5
2,0;4,0;5,0;2,5;3,6666666666666665;1,0;3,1666666666666665;2,6;3,25
2,0;4,0;5,0;4,0;4,777777777777778;3,0;2,3333333333333335;3,2;3,5
2,0;4,0;4,5;3,75;4,444444444444445;1,0;3,0;3,6;3,0
2,0;4,0;4,0;4,25;4,0;2,5;1,3333333333333333;3,2;2,5
2,0;4,0;5,0;2,5;4,888888888888889;2,5;2,6666666666666665;3,4;3,25
2,0;4,0;4,0;3,5;4,777777777777778;4,5;3,3333333333333335;2,4;4,0
2,0;4,0;3,0;2,25;4,333333333333333;2,0;2,6666666666666665;4,0;4,0
2,0;4,0;5,0;5,0;5,0;3,0;4,0;1,8;4,0
2,0;4,0;2,0;2,25;4,777777777777778;2,5;3,0;2,8;2,5
2,0;4,0;4,5;3,25;5,0;4,0;4,0;3,4;3,75
2,0;4,0;5,0;4,0;4,222222222222222;1,0;2,0;2,0;2,25
2,0;4,0;3,5;3,0;4,0;3,0;3,6666666666666665;3,4;3,0
2,0;4,0;3,5;2,25;3,888888888888889;2,5;2,5;3,0;3,0
2,0;4,0;4,0;3,5;3,7777777777777777;1,0;3,3333333333333335;3,0;3,25
2,0;4,0;4,5;2,75;3,5555555555555554;1,0;3,1666666666666665;3,2;3,0
2,0;4,0;3,0;3,0;3,0;2,5;1,8333333333333333;3,6;4,0
2,0;4,0;4,0;3,0;4,222222222222222;1,0;2,0;2,8;3,25
1,0;2,0;2,0;2,25;4,444444444444445;4,5;3,3333333333333335;3,0;2,75
1,0;2,0;5,0;2,5;3,7777777777777777;1,5;3,8333333333333335;3,2;2,75
1,0;2,0;1,5;2,25;2,111111111111111;1,0;3,0;2,8;2,75
1,0;2,0;4,5;1,5;4,444444444444445;2,5;2,3333333333333335;3,2;3,5
1,0;2,0;4,5;2,75;3,888888888888889;1,0;3,6666666666666665;4,0;3,5
1,0;2,0;4,0;2,25;3,5555555555555554;4,0;4,0;3,2;2,75
1,0;2,0;4,0;2,0;4,666666666666667;4,0;3,0;3,4;3,0
1,0;2,0;3,0;2,25;3,6666666666666665;3,5;1,5;3,4;3,75
1,0;2,0;2,0;2,75;3,7777777777777777;3,0;2,1666666666666665;3,0;3,0
1,0;2,0;1,5;2,25;3,3333333333333335;1,0;2,6666666666666665;2,2;2,25
1,0;2,0;4,5;3,75;4,444444444444445;4,0;2,5;3,6;3,0
1,0;2,0;4,0;3,25;3,5555555555555554;2,0;3,5;3,8;4,0
1,0;2,0;3,0;3,75;3,7777777777777777;3,5;3,6666666666666665;3,2;2,5
1,0;2,0;3,0;3,75;4,222222222222222;2,0;3,3333333333333335;3,6;3,5
1,0;2,0;4,5;4,25;3,888888888888889;2,0;3,3333333333333335;3,6;3,5
1,0;2,0;5,0;2,75;4,666666666666667;4,0;4,0;2,8;3,0
1,0;2,0;3,0;3,25;3,4444444444444446;3,0;1,6666666666666667;3,4;3,0
1,0;2,0;4,5;3,5;3,7777777777777777;2,0;1,5;2,4;2,75
1,0;2,0;3,0;2,25;2,6666666666666665;1,0;2,8333333333333335;3,2;3,0
1,0;2,0;1,5;3,5;3,7777777777777777;1,0;3,5;3,6;3,75
1,0;2,0;4,5;3,0;3,6666666666666665;2,5;2,3333333333333335;3,0;3,75
1,0;2,0;4,5;4,25;4,111111111111111;2,5;2,5;3,2;3,25
1,0;2,0;1,5;3,75;5,0;5,0;3,8333333333333335;4,0;3,25
1,0;2,0;5,0;2,5;5,0;5,0;2,0;4,0;4,0
1,0;2,0;3,5;3,0;4,555555555555555;4,0;3,0;3,4;3,5
1,0;2,0;2,5;3,0;3,2222222222222223;1,0;3,8333333333333335;2,8;2,75
1,0;2,0;4,5;3,0;4,111111111111111;3,5;1,6666666666666667;3,4;3,25
1,0;2,0;1,5;1,75;2,2222222222222223;3,0;1,8333333333333333;2,8;3,25
1,0;2,0;2,5;2,5;2,3333333333333335;2,5;1,8333333333333333;2,8;2,75
1,0;2,0;1,0;2,0;2,3333333333333335;2,0;1,5;3,6;3,25
1,0;4,0;2,0;2,75;4,222222222222222;2,0;3,8333333333333335;3,0;2,5
1,0;4,0;2,0;4,25;4,0;4,0;3,0;2,8;3,5
1,0;4,0;5,0;2,75;4,111111111111111;4,0;3,1666666666666665;4,0;3,0
1,0;4,0;5,0;3,75;4,111111111111111;3,0;3,3333333333333335;4,0;4,0
1,0;4,0;4,5;4,5;3,2222222222222223;3,5;2,3333333333333335;3,0;3,0
1,0;4,0;3,0;2,25;4,777777777777778;1,0;2,3333333333333335;2,8;2,75
1,0;4,0;3,0;2,5;4,333333333333333;1,0;2,1666666666666665;2,8;2,5
1,0;4,0;1,0;1,5;4,333333333333333;4,5;1,8333333333333333;2,4;2,5
1,0;4,0;5,0;2,25;4,777777777777778;4,0;2,5;3,0;3,0
1,0;4,0;2,0;2,0;4,777777777777778;1,0;2,6666666666666665;2,6;2,0
1,0;4,0;3,5;3,25;4,0;3,5;2,1666666666666665;3,6;3,0
1,0;4,0;5,0;5,0;4,555555555555555;3,5;3,5;3,4;4,0
1,0;4,0;2,5;3,75;4,0;3,5;3,3333333333333335;3,0;3,0
1,0;4,0;3,5;3,25;3,5555555555555554;3,0;3,0;3,0;2,5
1,0;4,0;4,0;3,75;3,6666666666666665;2,5;3,1666666666666665;3,2;3,25
1,0;4,0;3,5;3,75;4,444444444444445;3,0;2,5;3,8;4,0
1,0;4,0;4,0;2,75;4,555555555555555;2,5;1,8333333333333333;3,0;2,5
1,0;4,0;3,0;2,5;3,4444444444444446;2,5;4,0;3,2;1,75
1,0;4,0;2,5;3,25;3,888888888888889;3,0;3,1666666666666665;3,2;3,0
1,0;4,0;5,0;4,25;3,111111111111111;2,5;3,0;3,0;3,0
1,0;4,0;4,0;3,75;3,2222222222222223;4,0;2,5;2,2;2,5
1,0;4,0;3,5;2,75;4,555555555555555;3,5;3,3333333333333335;3,2;3,0
1,0;4,0;5,0;4,75;3,888888888888889;2,5;4,0;3,6;2,75
1,0;4,0;2,5;3,25;4,555555555555555;3,0;3,6666666666666665;3,2;3,0
1,0;4,0;4,5;3,0;3,888888888888889;3,5;2,5;3,0;2,25
1,0;4,0;1,5;1,75;5,0;1,0;3,6666666666666665;1,2;2,0
1,0;4,0;3,0;3,25;4,888888888888889;4,0;3,8333333333333335;3,4;3,75
1,0;4,0;4,5;2,25;2,7777777777777777;1,5;3,0;3,2;2,25
1,0;4,0;3,0;3,25;2,7777777777777777;2,0;3,1666666666666665;3,2;3,25
1,0;4,0;4,0;3,75;3,7777777777777777;2,5;2,8333333333333335;3,0;2,5
1,0;4,0;5,0;3,0;2,111111111111111;1,0;3,8333333333333335;3,0;3,0
1,0;4,0;2,5;2,5;2,4444444444444446;1,0;1,8333333333333333;3,2;3,0
1,0;4,0;2,5;2,75;2,5555555555555554;1,0;1,6666666666666667;3,2;3,25
1,0;4,0;5,0;4,0;4,222222222222222;3,5;3,6666666666666665;2,6;2,25
1,0;4,0;2,5;3,75;3,3333333333333335;1,0;3,3333333333333335;3,0;2,0
1,0;4,0;4,0;3,25;4,0;4,0;2,1666666666666665;3,0;3,0
1,0;4,0;4,5;4,25;3,111111111111111;3,0;1,6666666666666667;3,2;3,0
1,0;4,0;2,5;2,25;3,0;2,5;2,8333333333333335;3,8;3,0
1,0;4,0;1,5;4,5;2,0;1,5;3,0;1,8;2,25
1,0;4,0;2,0;1,75;3,3333333333333335;3,0;2,8333333333333335;2,2;3,0
1,0;4,0;3,5;3,25;3,5555555555555554;3,5;1,6666666666666667;3,2;3,0
1,0;4,0;4,0;3,25;3,5555555555555554;1,0;2,5;1,8;2,25
1,0;4,0;4,0;3,25;4,777777777777778;4,0;2,3333333333333335;3,0;3,25
1,0;4,0;3,5;3,75;4,222222222222222;3,0;2,8333333333333335;2,0;2,25
1,0;4,0;4,0;3,5;3,3333333333333335;1,0;2,3333333333333335;2,6;3,0
1,0;4,0;3,0;2,0;4,555555555555555;4,0;3,5;2,8;1,75
1,0;4,0;2,5;3,25;4,0;3,0;3,0;3,4;3,75
1,0;4,0;1,0;1,0;1,0;1,0;1,0;2,8;2,75
1,0;4,0;2,0;2,5;4,111111111111111;3,5;2,1666666666666665;2,8;2,75
1,0;4,0;4,0;3,25;4,555555555555555;4,0;2,1666666666666665;2,8;2,25
1,0;4,0;4,5;3,0;4,777777777777778;2,0;2,3333333333333335;2,4;2,75
1,0;4,0;4,5;3,0;5,0;4,5;1,0;3,6;3,75
1,0;4,0;5,0;3,25;4,555555555555555;4,0;2,6666666666666665;3,0;3,0
1,0;4,0;3,5;3,0;4,0;3,0;3,1666666666666665;3,0;2,5
1,0;4,0;5,0;4,25;4,666666666666667;2,0;3,8333333333333335;3,4;3,75
1,0;4,0;5,0;3,5;4,888888888888889;1,0;3,8333333333333335;2,0;3,0
1,0;4,0;4,5;3,75;4,888888888888889;4,0;3,1666666666666665;3,8;3,5
1,0;4,0;1,5;1,0;5,0;2,0;3,5;3,0;1,5
1,0;4,0;4,0;2,5;4,444444444444445;1,0;3,5;3,2;3,25
1,0;4,0;3,0;3,5;3,7777777777777777;1,0;2,5;3,0;2,75
1,0;4,0;2,5;3,0;3,888888888888889;3,5;3,0;2,4;2,5
1,0;4,0;1,0;1,0;4,111111111111111;4,0;1,0;2,8;2,5
1,0;4,0;5,0;3,25;4,333333333333333;3,5;2,5;2,8;1,5
1,0;4,0;3,0;2,5;2,4444444444444446;3,0;1,8333333333333333;3,8;4,0
1,0;4,0;2,0;3,0;4,222222222222222;2,5;2,1666666666666665;3,0;2,75
1,0;4,0;3,0;2,75;1,0;1,0;1,0;3,0;2,25
1,0;4,0;3,0;1,75;4,111111111111111;3,0;2,8333333333333335;3,2;3,0
1,0;4,0;4,0;3,75;4,555555555555555;4,0;3,3333333333333335;3,6;3,5
1,0;4,0;2,0;3,0;4,0;2,5;1,0;2,8;3,0
1,0;4,0;3,0;1,0;4,333333333333333;3,5;3,0;2,8;3,25
1,0;4,0;1,0;3,75;3,2222222222222223;1,5;3,5;3,8;3,25
1,0;4,0;4,0;3,75;4,0;4,0;3,0;3,0;3,0
1,0;4,0;3,5;3,75;4,555555555555555;1,0;2,3333333333333335;2,6;3,25
1,0;4,0;4,5;5,0;4,666666666666667;3,0;1,0;3,8;4,0
1,0;4,0;3,5;3,5;4,333333333333333;2,0;3,0;2,8;2,5
1,0;4,0;4,5;3,5;3,888888888888889;1,0;2,6666666666666665;4,0;3,5
1,0;4,0;1,0;3,0;3,111111111111111;1,0;1,0;2,2;2,25
1,0;4,0;4,0;3,0;3,888888888888889;3,5;2,5;2,6;3,0
1,0;4,0;4,0;3,5;4,555555555555555;1,0;2,6666666666666665;3,0;2,25
1,0;4,0;5,0;3,75;4,333333333333333;3,0;1,0;3,2;3,75
1,0;3,0;5,0;3,0;3,2222222222222223;2,5;2,5;2,6;2,75
1,0;3,0;2,0;3,75;4,444444444444445;2,0;3,5;2,8;2,75
1,0;3,0;4,0;3,25;4,111111111111111;3,0;3,8333333333333335;3,8;3,0
1,0;3,0;2,0;2,5;2,2222222222222223;1,0;4,0;1,6;1,5
1,0;3,0;3,0;4,25;4,888888888888889;4,5;1,3333333333333333;3,8;3,25
1,0;3,0;4,5;3,0;3,7777777777777777;1,0;3,8333333333333335;3,0;2,5
1,0;3,0;4,5;3,0;4,0;4,0;1,0;2,8;2,75
1,0;3,0;3,0;2,0;4,777777777777778;3,0;3,5;3,6;3,0
1,0;3,0;5,0;3,25;4,444444444444445;1,0;4,0;3,4;3,25
1,0;3,0;5,0;2,75;4,555555555555555;2,0;2,8333333333333335;2,8;3,0
1,0;4,0;5,0;2,75;4,111111111111111;4,0;1,6666666666666667;3,0;2,25
1,0;4,0;5,0;5,0;4,0;4,0;4,0;4,0;4,0
1,0;4,0;2,0;2,0;3,5555555555555554;1,0;3,5;2,8;2,5
1,0;4,0;4,0;1,0;1,8888888888888888;3,0;3,0;3,4;3,0
1,0;4,0;5,0;3,5;4,333333333333333;3,5;3,0;3,0;3,25
1,0;4,0;3,0;2,75;3,0;1,0;2,3333333333333335;3,2;3,0
1,0;4,0;5,0;3,25;4,888888888888889;3,5;2,3333333333333335;3,0;3,0
1,0;4,0;3,5;2,75;1,7777777777777777;1,5;1,3333333333333333;3,2;2,75
1,0;4,0;3,5;4,0;4,888888888888889;4,0;3,6666666666666665;3,0;3,0
1,0;4,0;5,0;3,75;4,0;4,0;3,0;3,0;3,0
1,0;4,0;2,0;3,0;3,6666666666666665;4,0;2,3333333333333335;3,0;2,25
1,0;4,0;4,0;2,75;3,888888888888889;2,0;2,5;3,0;2,75
1,0;4,0;4,0;3,75;4,0;2,0;4,0;3,4;3,75
1,0;4,0;4,0;3,5;4,0;4,0;3,3333333333333335;3,0;3,0
1,0;4,0;3,5;3,5;3,2222222222222223;2,5;2,3333333333333335;2,8;3,0
1,0;4,0;4,5;3,5;4,666666666666667;4,5;3,1666666666666665;3,8;3,75
1,0;4,0;5,0;4,0;4,444444444444445;4,5;3,0;3,2;3,25
1,0;4,0;4,0;3,0;4,555555555555555;4,5;2,1666666666666665;2,2;2,5
1,0;4,0;3,5;3,75;2,6666666666666665;3,5;3,1666666666666665;3,0;3,25
1,0;4,0;2,5;2,75;4,777777777777778;4,0;3,0;3,0;3,0
1,0;4,0;5,0;3,25;4,0;3,5;3,8333333333333335;3,4;2,25
1,0;4,0;3,0;3,25;4,666666666666667;2,5;2,5;3,0;3,5
1,0;4,0;3,5;3,75;2,7777777777777777;1,0;2,5;3,4;2,75
1,0;4,0;5,0;3,75;3,6666666666666665;4,0;2,6666666666666665;2,4;2,25
1,0;4,0;4,0;3,5;4,888888888888889;3,5;3,3333333333333335;3,0;3,0
1,0;4,0;4,5;4,0;4,333333333333333;2,5;2,3333333333333335;2,8;3,0
1,0;4,0;2,0;2,5;4,666666666666667;4,0;3,8333333333333335;2,0;2,75
1,0;4,0;3,0;3,25;3,3333333333333335;3,5;2,5;3,4;4,0
1,0;4,0;3,5;3,75;3,888888888888889;4,5;3,1666666666666665;3,2;2,75
1,0;4,0;3,5;3,25;4,0;3,0;4,0;2,8;2,0
3,0;3,0;5,0;3,0;5,0;4,0;1,3333333333333333;3,8;4,0
3,0;3,0;3,0;3,5;4,888888888888889;4,0;3,5;3,6;4,0
3,0;3,0;4,0;3,5;4,0;3,5;3,0;3,2;3,0
3,0;3,0;4,5;3,0;5,0;4,5;3,1666666666666665;3,8;3,75
3,0;3,0;4,0;4,0;4,666666666666667;1,0;2,1666666666666665;3,0;2,5
3,0;3,0;3,0;2,0;5,0;4,5;1,5;2,6;2,75
3,0;3,0;2,0;3,5;4,777777777777778;3,5;1,0;2,8;2,75
3,0;3,0;4,5;3,25;4,555555555555555;2,5;3,1666666666666665;2,8;3,0
3,0;3,0;3,0;2,5;4,666666666666667;3,5;3,1666666666666665;3,4;3,25
3,0;3,0;3,0;3,0;3,7777777777777777;2,5;2,8333333333333335;3,6;3,75
3,0;3,0;3,0;3,5;4,111111111111111;3,5;3,6666666666666665;2,8;2,75
3,0;3,0;3,5;2,5;4,333333333333333;4,0;3,1666666666666665;3,6;3,75
3,0;3,0;3,0;3,0;4,777777777777778;2,5;1,8333333333333333;2,6;3,0
3,0;3,0;3,0;2,75;3,6666666666666665;2,0;2,5;2,6;3,25
3,0;3,0;2,5;2,5;4,888888888888889;3,5;3,3333333333333335;3,4;3,5
3,0;3,0;4,5;3,0;4,555555555555555;1,5;3,3333333333333335;3,0;2,5
3,0;3,0;2,5;2,5;3,111111111111111;1,0;2,8333333333333335;2,6;2,25
3,0;3,0;3,0;3,0;4,777777777777778;3,5;4,0;2,6;2,75
3,0;3,0;3,5;2,5;4,222222222222222;1,0;3,0;2,4;2,25
3,0;3,0;3,5;3,0;4,333333333333333;2,5;3,5;3,0;2,75
3,0;3,0;4,5;3,0;3,5555555555555554;2,0;1,0;3,0;2,5
3,0;3,0;3,5;2,5;4,111111111111111;1,0;2,6666666666666665;3,6;2,75
3,0;3,0;5,0;3,75;4,666666666666667;2,0;3,0;3,6;3,5
3,0;3,0;3,0;2,5;4,444444444444445;1,0;3,3333333333333335;3,8;3,5
3,0;3,0;3,0;2,25;4,111111111111111;1,5;1,0;3,0;2,75
3,0;3,0;2,5;4,0;4,0;2,0;3,0;3,2;3,25
3,0;3,0;2,5;2,75;4,222222222222222;2,0;2,8333333333333335;2,8;3,0
3,0;3,0;2,0;2,0;4,222222222222222;2,0;2,8333333333333335;2,4;2,25
3,0;3,0;3,0;2,0;4,333333333333333;4,0;1,1666666666666667;2,8;2,25
3,0;3,0;3,0;2,0;3,7777777777777777;1,0;2,3333333333333335;2,8;1,75
1,0;1,0;4,0;3,25;2,3333333333333335;1,0;2,6666666666666665;2,6;3,0
1,0;1,0;4,0;4,0;4,0;3,0;4,0;4,0;4,0
1,0;1,0;2,0;3,0;4,222222222222222;3,0;3,0;3,6;4,0
3,0;3,0;4,5;2,5;5,0;4,5;3,5;2,4;2,5
3,0;3,0;4,5;2,75;5,0;4,5;3,5;3,0;3,0
3,0;3,0;3,0;2,0;3,5555555555555554;1,0;3,5;2,6;1,75
3,0;3,0;3,5;2,5;4,222222222222222;1,0;3,6666666666666665;2,2;2,5
3,0;3,0;2,0;2,5;4,222222222222222;3,5;2,3333333333333335;3,0;2,75
3,0;3,0;5,0;2,0;4,111111111111111;1,0;1,5;2,2;2,5
3,0;3,0;2,0;1,5;3,7777777777777777;2,0;1,6666666666666667;2,0;2,5
3,0;3,0;4,5;2,5;4,888888888888889;1,0;3,1666666666666665;2,8;2,5
3,0;3,0;1,5;2,5;4,333333333333333;4,0;2,8333333333333335;2,6;2,25
3,0;3,0;5,0;3,0;4,888888888888889;4,0;2,1666666666666665;3,0;2,75
3,0;3,0;5,0;3,75;4,666666666666667;1,5;2,6666666666666665;2,6;2,75
3,0;3,0;4,5;3,25;4,888888888888889;2,5;3,1666666666666665;3,6;3,75
3,0;3,0;4,5;3,75;4,333333333333333;1,0;3,8333333333333335;3,2;4,0
3,0;3,0;3,5;3,75;4,444444444444445;3,0;3,0;1,8;2,75
3,0;3,0;4,5;4,5;4,111111111111111;4,5;2,0;2,2;2,0
3,0;3,0;3,5;3,25;3,111111111111111;1,5;2,6666666666666665;2,4;2,5
3,0;3,0;4,5;4,25;5,0;5,0;2,1666666666666665;3,6;4,0
3,0;3,0;5,0;4,5;4,888888888888889;2,0;1,0;2,8;4,0
3,0;3,0;4,5;4,5;4,888888888888889;4,0;3,5;3,2;3,5
3,0;3,0;5,0;3,25;4,666666666666667;3,5;2,8333333333333335;3,0;3,0
3,0;3,0;2,5;2,25;4,444444444444445;2,0;3,5;2,6;2,0
3,0;3,0;3,0;3,75;4,888888888888889;4,0;3,0;2,4;3,0
3,0;3,0;4,5;3,5;4,666666666666667;1,0;3,1666666666666665;3,2;3,0
3,0;3,0;4,5;3,0;4,777777777777778;3,5;3,0;2,8;2,5
3,0;3,0;5,0;3,0;5,0;5,0;3,1666666666666665;3,2;2,5
3,0;3,0;3,5;2,25;4,666666666666667;2,0;3,0;3,0;2,75
3,0;3,0;3,5;2,5;4,444444444444445;2,0;2,6666666666666665;3,2;2,75
3,0;3,0;5,0;2,5;4,666666666666667;4,0;3,1666666666666665;2,4;3,25
3,0;3,0;4,5;2,75;4,555555555555555;3,5;3,3333333333333335;2,8;2,5
3,0;3,0;4,5;3,75;4,666666666666667;4,0;3,3333333333333335;3,0;3,25
3,0;3,0;4,0;3,75;3,5555555555555554;3,5;1,8333333333333333;3,4;3,0
3,0;3,0;2,0;3,25;5,0;3,0;3,3333333333333335;3,0;3,5
3,0;3,0;4,0;3,0;3,888888888888889;3,0;1,6666666666666667;3,4;2,75
3,0;3,0;3,0;2,5;4,777777777777778;3,0;1,0;1,8;3,0
3,0;3,0;4,0;2,75;4,444444444444445;1,0;1,5;2,4;2,75
3,0;3,0;3,0;2,5;4,333333333333333;4,0;3,1666666666666665;3,2;2,75
3,0;3,0;3,5;3,75;4,666666666666667;4,0;3,3333333333333335;3,2;3,25
3,0;3,0;4,0;3,0;4,333333333333333;2,0;2,0;3,0;3,0
3,0;3,0;3,5;2,75;4,555555555555555;1,0;2,1666666666666665;3,0;2,25
3,0;3,0;2,0;3,0;4,666666666666667;2,0;2,6666666666666665;3,2;3,0
3,0;3,0;4,0;3,5;4,777777777777778;1,0;3,1666666666666665;2,6;3,25
3,0;3,0;5,0;4,75;4,222222222222222;2,0;2,5;3,2;3,0
3,0;3,0;3,5;4,0;4,333333333333333;1,5;2,5;2,8;2,75
3,0;3,0;5,0;3,5;4,111111111111111;2,0;2,6666666666666665;3,4;3,75
3,0;3,0;4,5;3,25;4,111111111111111;3,5;3,0;3,0;3,25
3,0;3,0;4,0;2,25;4,666666666666667;2,5;1,3333333333333333;2,6;2,25
3,0;3,0;4,5;3,0;4,111111111111111;1,0;1,1666666666666667;2,2;1,0
3,0;3,0;3,0;2,0;5,0;5,0;1,0;3,2;3,0
3,0;3,0;4,5;3,75;5,0;3,5;3,6666666666666665;3,0;2,75
3,0;3,0;3,0;3,75;4,777777777777778;3,0;2,6666666666666665;2,0;2,25
3,0;3,0;4,0;3,25;4,888888888888889;2,5;3,1666666666666665;2,2;2,0
3,0;3,0;4,0;3,25;4,555555555555555;3,0;3,1666666666666665;2,4;2,75
3,0;3,0;2,0;2,5;4,222222222222222;3,0;2,5;2,2;2,5
3,0;3,0;3,0;2,75;3,2222222222222223;2,5;2,6666666666666665;2,6;2,5
3,0;3,0;3,0;3,75;4,0;5,0;3,8333333333333335;3,2;4,0
3,0;3,0;2,5;3,0;4,444444444444445;3,5;3,8333333333333335;2,0;2,25
3,0;3,0;2,0;3,25;4,777777777777778;2,5;3,3333333333333335;2,8;3,25
3,0;3,0;3,0;3,75;4,444444444444445;3,5;3,3333333333333335;3,8;3,5
3,0;3,0;2,0;3,0;4,555555555555555;3,0;3,1666666666666665;3,0;3,0
3,0;3,0;3,5;3,5;4,777777777777778;4,0;3,8333333333333335;2,8;2,5
3,0;3,0;5,0;5,0;5,0;5,0;4,0;3,6;3,75
3,0;3,0;4,5;3,5;4,888888888888889;4,0;1,0;3,6;2,25
3,0;3,0;4,5;3,0;4,777777777777778;2,0;2,0;3,6;3,0
3,0;3,0;4,0;3,5;4,888888888888889;1,0;2,1666666666666665;3,0;3,25
3,0;3,0;5,0;4,5;4,888888888888889;3,5;2,0;3,6;4,0
3,0;3,0;5,0;3,75;3,4444444444444446;2,0;2,1666666666666665;2,0;2,25
3,0;3,0;4,5;3,25;4,444444444444445;1,0;1,3333333333333333;3,0;2,75
3,0;3,0;5,0;5,0;5,0;5,0;1,8333333333333333;3,6;3,0
3,0;3,0;4,5;4,0;4,777777777777778;3,0;2,5;3,6;3,5
3,0;3,0;5,0;3,25;4,555555555555555;3,5;1,8333333333333333;3,0;2,75
1,0;1,0;2,0;3,0;3,3333333333333335;1,0;2,5;3,8;3,75
1,0;1,0;3,5;4,0;2,7777777777777777;2,5;3,0;3,8;3,75
1,0;1,0;1,5;1,75;4,222222222222222;3,0;1,0;3,8;3,5
3,0;3,0;3,5;2,25;4,222222222222222;4,0;2,8333333333333335;2,8;3,0
3,0;3,0;3,0;3,0;4,222222222222222;2,5;3,1666666666666665;2,8;2,25
3,0;3,0;4,0;4,25;4,111111111111111;4,0;3,0;2,6;2,0
3,0;3,0;5,0;2,75;4,666666666666667;1,0;3,3333333333333335;2,0;3,0
3,0;3,0;3,0;3,0;4,333333333333333;1,0;2,1666666666666665;2,4;2,5
3,0;3,0;3,0;2,5;4,444444444444445;2,0;2,8333333333333335;2,8;2,25
3,0;3,0;5,0;3,75;3,6666666666666665;1,0;3,3333333333333335;2,2;3,0
3,0;3,0;2,5;3,0;4,0;1,0;3,0;2,8;2,75
3,0;3,0;2,0;2,75;3,6666666666666665;2,0;3,1666666666666665;1,8;1,75
3,0;3,0;5,0;2,5;5,0;3,5;3,1666666666666665;3,0;3,0
3,0;3,0;2,5;2,25;4,666666666666667;3,5;2,3333333333333335;3,4;1,75
3,0;3,0;3,5;3,25;4,777777777777778;2,0;2,8333333333333335;2,6;3,25
3,0;3,0;2,5;3,75;4,888888888888889;2,5;3,6666666666666665;3,8;3,75
3,0;3,0;4,5;3,25;4,666666666666667;1,0;3,5;3,0;3,0
3,0;3,0;2,5;2,75;3,888888888888889;3,0;2,3333333333333335;3,0;3,0
3,0;3,0;4,0;2,5;5,0;4,0;3,1666666666666665;2,0;3,25
3,0;3,0;5,0;3,5;5,0;2,0;1,3333333333333333;2,6;3,0
3,0;3,0;5,0;3,5;4,777777777777778;2,5;1,0;3,4;3,5
3,0;3,0;5,0;3,25;4,666666666666667;1,0;4,0;2,8;2,75
3,0;3,0;3,5;3,5;4,222222222222222;1,0;3,1666666666666665;2,2;2,75
3,0;3,0;4,0;2,0;4,111111111111111;2,5;1,8333333333333333;2,6;1,5
3,0;3,0;4,5;4,25;4,555555555555555;1,0;2,3333333333333335;3,8;3,75
3,0;3,0;4,5;2,0;3,888888888888889;2,0;1,5;2,6;2,25
3,0;3,0;5,0;2,75;5,0;5,0;4,0;2,8;2,5
3,0;3,0;4,5;2,75;3,7777777777777777;2,0;2,6666666666666665;2,6;3,0
3,0;3,0;4,0;2,0;4,666666666666667;5,0;3,0;1,8;2,0
3,0;3,0;4,0;2,25;4,777777777777778;1,0;4,0;2,6;3,0
3,0;3,0;4,0;3,75;4,444444444444445;3,5;2,0;2,8;3,25
3,0;3,0;5,0;2,5;4,111111111111111;3,0;3,3333333333333335;2,8;3,5
3,0;3,0;4,5;3,25;4,666666666666667;2,5;3,0;1,8;4,0
3,0;3,0;2,0;3,0;4,777777777777778;2,0;2,6666666666666665;2,8;2,0
3,0;3,0;4,5;3,25;3,888888888888889;3,0;2,8333333333333335;3,0;2,75
3,0;3,0;3,0;2,75;5,0;3,5;1,1666666666666667;3,0;3,5
3,0;3,0;5,0;1,5;4,333333333333333;2,5;3,0;2,6;2,25
3,0;3,0;5,0;2,75;4,0;4,0;3,6666666666666665;3,0;2,75
3,0;3,0;2,5;2,75;4,444444444444445;2,0;3,0;2,0;2,5
3,0;3,0;4,0;3,5;3,888888888888889;4,0;2,1666666666666665;3,6;3,5
3,0;3,0;4,0;3,25;4,333333333333333;2,5;3,1666666666666665;2,4;3,0
3,0;3,0;4,0;2,5;4,777777777777778;3,0;3,3333333333333335;1,8;2,5
3,0;3,0;3,5;2,75;4,333333333333333;2,0;4,0;3,4;3,0
3,0;3,0;3,0;3,25;3,7777777777777777;1,5;2,8333333333333335;2,2;2,0
3,0;3,0;3,0;4,0;4,222222222222222;1,0;2,3333333333333335;3,2;2,5
3,0;3,0;4,0;3,75;4,0;3,5;2,5;3,0;2,75
3,0;3,0;4,5;3,0;4,111111111111111;2,5;3,8333333333333335;2,0;3,25
3,0;3,0;3,5;3,0;4,666666666666667;2,0;3,1666666666666665;3,2;3,5
3,0;3,0;3,5;3,0;4,555555555555555;2,5;1,8333333333333333;2,0;2,75
3,0;3,0;4,0;3,25;3,888888888888889;3,0;2,6666666666666665;2,6;2,0
3,0;3,0;3,5;3,0;4,0;3,0;1,1666666666666667;2,8;3,0
3,0;3,0;4,5;3,75;4,444444444444445;2,5;2,0;2,6;2,75
3,0;3,0;3,0;2,75;4,777777777777778;2,5;3,5;1,4;2,0
1,0;1,0;2,5;3,5;2,5555555555555554;1,0;1,8333333333333333;3,4;2,75
1,0;1,0;2,0;2,25;3,111111111111111;2,5;2,3333333333333335;4,0;3,5
1,0;1,0;4,0;3,5;3,0;4,0;2,5;3,0;3,25
3,0;3,0;5,0;3,25;4,444444444444445;2,0;2,0;3,4;3,5
3,0;3,0;5,0;3,25;3,7777777777777777;1,0;2,6666666666666665;2,0;2,0
3,0;3,0;4,5;3,5;4,888888888888889;2,0;3,0;3,0;3,0
3,0;3,0;3,0;3,25;4,555555555555555;3,5;3,8333333333333335;3,2;3,75
3,0;3,0;3,0;2,0;3,2222222222222223;1,0;2,5;2,2;2,5
3,0;3,0;2,5;3,75;4,888888888888889;4,0;2,1666666666666665;2,2;3,25
3,0;3,0;3,0;2,25;4,333333333333333;2,5;4,0;3,0;3,25
3,0;3,0;2,5;2,5;3,888888888888889;1,0;3,0;3,0;2,25
3,0;3,0;2,5;2,5;3,888888888888889;2,0;2,3333333333333335;3,2;3,0
3,0;3,0;4,5;3,25;4,777777777777778;5,0;2,5;3,8;4,0
3,0;3,0;4,5;3,25;4,666666666666667;1,0;2,8333333333333335;2,4;3,75
3,0;3,0;4,0;2,75;4,333333333333333;1,5;3,1666666666666665;2,6;2,75
3,0;3,0;4,0;4,0;4,666666666666667;3,0;3,6666666666666665;3,6;3,25
3,0;3,0;4,0;3,0;4,888888888888889;1,0;2,6666666666666665;2,8;1,75
3,0;3,0;3,5;3,5;4,777777777777778;3,0;2,3333333333333335;3,0;3,25
3,0;3,0;3,5;2,5;4,888888888888889;3,5;3,3333333333333335;2,0;2,5
3,0;3,0;4,5;2,0;4,777777777777778;2,0;1,3333333333333333;2,6;3,0
3,0;3,0;5,0;3,75;5,0;3,5;3,0;2,8;3,5
3,0;3,0;3,0;2,75;4,777777777777778;3,5;1,3333333333333333;3,2;3,0
3,0;3,0;5,0;3,0;4,888888888888889;5,0;2,3333333333333335;3,2;3,5
3,0;3,0;5,0;2,5;4,333333333333333;3,5;1,5;2,2;2,75
3,0;3,0;4,5;4,25;4,444444444444445;2,5;2,3333333333333335;2,0;2,75
3,0;3,0;5,0;2,75;5,0;3,0;3,1666666666666665;3,0;3,0
3,0;3,0;2,0;2,25;4,111111111111111;1,0;1,1666666666666667;2,6;3,0
3,0;3,0;3,0;3,0;4,333333333333333;2,0;3,3333333333333335;2,6;2,0
3,0;3,0;4,0;3,25;4,333333333333333;2,0;1,8333333333333333;4,0;4,0
3,0;3,0;4,5;2,25;3,3333333333333335;1,0;2,5;2,2;1,75
3,0;3,0;4,5;3,5;4,222222222222222;3,0;2,1666666666666665;3,8;4,0
3,0;3,0;5,0;3,0;4,444444444444445;3,0;3,5;3,2;3,5
3,0;3,0;2,5;2,75;4,111111111111111;3,5;3,1666666666666665;2,8;2,75
3,0;3,0;2,0;2,0;3,5555555555555554;1,0;2,3333333333333335;3,0;2,5
3,0;3,0;4,0;4,5;4,0;3,5;3,5;3,8;3,0
3,0;3,0;5,0;3,75;5,0;5,0;4,0;4,0;4,0
3,0;3,0;2,5;2,0;4,0;3,0;2,3333333333333335;2,8;2,75
3,0;3,0;4,0;3,5;4,444444444444445;3,0;4,0;3,8;3,5
3,0;3,0;2,5;4,25;3,3333333333333335;2,0;2,6666666666666665;3,4;3,75
3,0;3,0;1,5;1,75;1,1111111111111112;1,0;1,0;1,0;1,0
3,0;3,0;2,0;2,5;4,222222222222222;3,5;1,0;2,6;2,5
3,0;3,0;3,5;2,5;4,888888888888889;3,0;3,0;2,8;1,25
3,0;3,0;3,0;3,0;4,333333333333333;1,0;1,6666666666666667;2,6;3,0
3,0;3,0;4,0;2,75;4,444444444444445;3,0;2,6666666666666665;2,8;2,5
3,0;3,0;5,0;2,75;4,111111111111111;3,0;2,0;3,0;3,0
3,0;3,0;4,0;4,0;4,777777777777778;4,0;2,0;3,8;3,5
3,0;3,0;4,0;3,75;4,888888888888889;4,0;3,1666666666666665;2,8;2,25
3,0;3,0;3,5;3,5;5,0;3,0;1,3333333333333333;3,6;3,75
3,0;3,0;3,5;3,5;4,444444444444445;3,0;2,1666666666666665;4,0;3,75
3,0;3,0;4,0;3,5;4,666666666666667;2,0;3,1666666666666665;4,0;3,75
3,0;3,0;4,5;3,75;4,444444444444445;3,0;2,8333333333333335;2,8;3,25
3,0;3,0;5,0;3,75;4,777777777777778;4,0;3,6666666666666665;2,6;3,75
3,0;3,0;1,0;2,5;5,0;5,0;1,5;2,8;2,5
3,0;3,0;1,5;3,0;4,777777777777778;1,0;2,8333333333333335;2,4;3,0
3,0;3,0;5,0;3,5;4,888888888888889;3,5;3,3333333333333335;3,2;3,25
3,0;3,0;2,5;2,5;3,7777777777777777;4,0;3,3333333333333335;3,6;4,0
3,0;3,0;3,5;3,5;4,333333333333333;4,0;3,5;3,6;3,5
3,0;3,0;4,5;3,25;4,888888888888889;2,5;3,8333333333333335;3,4;3,0
3,0;3,0;4,0;4,0;4,111111111111111;4,0;2,1666666666666665;3,2;3,0
3,0;3,0;4,5;2,5;4,777777777777778;4,0;3,6666666666666665;3,2;2,75
3,0;3,0;2,5;2,5;4,111111111111111;1,0;4,0;3,0;2,75
3,0;3,0;5,0;2,75;4,111111111111111;2,0;2,5;2,0;3,25
3,0;3,0;2,0;2,25;4,111111111111111;1,5;2,3333333333333335;2,6;2,25
3,0;3,0;4,5;2,75;4,666666666666667;2,0;2,6666666666666665;2,2;2,25
3,0;3,0;5,0;3,5;4,666666666666667;3,5;4,0;3,6;4,0
3,0;3,0;4,0;3,0;4,777777777777778;3,0;2,5;2,0;2,5
3,0;3,0;4,0;2,75;3,5555555555555554;1,0;2,6666666666666665;3,2;3,25
3,0;3,0;4,5;3,75;4,888888888888889;3,0;2,5;3,2;2,5
3,0;3,0;4,0;2,25;4,444444444444445;3,0;2,3333333333333335;2,2;1,75
3,0;3,0;5,0;3,5;5,0;4,0;3,6666666666666665;2,8;2,5
3,0;3,0;3,5;2,75;4,0;2,5;3,0;2,6;2,5
3,0;3,0;5,0;2,5;4,777777777777778;2,5;2,6666666666666665;3,2;3,25
3,0;3,0;4,5;3,75;4,444444444444445;2,5;1,8333333333333333;3,2;3,0
3,0;3,0;4,5;3,0;4,888888888888889;3,5;2,6666666666666665;2,6;2,5
3,0;3,0;4,5;3,5;5,0;3,5;3,0;2,8;2,5
3,0;3,0;5,0;3,75;5,0;2,0;3,0;2,4;3,25
3,0;3,0;3,0;2,0;4,0;1,0;3,8333333333333335;3,2;2,5
3,0;3,0;2,0;3,25;5,0;1,5;2,0;3,2;3,25
3,0;3,0;3,5;3,0;4,666666666666667;2,5;3,5;3,2;3,75
3,0;3,0;3,5;2,5;3,7777777777777777;1,0;3,0;3,0;2,25
3,0;3,0;4,0;3,25;4,777777777777778;3,0;3,0;3,0;3,75
3,0;3,0;5,0;3,0;4,555555555555555;2,0;3,6666666666666665;3,0;3,5
3,0;3,0;4,0;3,5;4,777777777777778;3,5;3,3333333333333335;2,6;2,25
3,0;3,0;4,5;2,75;4,333333333333333;1,0;1,5;2,4;3,0
3,0;3,0;4,0;3,0;4,777777777777778;3,0;2,1666666666666665;3,4;3,0
3,0;3,0;3,5;3,0;4,777777777777778;2,0;1,8333333333333333;3,2;2,25
3,0;3,0;3,0;2,25;4,111111111111111;1,0;1,1666666666666667;3,0;3,5
3,0;3,0;4,5;4,25;4,444444444444445;2,5;2,0;3,6;3,75
3,0;3,0;5,0;4,25;4,666666666666667;4,0;3,0;3,8;3,75
3,0;3,0;5,0;3,0;4,222222222222222;2,0;2,5;2,4;3,25
3,0;3,0;4,0;3,25;3,5555555555555554;1,0;3,0;3,0;3,5
3,0;3,0;3,0;2,25;4,777777777777778;3,5;3,1666666666666665;2,2;2,5
3,0;3,0;4,5;3,25;4,888888888888889;3,5;3,0;3,2;3,75
2,0;4,0;2,5;2,5;3,6666666666666665;1,0;1,3333333333333333;2,6;2,25
2,0;4,0;4,5;2,5;3,7777777777777777;1,0;3,0;2,0;2,0
2,0;4,0;2,0;2,25;3,888888888888889;3,0;3,8333333333333335;2,4;2,0
2,0;4,0;4,0;4,5;3,7777777777777777;2,5;2,0;2,8;2,25
2,0;4,0;4,0;2,5;4,555555555555555;3,5;3,3333333333333335;2,6;2,75
2,0;4,0;5,0;3,75;4,777777777777778;2,5;3,1666666666666665;3,2;3,0
2,0;4,0;1,0;3,0;2,5555555555555554;1,5;2,0;2,4;1,5
2,0;4,0;3,0;2,75;4,333333333333333;2,5;3,1666666666666665;3,2;3,0
2,0;4,0;2,0;2,75;4,222222222222222;2,0;1,3333333333333333;3,4;3,25
2,0;4,0;2,0;3,25;3,7777777777777777;2,5;2,8333333333333335;3,8;3,5
1,0;1,0;1,5;3,5;3,111111111111111;1,0;3,3333333333333335;3,6;3,25
1,0;1,0;3,0;2,5;3,3333333333333335;2,5;1,6666666666666667;3,8;3,75
1,0;1,0;4,0;3,25;3,3333333333333335;1,0;3,3333333333333335;3,2;3,0
1,0;2,0;1,5;2,5;2,0;1,0;2,3333333333333335;3,6;3,75
1,0;2,0;1,0;1,5;2,3333333333333335;1,5;2,8333333333333335;3,2;2,75
1,0;2,0;3,0;3,0;3,0;3,5;1,0;3,8;3,25
1,0;2,0;5,0;4,25;2,5555555555555554;1,5;1,8333333333333333;3,6;2,75
1,0;2,0;4,5;1,75;1,1111111111111112;1,0;1,0;3,8;3,75
1,0;2,0;3,5;3,0;1,4444444444444444;2,5;1,3333333333333333;3,6;3,25
1,0;2,0;4,0;2,75;1,5555555555555556;2,5;1,0;3,0;2,0
1,0;2,0;1,0;1,0;3,2222222222222223;3,0;1,0;3,4;4,0
1,0;2,0;2,5;2,5;4,222222222222222;3,5;2,6666666666666665;3,8;3,25
1,0;2,0;3,0;3,0;3,6666666666666665;2,5;2,6666666666666665;3,0;3,5
2,0;3,0;3,0;2,75;4,666666666666667;4,0;2,6666666666666665;3,4;2,75
2,0;3,0;4,0;3,25;4,0;1,0;1,8333333333333333;3,4;3,0
2,0;3,0;3,0;3,25;4,111111111111111;1,0;1,8333333333333333;3,0;2,75
2,0;3,0;4,5;3,5;4,666666666666667;1,0;3,3333333333333335;2,6;2,25
2,0;3,0;3,0;2,75;3,5555555555555554;1,0;1,3333333333333333;3,0;2,75
2,0;3,0;3,0;3,5;4,222222222222222;2,5;2,6666666666666665;3,2;3,25
2,0;3,0;4,0;3,0;4,555555555555555;1,0;3,5;2,4;3,25
2,0;3,0;4,0;3,25;3,888888888888889;1,0;3,3333333333333335;3,0;2,75
2,0;3,0;2,0;2,5;3,111111111111111;1,0;2,3333333333333335;2,4;2,0
2,0;3,0;4,5;3,5;5,0;4,0;3,6666666666666665;3,8;3,0
2,0;3,0;4,0;3,5;3,888888888888889;4,0;3,0;3,8;3,75
2,0;3,0;2,5;3,25;4,0;1,0;2,8333333333333335;3,4;3,0
2,0;3,0;2,5;3,0;4,777777777777778;3,0;2,6666666666666665;2,4;2,0
2,0;3,0;4,0;3,0;4,888888888888889;1,0;3,0;3,0;2,5
2,0;3,0;4,0;3,25;4,777777777777778;3,5;3,0;2,6;3,0
2,0;3,0;4,5;3,75;3,0;1,0;2,0;3,6;3,75
2,0;3,0;2,5;4,0;4,0;1,0;2,6666666666666665;2,6;2,75
2,0;3,0;3,0;2,75;4,0;2,5;4,0;2,6;2,75
2,0;3,0;4,0;3,0;3,5555555555555554;3,5;2,6666666666666665;3,0;3,25
2,0;3,0;3,0;3,0;4,333333333333333;2,0;3,3333333333333335;2,4;2,75
1,0;2,0;4,0;2,75;4,333333333333333;4,5;4,0;3,0;3,0
1,0;2,0;1,0;1,5;3,7777777777777777;4,0;3,5;2,4;3,25
1,0;2,0;3,5;2,5;3,888888888888889;3,0;4,0;3,4;3,5
1,0;2,0;3,5;3,5;3,6666666666666665;3,5;2,5;3,6;3,5
1,0;2,0;2,0;3,0;1,3333333333333333;1,0;2,6666666666666665;4,0;3,75
1,0;2,0;2,0;2,0;3,2222222222222223;2,5;4,0;3,6;3,5
1,0;2,0;5,0;1,75;2,888888888888889;3,5;2,5;3,2;3,5
1,0;2,0;1,0;2,5;5,0;5,0;4,0;3,6;3,75
1,0;2,0;3,0;3,25;4,333333333333333;3,5;4,0;3,0;2,5
1,0;2,0;2,5;1,75;3,3333333333333335;1,5;3,5;3,6;3,25
2,0;3,0;2,0;2,5;3,6666666666666665;2,5;2,0;2,8;2,25
2,0;3,0;5,0;3,0;4,444444444444445;2,5;2,1666666666666665;2,6;3,0
2,0;3,0;5,0;4,0;4,0;1,0;3,5;3,4;3,5
2,0;3,0;3,0;2,75;5,0;2,0;3,0;2,8;4,0
2,0;3,0;3,5;3,75;3,6666666666666665;4,0;3,1666666666666665;3,0;2,75
2,0;3,0;1,0;2,75;5,0;5,0;2,0;3,2;2,0
2,0;3,0;2,5;3,25;4,444444444444445;1,0;2,8333333333333335;2,8;2,5
2,0;3,0;4,0;3,75;4,333333333333333;2,0;3,1666666666666665;2,6;2,75
2,0;3,0;1,5;3,25;4,222222222222222;3,0;3,1666666666666665;2,4;2,5
2,0;3,0;3,5;2,75;4,666666666666667;3,5;1,0;4,0;4,0
2,0;3,0;4,5;3,25;3,888888888888889;1,0;2,0;3,6;4,0
2,0;3,0;3,0;2,5;4,222222222222222;1,5;2,3333333333333335;2,8;3,0
2,0;3,0;5,0;5,0;1,0;1,0;1,0;3,2;4,0
2,0;3,0;4,0;2,75;4,111111111111111;2,5;1,3333333333333333;2,4;2,5
2,0;3,0;2,0;3,25;3,7777777777777777;3,0;2,5;2,2;2,0
2,0;3,0;3,5;3,0;4,333333333333333;2,5;3,3333333333333335;3,6;3,75
2,0;3,0;2,0;2,0;4,0;1,0;3,0;2,6;3,0
2,0;3,0;4,0;4,0;4,666666666666667;5,0;1,0;2,8;2,75
2,0;3,0;5,0;3,0;5,0;4,5;3,3333333333333335;2,8;2,25
2,0;3,0;2,0;2,75;3,111111111111111;2,5;3,0;1,8;2,25
2,0;3,0;3,0;2,0;4,777777777777778;3,0;3,5;3,2;2,25
2,0;3,0;2,0;2,5;3,6666666666666665;3,0;2,0;2,8;2,5
2,0;3,0;2,5;2,25;4,333333333333333;3,0;2,6666666666666665;2,2;2,75
2,0;3,0;2,5;2,5;4,0;3,0;2,8333333333333335;2,8;2,75
2,0;3,0;2,0;2,5;2,2222222222222223;1,0;4,0;2,4;1,75
2,0;3,0;3,0;1,5;2,4444444444444446;1,0;3,0;2,0;1,5
2,0;3,0;4,0;2,25;5,0;4,0;2,5;3,0;2,5
2,0;3,0;3,0;2,5;3,5555555555555554;1,0;4,0;2,4;2,5
2,0;3,0;3,0;2,5;4,222222222222222;3,0;2,5;3,4;3,25
2,0;3,0;3,5;2,5;4,777777777777778;1,0;2,6666666666666665;3,0;3,0
2,0;3,0;3,5;3,0;5,0;5,0;3,5;3,6;3,75
2,0;3,0;3,5;3,0;4,888888888888889;4,5;3,6666666666666665;2,8;3,75
2,0;3,0;4,5;2,75;3,6666666666666665;1,0;3,8333333333333335;2,6;1,75
2,0;3,0;4,0;3,25;4,333333333333333;3,0;3,8333333333333335;3,4;4,0
2,0;3,0;3,5;4,0;4,888888888888889;3,5;2,8333333333333335;3,6;3,25
2,0;3,0;5,0;3,0;5,0;3,0;3,6666666666666665;2,8;3,5
2,0;3,0;5,0;5,0;4,0;3,5;3,1666666666666665;2,2;2,25
2,0;3,0;2,0;2,5;3,0;1,0;3,0;2,0;1,75
2,0;3,0;4,5;2,5;5,0;4,5;3,0;2,4;3,0
2,0;3,0;3,0;2,25;4,333333333333333;1,0;1,1666666666666667;2,6;2,75
2,0;3,0;2,5;2,5;3,4444444444444446;4,0;3,0;2,4;2,5
2,0;3,0;4,0;4,25;4,0;4,0;2,6666666666666665;3,4;2,75
2,0;3,0;4,5;4,0;4,111111111111111;2,5;1,8333333333333333;4,0;3,5
2,0;3,0;5,0;2,75;4,222222222222222;3,0;3,1666666666666665;2,8;3,0
2,0;3,0;5,0;4,5;4,666666666666667;4,0;3,3333333333333335;3,4;3,25
2,0;3,0;3,0;4,25;3,888888888888889;2,5;1,8333333333333333;3,4;3,0
2,0;3,0;4,0;3,25;4,111111111111111;4,0;2,6666666666666665;2,8;3,0
2,0;3,0;3,0;2,75;4,0;3,0;2,5;3,0;3,0
2,0;3,0;4,5;3,25;4,555555555555555;2,5;3,6666666666666665;3,2;3,5
2,0;3,0;3,5;3,75;4,0;3,5;2,1666666666666665;3,4;3,0
2,0;3,0;4,5;4,25;3,7777777777777777;3,5;4,0;4,0;4,0
2,0;3,0;5,0;5,0;4,888888888888889;4,5;4,0;3,8;4,0
2,0;3,0;2,5;4,0;5,0;3,0;3,1666666666666665;3,8;3,5
2,0;3,0;5,0;3,5;5,0;5,0;2,5;3,6;3,5
2,0;3,0;5,0;4,0;4,111111111111111;3,5;4,0;4,0;3,5
2,0;3,0;2,5;2,5;3,6666666666666665;3,0;1,8333333333333333;2,4;1,0
2,0;3,0;3,5;4,25;4,0;4,0;4,0;3,4;3,5
2,0;3,0;5,0;4,0;5,0;2,5;4,0;4,0;4,0
2,0;3,0;1,5;3,0;3,888888888888889;3,5;3,0;3,6;3,5
2,0;3,0;5,0;3,25;5,0;4,0;2,3333333333333335;3,6;3,5
2,0;3,0;5,0;2,75;4,777777777777778;5,0;1,1666666666666667;2,6;2,0
2,0;3,0;3,5;3,25;4,222222222222222;1,0;1,8333333333333333;3,2;1,75
2,0;3,0;3,0;2,25;3,6666666666666665;1,0;3,1666666666666665;2,4;2,75
2,0;3,0;5,0;2,25;5,0;1,0;1,8333333333333333;2,0;3,0
2,0;3,0;4,5;2,75;4,0;4,0;2,1666666666666665;2,6;3,25
2,0;3,0;4,0;4,0;4,333333333333333;1,0;1,1666666666666667;2,6;3,0
2,0;3,0;2,5;2,5;3,2222222222222223;3,0;3,8333333333333335;2,2;2,5
2,0;3,0;5,0;3,0;4,777777777777778;3,5;2,6666666666666665;3,0;3,0
2,0;3,0;5,0;2,75;4,666666666666667;3,0;3,0;2,6;3,25
2,0;3,0;3,5;3,0;3,5555555555555554;1,0;2,0;3,4;3,75
1,0;2,0;1,0;4,0;1,0;1,0;2,0;3,4;3,5
1,0;2,0;3,0;2,0;2,2222222222222223;1,0;2,5;3,6;3,25
1,0;2,0;1,0;3,0;2,888888888888889;3,0;2,1666666666666665;3,0;3,75
1,0;2,0;2,0;3,0;2,6666666666666665;1,5;3,3333333333333335;2,8;2,5
1,0;2,0;3,5;2,75;2,0;1,0;1,5;3,4;3,5
1,0;2,0;2,5;2,5;2,7777777777777777;1,0;2,0;4,0;3,75
1,0;2,0;2,0;2,0;4,666666666666667;4,0;3,1666666666666665;3,2;3,75
1,0;2,0;1,0;2,0;2,4444444444444446;1,0;2,8333333333333335;2,4;2,0
1,0;2,0;3,5;3,25;2,6666666666666665;1,0;3,6666666666666665;3,8;3,5
1,0;2,0;1,5;4,0;4,0;4,0;3,0;3,2;3,0
2,0;3,0;3,5;3,25;4,111111111111111;4,0;2,5;3,2;3,75
2,0;3,0;3,0;2,75;4,666666666666667;4,5;2,1666666666666665;2,6;3,5
2,0;3,0;5,0;3,5;4,333333333333333;1,0;3,5;2,8;3,5
2,0;3,0;3,0;3,25;2,4444444444444446;1,0;1,3333333333333333;3,0;3,25
2,0;3,0;4,5;4,0;4,111111111111111;4,0;2,0;3,2;3,0
2,0;3,0;4,5;3,25;4,0;3,5;4,0;3,6;4,0
2,0;3,0;5,0;3,0;5,0;3,0;2,3333333333333335;3,2;3,0
2,0;3,0;3,0;2,75;4,555555555555555;2,0;2,5;2,4;2,75
2,0;3,0;3,0;2,75;4,777777777777778;1,0;2,5;1,4;1,0
2,0;3,0;2,0;2,25;5,0;1,0;1,6666666666666667;2,8;2,5
2,0;3,0;3,0;3,0;4,0;2,0;2,1666666666666665;3,4;2,25
2,0;3,0;3,5;2,5;4,222222222222222;3,5;3,0;1,6;2,0
2,0;3,0;1,5;2,25;2,4444444444444446;2,0;1,1666666666666667;3,2;3,0
2,0;3,0;4,5;4,25;4,444444444444445;3,0;1,5;3,0;2,5
2,0;3,0;3,0;3,75;4,555555555555555;2,0;1,6666666666666667;2,8;3,0
2,0;3,0;3,0;3,75;4,888888888888889;3,0;1,5;2,8;3,0
2,0;3,0;4,5;2,75;5,0;4,0;3,3333333333333335;2,4;2,75
2,0;3,0;2,5;3,25;3,7777777777777777;3,0;1,8333333333333333;2,2;2,5
2,0;3,0;2,5;2,5;2,7777777777777777;2,5;2,3333333333333335;3,0;3,0
2,0;3,0;3,0;4,0;4,888888888888889;5,0;3,5;3,4;3,5
2,0;3,0;3,5;2,5;4,333333333333333;2,5;2,3333333333333335;2,6;3,25
2,0;3,0;5,0;3,75;4,888888888888889;4,0;3,8333333333333335;3,4;2,5
2,0;3,0;3,5;1,5;4,666666666666667;4,0;3,8333333333333335;1,8;2,0
2,0;3,0;3,0;3,0;4,222222222222222;1,0;2,3333333333333335;2,6;2,75
2,0;3,0;5,0;4,5;3,7777777777777777;3,0;3,0;3,4;3,0
2,0;3,0;3,0;2,5;4,222222222222222;1,0;2,3333333333333335;2,6;3,0
2,0;3,0;2,5;1,25;3,4444444444444446;1,0;2,8333333333333335;1,8;2,75
2,0;3,0;4,5;1,5;4,888888888888889;2,0;2,6666666666666665;3,4;3,25
2,0;3,0;4,0;3,5;3,888888888888889;3,0;2,1666666666666665;2,4;2,75
2,0;3,0;4,5;2,25;4,666666666666667;4,0;3,6666666666666665;3,0;2,25
2,0;3,0;3,0;2,0;3,6666666666666665;1,5;3,0;2,0;2,5
2,0;3,0;4,5;2,75;3,888888888888889;2,5;2,0;2,2;1,25
2,0;3,0;3,0;2,75;4,555555555555555;3,5;3,0;3,2;3,0
2,0;3,0;5,0;2,0;4,333333333333333;1,5;2,6666666666666665;1,6;1,75
2,0;3,0;2,0;2,0;3,6666666666666665;2,5;2,0;1,6;2,0
2,0;3,0;2,0;2,5;3,5555555555555554;1,5;2,8333333333333335;2,6;1,5
2,0;3,0;3,5;3,0;4,222222222222222;3,5;3,1666666666666665;2,8;2,75
2,0;3,0;3,0;2,75;4,222222222222222;2,5;3,5;3,2;2,0
2,0;3,0;4,5;1,75;4,0;2,5;2,5;2,2;3,0
2,0;3,0;3,0;2,5;3,2222222222222223;2,0;2,1666666666666665;2,8;2,25
2,0;3,0;4,5;3,5;4,777777777777778;3,0;3,5;3,0;3,0
2,0;3,0;3,5;4,0;4,444444444444445;2,0;2,8333333333333335;3,2;3,0
2,0;3,0;4,0;2,75;3,4444444444444446;3,0;3,0;2,8;2,75
2,0;3,0;3,5;3,0;4,333333333333333;3,5;2,3333333333333335;3,4;3,5
2,0;3,0;5,0;3,25;3,5555555555555554;1,0;3,8333333333333335;3,0;2,25
2,0;3,0;2,5;1,75;4,333333333333333;1,5;3,6666666666666665;3,0;2,75
2,0;3,0;4,0;2,75;2,888888888888889;2,0;3,1666666666666665;3,4;2,5
2,0;3,0;4,0;3,0;4,0;1,5;2,8333333333333335;2,4;2,75
2,0;3,0;3,0;3,25;4,222222222222222;2,5;2,6666666666666665;3,0;2,75
2,0;3,0;3,5;2,25;4,222222222222222;2,5;3,5;3,2;2,75
2,0;3,0;3,5;3,0;5,0;5,0;3,0;3,4;3,25
2,0;3,0;4,0;2,25;4,888888888888889;3,5;1,6666666666666667;2,6;3,0
2,0;3,0;2,5;2,25;4,0;3,5;1,1666666666666667;3,2;3,25
2,0;3,0;5,0;3,75;5,0;5,0;3,5;1,2;2,0
2,0;3,0;4,5;3,0;4,888888888888889;3,0;2,6666666666666665;3,4;3,5
2,0;3,0;2,0;3,0;5,0;5,0;3,0;3,6;3,25
2,0;3,0;4,5;3,75;4,888888888888889;4,5;3,0;2,8;3,0
2,0;3,0;2,5;3,25;5,0;4,5;3,3333333333333335;3,4;3,0
2,0;3,0;4,5;3,5;4,0;3,5;3,1666666666666665;3,6;4,0
2,0;3,0;5,0;3,75;4,666666666666667;4,0;2,6666666666666665;3,6;3,5
2,0;3,0;4,0;3,25;4,222222222222222;2,0;2,5;3,2;2,75
2,0;3,0;5,0;5,0;5,0;5,0;4,0;3,6;3,75
2,0;3,0;2,5;3,0;4,333333333333333;2,0;3,5;3,2;2,75
2,0;3,0;4,5;3,75;5,0;4,5;3,6666666666666665;3,8;4,0
2,0;3,0;3,0;3,25;3,6666666666666665;1,0;1,5;3,8;4,0
2,0;3,0;4,0;3,25;3,6666666666666665;3,5;2,0;3,8;4,0
2,0;3,0;3,0;2,75;4,333333333333333;2,5;4,0;2,8;2,75
2,0;3,0;4,5;3,75;4,888888888888889;3,5;3,1666666666666665;3,6;3,5
2,0;3,0;5,0;3,75;5,0;5,0;3,1666666666666665;3,6;4,0
2,0;3,0;4,0;3,0;3,0;1,5;2,0;4,0;4,0
2,0;3,0;3,5;2,25;4,222222222222222;2,0;3,8333333333333335;2,0;1,0
2,0;3,0;5,0;3,75;4,666666666666667;2,0;3,3333333333333335;2,8;3,25
2,0;3,0;2,0;2,25;4,222222222222222;4,0;1,0;2,0;1,75
2,0;3,0;2,0;3,5;4,0;1,0;2,5;3,2;3,25
2,0;3,0;5,0;4,75;3,888888888888889;2,0;2,8333333333333335;3,0;3,0
2,0;3,0;3,0;3,25;4,0;2,5;3,1666666666666665;2,8;2,25
2,0;3,0;3,5;3,0;4,555555555555555;3,0;2,3333333333333335;2,6;2,75
2,0;3,0;4,0;3,0;5,0;2,0;2,5;2,0;2,25
2,0;3,0;4,5;2,5;4,888888888888889;2,5;3,8333333333333335;3,2;2,5
2,0;3,0;4,0;3,0;3,7777777777777777;2,5;3,0;2,4;3,0
1,0;3,0;3,0;2,5;2,4444444444444446;1,0;2,1666666666666665;3,0;3,25
1,0;3,0;2,0;2,75;3,4444444444444446;3,5;2,8333333333333335;2,6;3,25
1,0;3,0;1,5;1,75;3,888888888888889;3,0;2,8333333333333335;3,0;2,5
1,0;3,0;2,5;2,5;4,444444444444445;2,5;2,6666666666666665;2,8;2,25
1,0;3,0;4,5;2,5;3,7777777777777777;3,5;2,3333333333333335;2,8;3,0
1,0;3,0;3,5;2,0;2,888888888888889;1,0;3,1666666666666665;3,0;3,0
1,0;3,0;5,0;3,5;3,888888888888889;2,5;3,1666666666666665;3,6;3,25
1,0;3,0;3,0;2,5;3,4444444444444446;3,0;2,5;2,4;2,25
1,0;3,0;1,0;2,25;3,3333333333333335;2,0;1,8333333333333333;2,8;2,0
1,0;3,0;2,0;1,0;3,4444444444444446;2,5;2,1666666666666665;3,4;3,75
2,0;3,0;5,0;3,25;4,888888888888889;4,5;2,5;4,0;4,0
2,0;3,0;3,5;2,25;4,111111111111111;2,5;2,0;3,4;3,25
2,0;3,0;5,0;3,5;3,7777777777777777;2,0;3,0;3,6;3,0
2,0;3,0;3,5;2,25;3,6666666666666665;3,0;1,6666666666666667;2,8;2,25
2,0;3,0;5,0;4,5;4,555555555555555;2,5;2,0;2,8;4,0
2,0;3,0;3,5;2,75;4,0;1,5;2,0;2,6;3,0
2,0;3,0;4,0;3,0;4,0;3,5;2,3333333333333335;3,0;3,25
2,0;3,0;3,0;2,5;4,555555555555555;3,0;2,5;3,0;2,5
2,0;3,0;3,0;3,0;4,0;3,5;3,1666666666666665;3,6;3,75
2,0;3,0;3,5;2,5;4,111111111111111;3,5;2,8333333333333335;3,2;3,25
2,0;3,0;5,0;3,0;4,888888888888889;4,0;2,0;3,6;4,0
2,0;3,0;4,0;2,75;4,777777777777778;4,5;2,5;3,4;3,0
2,0;3,0;5,0;3,0;3,6666666666666665;2,5;2,3333333333333335;3,0;3,25
2,0;3,0;5,0;2,5;4,111111111111111;2,0;2,0;4,0;3,25
2,0;3,0;3,0;3,75;4,666666666666667;4,5;2,6666666666666665;3,4;3,25
2,0;3,0;5,0;2,75;4,444444444444445;3,0;3,1666666666666665;3,8;3,5
2,0;3,0;4,5;3,75;4,666666666666667;3,5;1,3333333333333333;4,0;4,0
2,0;3,0;3,5;2,75;4,0;2,5;3,3333333333333335;3,8;3,0
2,0;3,0;3,0;2,75;4,777777777777778;2,5;2,0;2,8;2,75
2,0;3,0;3,0;3,5;4,666666666666667;4,0;2,6666666666666665;2,8;3,75
2,0;3,0;3,0;2,25;2,4444444444444446;1,0;1,3333333333333333;3,6;3,5
2,0;3,0;4,5;3,5;4,444444444444445;2,5;2,3333333333333335;3,2;3,5
2,0;3,0;5,0;3,0;4,888888888888889;1,0;2,8333333333333335;2,4;2,25
2,0;3,0;2,0;2,25;4,666666666666667;3,5;2,6666666666666665;3,0;2,75
2,0;3,0;4,5;3,75;4,777777777777778;4,0;1,8333333333333333;3,0;3,25
2,0;3,0;4,0;3,25;4,777777777777778;3,5;3,5;2,6;2,75
2,0;3,0;5,0;2,25;2,7777777777777777;1,0;2,8333333333333335;2,2;1,25
2,0;3,0;4,0;2,5;4,0;3,5;3,3333333333333335;2,4;2,5
2,0;3,0;3,0;2,75;5,0;3,0;2,1666666666666665;3,4;3,0
2,0;3,0;1,5;2,25;3,7777777777777777;1,0;2,6666666666666665;1,6;1,0
2,0;3,0;4,5;2,25;3,6666666666666665;1,0;2,3333333333333335;3,2;3,25
2,0;3,0;2,0;2,75;4,111111111111111;3,0;1,8333333333333333;3,2;3,25
2,0;3,0;4,0;2,5;3,7777777777777777;3,0;1,3333333333333333;2,6;2,75
2,0;3,0;2,0;2,75;3,6666666666666665;2,0;2,6666666666666665;2,6;2,75
2,0;3,0;2,0;3,0;3,4444444444444446;2,0;2,1666666666666665;3,0;3,0
2,0;3,0;3,0;2,25;3,888888888888889;1,5;3,1666666666666665;2,2;2,25
2,0;3,0;1,0;2,0;4,444444444444445;2,5;3,6666666666666665;1,8;1,25
2,0;3,0;3,5;2,0;4,0;4,0;1,1666666666666667;2,4;3,0
2,0;3,0;5,0;4,0;4,888888888888889;5,0;2,1666666666666665;2,6;2,75
2,0;3,0;3,0;2,25;4,222222222222222;1,0;2,8333333333333335;3,4;3,0
2,0;3,0;4,0;3,0;4,666666666666667;2,0;2,3333333333333335;2,2;3,25
2,0;3,0;3,5;2,0;3,5555555555555554;1,5;1,6666666666666667;3,0;3,0
2,0;3,0;5,0;2,25;4,777777777777778;1,0;3,3333333333333335;2,8;2,75
2,0;3,0;3,5;5,0;4,777777777777778;2,5;3,0;2,6;4,0
2,0;3,0;3,5;3,25;3,6666666666666665;1,0;1,0;3,4;3,5
2,0;3,0;3,0;2,75;5,0;4,0;3,1666666666666665;2,6;2,25
2,0;3,0;4,0;4,0;4,0;4,0;2,3333333333333335;3,0;3,0
2,0;3,0;3,0;2,25;5,0;2,0;3,5;2,8;2,75
2,0;3,0;2,5;2,5;4,777777777777778;3,5;2,6666666666666665;2,2;1,75
2,0;3,0;2,5;2,25;4,666666666666667;3,5;2,3333333333333335;3,2;2,75
2,0;3,0;4,5;4,0;3,4444444444444446;1,5;3,3333333333333335;2,0;2,25
2,0;3,0;4,5;3,5;4,666666666666667;3,5;3,8333333333333335;2,6;3,5
2,0;3,0;2,5;3,75;2,3333333333333335;1,0;3,5;2,8;2,0
2,0;3,0;3,5;2,0;2,2222222222222223;1,0;4,0;2,4;3,0
2,0;3,0;4,0;2,5;4,0;3,0;3,0;2,4;2,25
2,0;3,0;2,5;3,0;3,111111111111111;1,0;3,5;3,0;3,25
2,0;3,0;4,5;2,25;5,0;4,0;3,3333333333333335;2,6;3,5
2,0;3,0;5,0;4,0;5,0;3,0;2,5;3,8;4,0
2,0;3,0;2,0;3,25;4,222222222222222;2,5;1,8333333333333333;2,8;2,5
2,0;3,0;4,5;4,0;4,777777777777778;4,0;3,1666666666666665;3,8;3,25
2,0;3,0;5,0;4,0;4,555555555555555;2,0;3,5;4,0;3,75
2,0;3,0;5,0;4,0;5,0;4,5;3,1666666666666665;3,0;3,5
2,0;3,0;4,0;3,0;4,666666666666667;3,0;2,0;2,0;2,25
2,0;3,0;4,0;4,25;3,888888888888889;2,0;3,6666666666666665;4,0;3,5
2,0;3,0;2,5;3,0;4,555555555555555;3,5;3,1666666666666665;2,4;2,25
2,0;3,0;3,5;2,5;3,888888888888889;3,0;1,8333333333333333;2,8;3,0
2,0;3,0;4,0;3,0;4,777777777777778;3,5;3,1666666666666665;3,6;3,75
2,0;3,0;3,0;1,75;4,555555555555555;2,5;2,1666666666666665;2,4;3,0
2,0;3,0;4,5;4,0;4,888888888888889;5,0;1,5;3,6;3,0
2,0;3,0;5,0;3,0;4,333333333333333;4,5;1,5;3,2;3,5
2,0;3,0;3,5;3,25;4,0;4,0;2,0;2,8;2,5
2,0;3,0;4,5;2,75;4,111111111111111;3,0;1,1666666666666667;2,4;2,5
2,0;3,0;4,0;4,0;3,0;2,5;3,5;2,6;3,25
2,0;3,0;3,0;3,25;4,333333333333333;3,0;1,8333333333333333;3,8;3,5
2,0;3,0;5,0;5,0;4,0;3,0;1,0;4,0;4,0
2,0;3,0;3,0;3,0;3,7777777777777777;3,5;2,3333333333333335;3,6;3,75
2,0;3,0;5,0;4,0;5,0;5,0;4,0;3,8;4,0
2,0;3,0;5,0;2,25;4,777777777777778;1,0;3,8333333333333335;2,4;2,5
2,0;3,0;4,0;3,5;4,111111111111111;2,5;4,0;3,0;3,25
2,0;3,0;5,0;4,0;3,6666666666666665;1,0;3,1666666666666665;2,8;3,0
2,0;3,0;4,5;2,75;4,777777777777778;3,0;3,1666666666666665;3,2;3,5
2,0;3,0;5,0;3,0;5,0;4,0;4,0;3,4;3,0
2,0;3,0;5,0;4,0;5,0;4,5;3,1666666666666665;3,6;3,25
2,0;3,0;3,0;2,75;3,111111111111111;2,0;3,5;3,0;3,25
2,0;3,0;4,0;2,5;4,0;4,0;4,0;3,2;2,0
2,0;3,0;5,0;3,0;4,777777777777778;3,5;2,6666666666666665;3,4;4,0
2,0;3,0;3,0;3,0;4,0;4,0;3,1666666666666665;3,0;3,0
2,0;3,0;5,0;2,5;4,444444444444445;2,5;3,6666666666666665;1,8;3,5
2,0;3,0;2,5;2,25;4,111111111111111;2,5;2,1666666666666665;3,0;2,0
2,0;3,0;5,0;5,0;3,3333333333333335;3,0;1,0;2,6;2,25
2,0;3,0;2,5;1,75;3,111111111111111;1,0;2,3333333333333335;2,4;2,75
2,0;3,0;4,5;3,0;5,0;4,5;1,6666666666666667;3,0;2,75
2,0;3,0;5,0;5,0;5,0;5,0;3,8333333333333335;3,4;4,0
2,0;3,0;3,5;3,0;4,666666666666667;2,5;3,1666666666666665;2,8;2,75
2,0;3,0;5,0;3,75;4,555555555555555;3,5;4,0;2,0;2,0
2,0;3,0;5,0;3,25;4,333333333333333;3,5;3,5;2,4;2,5
2,0;3,0;5,0;3,25;3,7777777777777777;1,0;3,3333333333333335;2,8;3,0
2,0;3,0;3,5;3,25;4,444444444444445;2,5;1,3333333333333333;2,8;2,75
2,0;3,0;4,0;3,0;4,111111111111111;2,5;2,3333333333333335;2,8;2,25
2,0;3,0;4,5;4,5;4,555555555555555;2,5;3,1666666666666665;3,8;4,0
2,0;3,0;4,0;2,25;4,444444444444445;1,0;4,0;3,4;4,0
2,0;3,0;3,5;2,75;4,222222222222222;2,5;2,6666666666666665;3,0;2,75
2,0;3,0;5,0;3,0;4,666666666666667;4,5;3,8333333333333335;4,0;4,0
2,0;3,0;4,0;2,5;4,666666666666667;2,5;2,8333333333333335;3,6;3,5
2,0;3,0;4,0;2,75;4,777777777777778;3,5;1,3333333333333333;2,2;1,75
2,0;3,0;4,5;2,25;3,6666666666666665;2,0;2,5;2,8;2,75
2,0;3,0;5,0;3,5;4,888888888888889;2,5;3,0;3,8;3,0
2,0;3,0;4,0;2,75;4,888888888888889;4,0;3,1666666666666665;2,4;3,25
2,0;3,0;5,0;2,75;4,888888888888889;3,5;3,0;2,8;2,5
2,0;3,0;2,0;2,5;3,7777777777777777;2,5;3,6666666666666665;3,0;2,75
2,0;3,0;1,5;2,75;4,555555555555555;3,5;2,8333333333333335;3,4;3,25
2,0;3,0;2,5;3,5;4,555555555555555;4,0;1,5;3,4;2,75
2,0;3,0;2,5;2,5;3,6666666666666665;1,0;2,6666666666666665;2,6;2,75
2,0;3,0;5,0;5,0;4,888888888888889;4,5;2,8333333333333335;3,0;3,0
2,0;3,0;3,0;2,25;4,222222222222222;1,0;3,5;3,0;2,75
2,0;3,0;3,0;3,25;4,0;4,0;4,0;3,2;3,0
2,0;3,0;5,0;4,75;4,555555555555555;2,0;3,0;3,6;3,75
2,0;3,0;2,5;2,75;3,0;1,0;1,8333333333333333;3,2;2,75
2,0;3,0;5,0;2,5;4,888888888888889;2,5;3,0;3,0;2,0
2,0;3,0;3,0;2,75;4,333333333333333;3,0;2,1666666666666665;2,6;3,0
2,0;3,0;3,5;2,0;3,6666666666666665;3,0;2,8333333333333335;2,2;2,0
2,0;3,0;2,5;2,25;3,7777777777777777;1,0;2,0;2,8;3,0
2,0;3,0;4,0;3,25;4,333333333333333;1,5;1,5;2,6;2,5
2,0;3,0;4,0;2,5;4,0;1,0;1,3333333333333333;3,0;3,0
2,0;3,0;3,0;2,25;4,111111111111111;1,0;3,0;2,2;1,75
2,0;3,0;3,5;3,0;4,0;3,5;3,3333333333333335;3,2;3,25
2,0;3,0;4,0;2,0;3,4444444444444446;1,0;3,3333333333333335;3,2;2,5
2,0;3,0;3,5;2,5;3,888888888888889;3,5;1,6666666666666667;3,4;2,5
2,0;3,0;2,5;2,25;3,3333333333333335;1,0;2,6666666666666665;2,8;1,5
2,0;3,0;4,5;2,5;3,888888888888889;1,5;2,6666666666666665;2,2;2,5
2,0;3,0;4,5;2,0;4,0;1,5;3,1666666666666665;2,8;4,0
2,0;3,0;4,5;2,5;4,777777777777778;1,0;3,3333333333333335;2,2;2,75
2,0;3,0;4,5;2,25;4,777777777777778;4,0;3,6666666666666665;2,8;3,5
2,0;3,0;4,0;2,5;4,0;1,0;3,3333333333333335;2,0;2,0
2,0;3,0;4,5;2,0;4,222222222222222;1,0;3,0;2,6;2,75
2,0;3,0;4,0;2,25;4,0;2,0;2,5;2,4;3,0
2,0;3,0;4,5;1,5;4,555555555555555;2,0;3,1666666666666665;2,2;2,25
2,0;3,0;3,0;1,75;3,4444444444444446;1,0;3,8333333333333335;2,2;3,0
2,0;3,0;4,0;2,75;3,6666666666666665;1,0;3,3333333333333335;3,0;3,25
2,0;3,0;3,0;2,25;4,0;1,0;2,8333333333333335;1,8;3,0
2,0;3,0;2,5;2,5;4,666666666666667;3,0;3,1666666666666665;3,6;4,0
2,0;3,0;5,0;4,5;4,888888888888889;1,0;2,6666666666666665;3,0;3,25
2,0;3,0;5,0;3,5;3,7777777777777777;1,0;3,3333333333333335;3,4;3,0
2,0;3,0;4,5;3,5;3,7777777777777777;2,0;3,3333333333333335;3,0;3,5
2,0;3,0;2,5;2,5;4,111111111111111;1,0;3,0;2,6;2,25
2,0;3,0;5,0;3,0;4,333333333333333;3,0;3,5;3,2;2,5
2,0;3,0;4,0;3,5;4,666666666666667;2,0;2,1666666666666665;3,0;2,75
2,0;3,0;3,0;2,5;4,0;2,5;3,0;2,2;1,75
2,0;3,0;3,0;3,25;4,888888888888889;3,0;3,0;2,8;2,75
2,0;3,0;2,0;2,25;4,222222222222222;1,5;4,0;2,6;2,5
2,0;3,0;5,0;3,25;4,333333333333333;2,0;2,1666666666666665;3,6;3,5
2,0;3,0;4,5;3,5;4,888888888888889;5,0;4,0;3,6;3,5
2,0;3,0;4,5;3,25;4,555555555555555;4,0;2,6666666666666665;3,0;3,0
2,0;3,0;5,0;3,0;4,0;4,0;1,0;3,2;3,25
2,0;3,0;3,5;2,0;3,6666666666666665;2,0;3,5;2,8;3,25
2,0;3,0;1,5;2,5;4,444444444444445;3,5;3,8333333333333335;1,4;1,75
2,0;3,0;4,0;3,0;4,333333333333333;1,0;1,6666666666666667;3,2;2,75
2,0;3,0;3,5;1,75;4,111111111111111;2,0;2,3333333333333335;3,0;2,75
2,0;3,0;2,5;3,25;3,5555555555555554;1,0;3,0;2,4;2,25
2,0;3,0;2,5;3,25;4,777777777777778;3,0;2,1666666666666665;3,0;3,0
2,0;3,0;2,5;2,25;3,888888888888889;1,0;2,5;3,0;2,75
2,0;3,0;1,5;2,5;4,222222222222222;3,0;3,0;2,4;2,5
2,0;3,0;4,5;2,75;4,555555555555555;2,0;2,6666666666666665;3,6;3,25
2,0;3,0;5,0;4,75;4,444444444444445;4,0;1,0;4,0;3,5
2,0;3,0;4,5;4,0;3,6666666666666665;1,0;2,6666666666666665;2,6;2,75
2,0;3,0;5,0;5,0;4,333333333333333;3,0;3,5;3,6;4,0
2,0;3,0;4,0;2,5;4,777777777777778;4,0;3,8333333333333335;2,2;1,5
2,0;3,0;3,0;4,0;4,0;1,0;2,5;3,2;3,5
2,0;3,0;4,0;3,0;3,4444444444444446;2,5;1,3333333333333333;3,4;3,75
2,0;3,0;3,0;3,0;3,888888888888889;1,0;2,5;2,8;2,25
2,0;3,0;5,0;3,25;4,777777777777778;2,0;3,5;3,2;3,25
2,0;3,0;1,5;3,0;3,6666666666666665;1,0;2,6666666666666665;3,0;1,5
2,0;3,0;5,0;3,5;4,0;2,0;2,8333333333333335;4,0;3,0
2,0;3,0;4,5;3,5;4,444444444444445;2,5;3,5;3,4;3,0
2,0;3,0;2,0;3,25;5,0;4,0;2,0;3,2;3,0
2,0;3,0;5,0;3,25;4,555555555555555;5,0;1,6666666666666667;3,4;3,25
2,0;3,0;4,0;3,25;4,444444444444445;3,0;3,5;2,6;2,75
2,0;3,0;3,0;2,75;4,333333333333333;1,0;2,6666666666666665;3,4;3,5
2,0;3,0;4,5;2,75;4,111111111111111;1,5;3,5;2,8;2,5
2,0;3,0;2,5;2,5;3,5555555555555554;2,5;3,1666666666666665;2,4;2,0
2,0;3,0;3,0;3,25;3,888888888888889;2,0;2,3333333333333335;2,8;2,0
2,0;3,0;5,0;4,0;4,888888888888889;3,0;3,8333333333333335;3,8;3,5
2,0;3,0;2,5;5,0;4,666666666666667;2,5;3,3333333333333335;3,0;1,75
2,0;3,0;5,0;3,5;4,444444444444445;2,0;4,0;3,8;4,0
2,0;3,0;4,5;4,0;4,555555555555555;4,0;3,0;2,6;3,0
2,0;3,0;4,0;2,75;4,777777777777778;3,0;2,1666666666666665;3,8;3,0
2,0;3,0;2,5;3,25;5,0;3,0;2,8333333333333335;3,8;3,5
2,0;3,0;2,5;2,5;3,7777777777777777;1,5;3,1666666666666665;3,0;3,25
2,0;3,0;4,5;4,25;3,7777777777777777;1,0;2,5;3,2;2,75
2,0;3,0;4,5;3,75;4,333333333333333;2,0;2,1666666666666665;3,4;4,0
2,0;3,0;3,0;3,25;3,888888888888889;3,0;2,0;3,2;3,25
2,0;3,0;2,0;2,75;3,111111111111111;1,0;2,5;3,0;3,0
2,0;3,0;3,5;3,25;4,333333333333333;3,0;3,6666666666666665;3,0;3,25
2,0;3,0;3,5;3,25;3,6666666666666665;1,0;2,3333333333333335;2,8;3,25
2,0;3,0;4,0;3,25;4,0;2,0;2,1666666666666665;3,0;3,0
2,0;3,0;3,5;3,0;4,111111111111111;3,0;3,5;2,6;2,5
2,0;3,0;4,5;3,75;4,111111111111111;3,0;2,8333333333333335;3,2;2,75
2,0;3,0;3,5;2,75;4,666666666666667;2,5;3,5;3,4;3,25
2,0;3,0;3,5;4,0;3,7777777777777777;3,0;3,1666666666666665;3,2;2,25
2,0;3,0;2,5;2,5;3,6666666666666665;1,5;2,5;3,0;2,75
2,0;3,0;2,5;2,75;4,333333333333333;4,0;2,8333333333333335;3,0;2,75
2,0;3,0;2,5;3,0;4,222222222222222;3,0;1,5;2,8;2,75
2,0;3,0;3,0;2,75;3,7777777777777777;1,0;1,5;3,4;3,0
2,0;3,0;3,0;2,0;4,333333333333333;1,5;3,0;3,6;3,75
2,0;3,0;5,0;2,5;4,111111111111111;2,0;2,0;2,6;2,25
2,0;3,0;4,0;4,5;3,888888888888889;3,0;2,1666666666666665;3,2;3,25
2,0;3,0;3,5;3,25;4,111111111111111;1,0;2,6666666666666665;3,2;2,75
2,0;3,0;2,0;2,0;3,7777777777777777;2,5;4,0;2,6;2,75
2,0;3,0;1,0;1,0;2,0;2,0;1,6666666666666667;2,2;1,5
2,0;3,0;4,0;2,5;5,0;1,0;2,6666666666666665;3,2;3,25
2,0;3,0;5,0;3,25;4,888888888888889;3,0;1,0;2,4;2,0
2,0;3,0;3,5;4,0;4,666666666666667;2,0;2,8333333333333335;3,8;3,25
2,0;3,0;5,0;2,5;4,222222222222222;3,5;1,3333333333333333;2,4;3,75
2,0;3,0;4,5;3,5;5,0;5,0;3,6666666666666665;2,4;1,5
2,0;3,0;5,0;3,25;4,333333333333333;2,5;3,5;3,2;2,0
2,0;3,0;4,0;4,0;3,6666666666666665;3,5;1,1666666666666667;4,0;4,0
2,0;3,0;5,0;4,25;5,0;3,0;2,0;3,8;4,0
2,0;3,0;3,0;2,5;4,222222222222222;1,0;2,5;2,8;3,0
2,0;3,0;4,5;5,0;5,0;3,5;3,1666666666666665;3,4;3,0
2,0;3,0;4,5;3,75;3,6666666666666665;2,5;2,6666666666666665;2,4;3,5
2,0;3,0;4,0;2,25;4,666666666666667;3,0;2,3333333333333335;3,2;3,75
2,0;3,0;4,0;2,75;4,777777777777778;2,5;4,0;3,6;3,0
2,0;3,0;4,0;3,25;4,222222222222222;3,5;3,0;3,4;3,75
2,0;3,0;5,0;3,25;4,888888888888889;4,0;2,6666666666666665;2,2;3,0
2,0;3,0;5,0;3,5;4,0;4,0;2,6666666666666665;3,6;3,5
2,0;3,0;2,0;2,5;4,111111111111111;2,5;2,1666666666666665;2,8;3,0
2,0;3,0;3,5;3,75;4,444444444444445;2,5;2,3333333333333335;3,2;3,25
2,0;3,0;2,5;3,25;5,0;3,5;2,5;3,8;4,0
2,0;3,0;3,5;3,5;2,7777777777777777;1,0;3,1666666666666665;2,4;2,25
2,0;3,0;2,5;2,5;3,888888888888889;3,0;2,5;2,6;3,0
2,0;3,0;5,0;2,25;5,0;1,0;1,3333333333333333;4,0;4,0
2,0;3,0;4,5;2,75;5,0;4,5;2,6666666666666665;3,2;3,25
2,0;3,0;2,5;2,75;2,5555555555555554;1,0;2,3333333333333335;3,0;2,75
2,0;3,0;5,0;3,0;4,555555555555555;3,5;3,0;3,0;3,75
2,0;3,0;4,0;2,75;3,888888888888889;3,0;1,1666666666666667;2,2;2,25
2,0;3,0;4,5;2,0;5,0;3,5;4,0;2,8;3,25
2,0;3,0;2,5;2,25;4,888888888888889;4,5;2,1666666666666665;3,4;3,5
2,0;3,0;4,0;3,5;4,555555555555555;4,0;2,8333333333333335;3,2;4,0
2,0;3,0;3,0;2,75;3,3333333333333335;4,0;2,0;3,6;3,75
2,0;3,0;4,0;3,25;4,222222222222222;1,0;2,6666666666666665;2,4;1,75
2,0;3,0;3,5;3,25;4,111111111111111;2,5;3,0;3,0;3,0
2,0;3,0;2,5;2,25;3,6666666666666665;1,5;3,0;2,0;2,25
2,0;3,0;3,0;3,25;3,7777777777777777;3,0;2,8333333333333335;2,4;2,0
2,0;3,0;3,0;1,5;3,111111111111111;2,0;3,8333333333333335;3,2;3,0
2,0;3,0;4,5;3,0;4,333333333333333;2,0;2,3333333333333335;2,6;3,0
2,0;3,0;2,0;2,5;3,7777777777777777;1,5;3,1666666666666665;2,6;2,0
2,0;3,0;4,5;2,5;4,444444444444445;2,5;4,0;2,6;2,0
2,0;3,0;2,0;3,25;4,0;3,0;1,0;2,6;2,0
2,0;3,0;4,5;3,5;3,6666666666666665;2,5;1,0;3,0;3,5
2,0;3,0;2,5;2,0;4,111111111111111;1,0;2,6666666666666665;2,6;3,0
2,0;3,0;4,0;3,75;5,0;2,0;3,6666666666666665;2,8;3,25
2,0;3,0;2,0;4,0;4,444444444444445;3,0;2,6666666666666665;3,4;2,75
2,0;3,0;3,5;3,0;4,444444444444445;3,5;2,5;3,2;3,5
2,0;3,0;4,0;3,75;5,0;3,5;2,6666666666666665;2,8;2,5
2,0;3,0;4,5;3,75;4,777777777777778;3,5;3,3333333333333335;2,4;2,25
2,0;3,0;4,0;3,75;3,888888888888889;3,5;3,1666666666666665;2,6;2,75
2,0;3,0;3,5;4,0;4,333333333333333;4,0;3,3333333333333335;2,8;2,5
2,0;3,0;2,5;3,25;4,777777777777778;3,0;1,6666666666666667;2,4;3,0
2,0;3,0;2,5;2,75;4,333333333333333;4,0;2,8333333333333335;2,8;3,0
2,0;3,0;2,0;4,0;3,4444444444444446;1,0;1,0;1,4;1,0
2,0;3,0;3,5;2,5;4,444444444444445;1,0;1,3333333333333333;3,2;3,0
2,0;3,0;3,0;2,75;4,0;1,5;2,8333333333333335;2,8;2,5
2,0;3,0;4,0;3,25;4,111111111111111;1,0;3,1666666666666665;3,0;3,5
2,0;3,0;4,5;2,5;4,0;1,0;3,5;3,6;3,75
2,0;3,0;5,0;3,0;4,888888888888889;1,0;3,8333333333333335;3,0;3,75
2,0;3,0;4,5;2,75;5,0;5,0;2,3333333333333335;2,2;3,0
2,0;3,0;4,0;3,25;4,888888888888889;1,0;3,1666666666666665;3,0;3,5
2,0;3,0;3,5;2,5;4,888888888888889;3,5;3,0;3,6;4,0
2,0;3,0;3,0;1,5;3,888888888888889;2,0;2,8333333333333335;2,2;2,5
2,0;3,0;1,5;1,75;5,0;5,0;3,6666666666666665;2,8;2,75
2,0;3,0;4,0;1,5;2,5555555555555554;1,5;1,8333333333333333;2,4;1,5
2,0;3,0;4,5;2,5;5,0;3,0;3,3333333333333335;2,8;2,25
2,0;3,0;4,0;3,0;4,666666666666667;4,0;3,5;3,4;3,25
2,0;3,0;4,5;2,5;4,111111111111111;1,0;3,3333333333333335;3,2;2,75
2,0;3,0;3,0;2,75;3,3333333333333335;1,0;1,6666666666666667;2,4;2,0
2,0;3,0;2,5;3,25;4,888888888888889;3,5;3,6666666666666665;2,4;2,25
2,0;3,0;5,0;3,75;4,666666666666667;3,0;3,1666666666666665;2,4;2,0
2,0;3,0;3,5;3,5;4,666666666666667;3,0;2,5;3,4;3,5
2,0;3,0;4,0;3,5;5,0;4,0;3,6666666666666665;3,2;2,5
2,0;3,0;5,0;4,25;5,0;3,0;3,0;4,0;3,75
2,0;3,0;5,0;3,5;4,222222222222222;2,0;1,6666666666666667;1,8;2,5
2,0;3,0;4,0;3,25;4,666666666666667;4,0;2,5;3,8;3,25
2,0;3,0;3,5;2,5;4,888888888888889;4,0;2,5;3,4;3,25
2,0;3,0;3,0;2,0;4,666666666666667;3,5;3,0;2,0;2,5
2,0;3,0;5,0;2,5;4,666666666666667;4,0;1,6666666666666667;2,8;3,0
2,0;3,0;2,0;2,5;3,888888888888889;3,0;2,8333333333333335;2,8;2,5
2,0;3,0;3,0;2,25;3,111111111111111;2,0;1,5;2,6;3,0
2,0;3,0;5,0;3,0;4,666666666666667;1,0;2,5;3,6;3,5
2,0;3,0;2,5;3,0;4,111111111111111;3,0;1,8333333333333333;3,0;2,5
2,0;3,0;4,5;2,5;4,777777777777778;2,0;1,0;3,0;3,25
1,0;4,0;2,0;2,0;1,0;1,0;1,0;3,0;3,0
1,0;4,0;3,0;3,75;4,666666666666667;2,0;3,6666666666666665;3,2;2,75
1,0;4,0;2,0;2,75;3,7777777777777777;3,5;3,3333333333333335;2,6;2,75
1,0;4,0;3,0;4,0;3,7777777777777777;4,0;2,5;2,8;2,5
1,0;4,0;4,0;4,0;4,888888888888889;4,0;3,0;2,8;3,0
1,0;4,0;3,5;3,75;2,7777777777777777;1,5;2,1666666666666665;2,6;3,75
1,0;4,0;2,5;4,0;3,7777777777777777;2,5;2,6666666666666665;2,8;2,0
1,0;4,0;2,0;3,5;4,333333333333333;3,5;2,1666666666666665;3,0;3,75
1,0;4,0;3,5;4,5;4,888888888888889;4,5;3,3333333333333335;3,6;3,0
1,0;4,0;4,0;3,5;3,4444444444444446;4,0;2,5;3,4;3,5
2,0;3,0;2,5;4,0;3,6666666666666665;3,0;2,3333333333333335;3,2;2,75
2,0;3,0;5,0;4,0;4,777777777777778;5,0;2,0;3,6;3,0
2,0;3,0;2,0;3,75;4,0;4,0;3,0;2,8;3,0
2,0;3,0;3,0;2,75;3,7777777777777777;2,5;3,0;2,8;3,0
2,0;3,0;2,0;3,5;3,888888888888889;1,0;3,6666666666666665;2,6;3,25
2,0;3,0;3,0;3,5;3,888888888888889;3,0;3,1666666666666665;3,4;3,5
2,0;3,0;3,0;3,0;3,7777777777777777;1,0;3,0;3,6;3,75
2,0;3,0;4,5;3,75;4,444444444444445;4,0;2,0;2,6;3,0
2,0;3,0;2,0;2,75;3,7777777777777777;1,0;3,1666666666666665;3,2;2,75
2,0;3,0;4,0;4,0;4,333333333333333;2,5;2,6666666666666665;3,0;3,0
2,0;3,0;5,0;2,75;3,2222222222222223;2,5;2,8333333333333335;3,4;2,0
2,0;3,0;4,5;3,25;4,0;1,0;1,3333333333333333;3,0;3,0
2,0;3,0;4,0;3,25;4,0;3,5;2,3333333333333335;3,2;3,5
2,0;3,0;4,5;3,5;4,0;1,0;1,1666666666666667;2,8;3,0
2,0;3,0;4,5;3,75;3,111111111111111;3,0;1,0;3,6;3,5
2,0;3,0;5,0;2,75;5,0;1,0;2,8333333333333335;3,4;2,25
2,0;3,0;3,0;2,5;5,0;3,0;3,8333333333333335;1,2;1,0
2,0;3,0;2,0;2,5;3,5555555555555554;1,5;2,8333333333333335;2,8;3,25
2,0;3,0;3,5;2,75;3,6666666666666665;1,0;3,3333333333333335;3,0;2,25
2,0;3,0;3,0;2,75;3,5555555555555554;3,0;2,1666666666666665;3,2;3,0
2,0;3,0;5,0;4,0;4,333333333333333;2,5;3,3333333333333335;2,8;2,0
2,0;3,0;3,5;4,0;5,0;4,0;2,8333333333333335;2,2;1,25
2,0;3,0;5,0;5,0;5,0;5,0;2,1666666666666665;3,0;3,5
2,0;3,0;2,0;2,5;4,333333333333333;3,5;3,6666666666666665;2,8;3,0
2,0;3,0;4,0;3,75;4,111111111111111;3,0;2,6666666666666665;2,8;2,75
2,0;3,0;2,5;2,75;4,222222222222222;3,0;1,3333333333333333;3,0;2,25
2,0;3,0;2,0;2,5;4,222222222222222;2,0;2,5;2,4;2,25
2,0;3,0;5,0;5,0;5,0;4,5;2,0;2,0;1,5
2,0;3,0;5,0;3,25;5,0;3,0;3,1666666666666665;2,8;3,0
2,0;3,0;3,0;2,75;4,888888888888889;2,5;1,1666666666666667;3,0;3,25
2,0;3,0;4,5;4,0;3,888888888888889;3,0;3,0;3,0;3,0
2,0;3,0;1,0;2,5;4,777777777777778;3,0;1,5;3,2;3,5
2,0;3,0;2,0;3,5;4,0;1,0;2,8333333333333335;3,0;2,5
2,0;3,0;4,0;3,0;3,6666666666666665;3,0;3,5;1,8;2,0
2,0;3,0;4,0;3,0;4,222222222222222;2,5;3,5;2,8;3,25
2,0;3,0;2,0;2,25;4,111111111111111;3,0;3,1666666666666665;3,2;3,25
2,0;3,0;4,5;3,5;4,111111111111111;2,0;3,0;3,2;3,0
2,0;3,0;3,5;2,75;3,3333333333333335;1,0;3,5;2,4;1,75
2,0;3,0;3,0;2,5;3,0;1,0;3,5;3,0;2,25
2,0;3,0;3,0;3,0;4,222222222222222;2,5;2,1666666666666665;3,4;3,0
2,0;3,0;3,5;3,5;4,0;1,0;2,5;3,0;3,0
2,0;3,0;5,0;4,0;4,111111111111111;1,0;3,0;3,2;1,75
2,0;3,0;4,0;3,25;4,0;1,5;2,3333333333333335;3,4;3,25
2,0;3,0;2,5;2,25;4,111111111111111;3,0;2,1666666666666665;2,2;2,0
2,0;3,0;3,5;3,25;4,555555555555555;3,0;2,8333333333333335;3,0;2,75
2,0;3,0;2,5;3,25;3,7777777777777777;1,0;2,3333333333333335;3,0;2,75
2,0;3,0;2,0;2,75;4,888888888888889;2,5;3,1666666666666665;2,8;2,0
2,0;3,0;4,0;3,0;4,222222222222222;3,0;2,6666666666666665;3,0;3,25
2,0;3,0;2,0;3,0;4,0;1,0;2,1666666666666665;3,0;3,5
2,0;3,0;5,0;3,75;3,888888888888889;2,0;2,0;3,0;3,5
2,0;3,0;4,5;2,75;3,6666666666666665;1,0;2,1666666666666665;2,8;3,5
2,0;3,0;3,5;2,75;4,888888888888889;1,0;2,1666666666666665;3,2;2,25
2,0;3,0;2,0;2,0;3,888888888888889;3,5;4,0;2,6;2,75
2,0;3,0;4,0;2,0;3,888888888888889;1,0;3,5;1,8;2,75
2,0;3,0;4,0;2,5;4,333333333333333;3,0;3,1666666666666665;2,6;3,0
2,0;3,0;3,5;2,75;5,0;2,5;3,1666666666666665;3,4;3,75
2,0;3,0;2,0;4,0;3,6666666666666665;3,0;2,5;2,6;2,0
2,0;3,0;4,5;2,5;4,0;2,0;3,0;2,4;2,5
2,0;3,0;4,5;2,5;3,111111111111111;1,5;2,6666666666666665;3,0;3,0
2,0;3,0;4,5;1,5;5,0;5,0;3,8333333333333335;3,2;2,5
2,0;3,0;5,0;3,0;5,0;3,0;1,1666666666666667;4,0;3,25
2,0;3,0;4,0;4,0;5,0;3,0;3,3333333333333335;3,2;2,75
2,0;3,0;3,5;3,5;3,6666666666666665;3,0;2,3333333333333335;3,0;2,25
2,0;3,0;4,0;3,5;4,333333333333333;1,0;3,6666666666666665;3,4;3,25
2,0;3,0;4,5;4,5;4,444444444444445;3,5;3,0;3,4;2,75
2,0;3,0;4,0;3,25;4,444444444444445;2,5;2,5;3,0;2,75
2,0;3,0;4,5;2,75;3,888888888888889;2,5;3,1666666666666665;3,2;3,5
2,0;3,0;5,0;3,25;4,0;3,5;2,3333333333333335;2,6;2,75
2,0;3,0;3,0;2,75;3,5555555555555554;3,0;2,0;3,0;2,75
2,0;3,0;4,5;2,75;4,444444444444445;1,0;3,3333333333333335;3,0;2,75
2,0;3,0;2,5;3,25;4,0;3,5;2,5;3,0;3,0
2,0;3,0;4,5;3,0;3,6666666666666665;1,0;3,1666666666666665;2,4;2,75
2,0;3,0;4,5;3,5;3,5555555555555554;2,5;2,1666666666666665;3,2;3,25
2,0;3,0;4,5;3,75;4,777777777777778;4,0;4,0;3,0;3,0
2,0;3,0;5,0;3,25;4,222222222222222;2,0;4,0;2,8;3,0
2,0;3,0;5,0;3,0;4,222222222222222;4,0;2,5;3,8;3,5
2,0;3,0;2,5;3,25;1,4444444444444444;1,0;2,8333333333333335;2,8;2,0
2,0;3,0;2,5;3,25;4,222222222222222;3,0;2,1666666666666665;3,4;3,25
2,0;3,0;3,0;2,5;4,666666666666667;1,0;4,0;2,4;2,5
2,0;3,0;2,0;2,25;3,888888888888889;3,5;2,0;3,0;3,25
1,0;3,0;5,0;3,25;3,6666666666666665;2,0;3,0;3,2;2,25
1,0;3,0;2,0;3,25;4,333333333333333;2,0;2,8333333333333335;2,4;2,0
1,0;3,0;5,0;3,75;4,777777777777778;5,0;1,6666666666666667;4,0;3,75
1,0;3,0;4,5;4,5;4,111111111111111;1,5;2,6666666666666665;3,0;3,0
1,0;3,0;3,0;4,0;4,222222222222222;3,5;3,1666666666666665;3,2;3,75
1,0;3,0;2,0;4,0;4,0;3,5;3,0;3,0;3,0
1,0;3,0;2,0;3,5;4,444444444444445;3,5;3,0;3,8;3,5
1,0;3,0;5,0;4,75;4,888888888888889;4,5;3,3333333333333335;3,4;3,75
1,0;3,0;4,0;2,75;4,555555555555555;3,0;2,3333333333333335;2,8;2,5
1,0;3,0;3,5;3,0;3,888888888888889;2,0;2,8333333333333335;2,6;2,5
2,0;3,0;1,5;2,25;4,444444444444445;3,5;1,3333333333333333;3,4;3,25
2,0;3,0;5,0;4,25;3,5555555555555554;3,0;2,8333333333333335;3,6;3,25
2,0;3,0;2,0;2,75;3,0;1,0;2,1666666666666665;3,0;3,0
2,0;3,0;2,5;2,5;3,6666666666666665;1,5;3,0;3,2;3,5
2,0;3,0;4,0;3,0;4,444444444444445;4,0;2,1666666666666665;3,0;3,25
2,0;3,0;5,0;5,0;5,0;4,5;2,8333333333333335;3,6;3,25
2,0;3,0;2,0;2,25;4,444444444444445;3,0;2,3333333333333335;3,0;3,0
2,0;3,0;3,5;3,0;4,0;3,0;1,8333333333333333;2,8;1,75
2,0;3,0;3,5;3,5;3,3333333333333335;2,5;2,5;3,2;3,25
2,0;3,0;4,0;3,0;4,333333333333333;4,0;2,1666666666666665;3,0;3,25
2,0;3,0;5,0;3,5;4,555555555555555;3,0;2,0;2,8;3,0
2,0;3,0;5,0;3,5;4,444444444444445;4,5;2,5;4,0;3,75
2,0;3,0;4,0;3,0;4,111111111111111;3,0;2,8333333333333335;3,2;3,5
2,0;3,0;4,0;2,5;4,666666666666667;1,0;2,1666666666666665;1,8;2,75
2,0;3,0;3,0;2,5;3,4444444444444446;3,5;1,5;3,0;2,5
2,0;3,0;4,0;3,5;4,777777777777778;2,0;2,1666666666666665;3,0;2,75
2,0;3,0;4,0;2,5;4,444444444444445;2,5;2,6666666666666665;2,8;2,25
2,0;3,0;5,0;3,25;4,444444444444445;2,0;2,8333333333333335;2,6;2,75
2,0;3,0;4,5;4,0;4,222222222222222;3,0;2,0;3,0;2,75
2,0;3,0;2,5;2,5;4,111111111111111;4,0;2,1666666666666665;3,4;2,5
2,0;3,0;5,0;3,5;4,222222222222222;2,5;2,8333333333333335;3,2;2,75
2,0;3,0;4,0;2,75;4,333333333333333;3,0;1,6666666666666667;2,6;2,75
2,0;3,0;2,0;3,0;4,0;1,5;4,0;3,0;3,0
2,0;3,0;5,0;4,75;4,0;3,5;3,1666666666666665;3,0;3,0
2,0;3,0;3,5;3,0;3,0;2,0;1,8333333333333333;2,4;2,5
2,0;3,0;2,0;3,5;4,555555555555555;4,0;2,3333333333333335;3,0;3,0
2,0;3,0;3,0;3,0;4,888888888888889;4,0;3,6666666666666665;2,4;2,0
2,0;3,0;4,0;3,25;4,222222222222222;3,0;2,8333333333333335;2,6;2,75
2,0;3,0;3,0;3,0;3,7777777777777777;2,0;3,1666666666666665;2,2;2,5
2,0;3,0;3,0;3,25;4,444444444444445;2,0;3,0;2,2;2,25
2,0;3,0;4,5;4,0;4,666666666666667;3,0;2,3333333333333335;3,4;2,75
2,0;3,0;5,0;3,25;4,0;3,5;2,6666666666666665;3,8;3,5
2,0;3,0;4,0;2,75;4,777777777777778;2,5;2,3333333333333335;3,0;2,75
2,0;3,0;5,0;2,75;4,555555555555555;2,5;4,0;2,2;2,5
2,0;3,0;4,0;3,25;4,333333333333333;4,5;2,1666666666666665;2,6;3,25
2,0;3,0;3,0;2,25;4,444444444444445;2,5;2,5;3,6;2,75
2,0;3,0;4,0;2,75;4,0;3,0;1,3333333333333333;2,6;2,25
2,0;3,0;5,0;3,75;3,3333333333333335;1,0;4,0;4,0;3,5
2,0;3,0;5,0;3,25;3,6666666666666665;2,0;2,5;3,0;2,75
2,0;3,0;2,0;3,25;4,444444444444445;3,0;2,3333333333333335;2,8;3,5
2,0;3,0;4,5;2,25;3,0;1,0;2,8333333333333335;2,0;2,5
2,0;3,0;4,0;3,5;4,0;4,0;3,0;3,0;2,5
2,0;3,0;2,0;3,0;4,222222222222222;3,5;1,6666666666666667;2,8;2,75
2,0;3,0;3,5;3,5;4,111111111111111;3,5;2,3333333333333335;2,6;3,25
2,0;3,0;3,0;3,5;4,555555555555555;4,0;2,1666666666666665;2,2;2,25
2,0;3,0;2,0;2,5;4,888888888888889;2,0;2,8333333333333335;3,0;2,0
2,0;3,0;3,5;4,25;4,222222222222222;3,5;2,6666666666666665;3,0;3,0
2,0;3,0;4,5;3,5;4,666666666666667;3,0;4,0;3,0;3,75
2,0;3,0;2,5;2,25;4,0;2,5;2,5;2,6;2,0
2,0;3,0;3,0;5,0;5,0;5,0;2,6666666666666665;4,0;4,0
2,0;2,0;2,0;2,75;4,555555555555555;3,0;2,6666666666666665;3,2;2,25
2,0;2,0;2,0;2,5;3,3333333333333335;4,0;1,0;3,6;3,5
2,0;2,0;4,5;2,5;4,0;3,0;1,3333333333333333;3,0;3,25
2,0;2,0;4,0;1,5;3,4444444444444446;2,5;1,8333333333333333;3,4;3,5
2,0;2,0;3,0;2,5;4,888888888888889;4,0;3,3333333333333335;2,4;2,75
2,0;2,0;1,0;1,75;2,7777777777777777;1,0;1,3333333333333333;3,4;3,5
2,0;2,0;3,0;3,5;3,111111111111111;1,0;3,3333333333333335;3,0;3,0
2,0;2,0;3,0;2,75;3,6666666666666665;3,0;2,0;3,8;4,0
2,0;2,0;5,0;3,0;3,5555555555555554;1,0;2,6666666666666665;3,6;4,0
2,0;2,0;3,0;1,0;5,0;5,0;1,0;2,4;2,5
1,0;3,0;4,0;1,75;4,777777777777778;4,0;3,0;3,4;2,25
1,0;3,0;3,0;2,25;5,0;4,0;3,1666666666666665;2,4;2,25
1,0;3,0;2,0;2,25;4,222222222222222;1,0;2,3333333333333335;1,6;1,0
1,0;3,0;4,0;3,75;4,111111111111111;3,5;2,1666666666666665;2,8;3,0
1,0;3,0;5,0;3,75;4,888888888888889;2,5;3,1666666666666665;2,6;3,0
1,0;3,0;4,5;3,0;4,444444444444445;2,0;2,1666666666666665;3,0;3,5
1,0;3,0;4,0;2,5;4,111111111111111;3,5;2,3333333333333335;2,8;3,25
1,0;3,0;3,0;2,75;4,333333333333333;3,0;2,1666666666666665;3,0;3,25
1,0;3,0;4,0;3,75;4,0;3,5;3,0;3,0;2,75
1,0;3,0;4,0;3,0;4,0;3,0;3,8333333333333335;2,4;2,25
1,0;3,0;3,5;4,75;4,222222222222222;1,5;4,0;3,2;3,0
1,0;3,0;4,0;3,5;3,0;1,0;4,0;2,4;2,75
1,0;3,0;4,5;3,0;4,888888888888889;3,5;3,0;2,4;1,75
1,0;3,0;1,5;3,0;4,222222222222222;2,5;2,3333333333333335;2,2;2,5
1,0;3,0;3,0;3,0;3,5555555555555554;2,5;1,8333333333333333;2,6;2,0
1,0;3,0;4,5;4,0;4,0;2,0;3,0;2,6;2,75
1,0;3,0;3,0;1,75;1,8888888888888888;1,5;1,8333333333333333;3,6;3,25
1,0;3,0;1,5;2,5;3,888888888888889;3,0;2,1666666666666665;3,2;3,0
1,0;3,0;5,0;3,25;4,777777777777778;1,5;3,3333333333333335;3,0;3,0
1,0;3,0;4,0;4,0;4,333333333333333;4,0;2,5;2,4;2,75
1,0;3,0;4,0;2,75;4,444444444444445;3,0;3,1666666666666665;2,2;2,75
1,0;3,0;5,0;3,25;4,0;4,0;3,8333333333333335;3,0;3,75
1,0;3,0;3,0;3,75;4,111111111111111;2,5;3,0;3,0;2,5
1,0;3,0;1,5;3,25;4,444444444444445;3,0;3,0;3,4;2,5
1,0;3,0;2,0;2,0;4,888888888888889;5,0;3,1666666666666665;3,0;3,25
1,0;3,0;2,5;3,5;3,6666666666666665;3,0;3,0;3,0;2,75
1,0;3,0;2,5;3,5;4,0;4,0;2,0;3,2;2,0
1,0;3,0;3,0;3,25;3,6666666666666665;1,0;2,1666666666666665;3,0;3,0
1,0;3,0;4,0;3,25;4,0;4,0;2,0;3,0;3,25
1,0;3,0;4,0;2,75;4,555555555555555;3,0;2,8333333333333335;3,0;2,75
1,0;3,0;5,0;4,0;3,6666666666666665;2,0;2,8333333333333335;3,0;3,0
1,0;3,0;3,5;3,5;4,0;2,5;3,0;3,2;2,75
1,0;3,0;2,0;2,75;4,666666666666667;1,0;2,6666666666666665;3,4;4,0
1,0;3,0;5,0;5,0;4,111111111111111;3,5;2,5;4,0;3,25
1,0;3,0;4,5;2,5;3,7777777777777777;2,0;2,1666666666666665;2,4;2,75
1,0;3,0;3,0;3,0;2,3333333333333335;2,0;3,1666666666666665;3,0;3,0
1,0;3,0;4,0;3,5;5,0;4,5;3,5;3,0;3,25
1,0;3,0;4,0;4,25;4,111111111111111;1,0;4,0;3,6;3,5
1,0;3,0;4,5;3,25;3,4444444444444446;1,5;3,3333333333333335;1,2;2,5
1,0;3,0;4,0;3,25;4,0;4,0;2,0;3,0;3,0
1,0;3,0;3,0;2,75;3,5555555555555554;2,5;3,6666666666666665;2,8;2,25
1,0;3,0;2,0;2,25;4,222222222222222;2,0;1,3333333333333333;2,6;2,5
1,0;3,0;4,0;2,5;4,222222222222222;2,0;2,6666666666666665;2,6;2,5
1,0;3,0;2,5;2,75;4,0;3,0;2,1666666666666665;3,2;2,75
1,0;3,0;4,5;2,75;3,7777777777777777;2,0;2,6666666666666665;2,6;2,25
1,0;3,0;3,5;2,75;4,777777777777778;1,0;2,8333333333333335;3,0;2,75
1,0;3,0;4,0;2,5;3,888888888888889;3,0;2,3333333333333335;2,8;2,75
1,0;3,0;4,0;2,25;5,0;4,5;2,0;3,0;2,75
1,0;3,0;3,5;3,25;4,888888888888889;3,0;2,1666666666666665;3,6;2,75
1,0;3,0;4,5;3,0;4,444444444444445;4,0;3,5;3,0;2,5
1,0;3,0;3,0;2,75;3,6666666666666665;1,0;2,0;2,6;2,25
1,0;3,0;2,0;3,25;2,6666666666666665;3,5;3,1666666666666665;3,0;2,5
1,0;3,0;5,0;3,5;5,0;3,0;2,8333333333333335;3,6;4,0
1,0;3,0;3,0;3,0;3,3333333333333335;4,0;3,0;3,0;3,0
1,0;3,0;5,0;3,25;4,444444444444445;3,0;3,6666666666666665;3,0;3,25
1,0;3,0;5,0;5,0;4,888888888888889;5,0;1,0;1,8;3,0
1,0;3,0;4,0;3,25;3,4444444444444446;3,0;3,0;2,4;1,5
1,0;3,0;5,0;4,0;4,0;4,0;1,0;3,2;3,0
1,0;3,0;3,0;3,25;3,6666666666666665;2,0;3,1666666666666665;2,6;3,5
1,0;3,0;3,0;2,5;4,222222222222222;2,0;3,0;3,0;2,25
1,0;3,0;3,5;3,25;4,444444444444445;2,5;2,1666666666666665;2,2;2,25
1,0;3,0;3,5;2,25;4,888888888888889;2,0;3,1666666666666665;2,8;2,25
1,0;3,0;3,5;3,0;3,5555555555555554;1,0;2,8333333333333335;2,0;2,5
1,0;3,0;4,0;4,0;4,777777777777778;2,5;3,1666666666666665;3,6;4,0
1,0;3,0;2,5;2,5;4,555555555555555;2,5;2,1666666666666665;2,6;2,25
1,0;3,0;4,5;3,75;4,0;3,0;3,1666666666666665;3,2;2,75
1,0;3,0;2,5;3,25;4,0;3,5;3,6666666666666665;2,8;2,75
1,0;3,0;4,0;3,25;4,111111111111111;1,0;3,0;2,8;3,25
1,0;3,0;3,0;3,0;4,333333333333333;3,0;2,8333333333333335;2,4;2,0
1,0;3,0;4,5;2,75;4,333333333333333;4,0;2,3333333333333335;2,2;2,5
2,0;3,0;2,5;3,5;5,0;3,5;1,0;2,0;2,5
2,0;3,0;3,0;3,25;3,6666666666666665;1,0;2,1666666666666665;2,2;2,0
2,0;3,0;5,0;2,75;5,0;5,0;3,8333333333333335;3,0;3,5
2,0;3,0;4,0;3,0;4,555555555555555;3,0;1,8333333333333333;2,8;3,0
2,0;3,0;3,5;3,75;5,0;3,0;2,8333333333333335;2,4;3,25
2,0;3,0;3,0;2,5;4,777777777777778;3,5;2,3333333333333335;2,4;1,75
2,0;3,0;5,0;3,5;4,666666666666667;2,5;3,3333333333333335;2,6;3,5
2,0;3,0;3,0;2,5;3,6666666666666665;1,0;1,6666666666666667;3,0;2,25
2,0;3,0;3,0;4,0;4,444444444444445;4,0;3,0;3,0;3,75
2,0;3,0;1,5;4,0;3,7777777777777777;1,0;3,5;2,6;2,0
1,0;3,0;2,5;3,75;4,666666666666667;2,5;2,1666666666666665;3,8;3,5
1,0;3,0;2,0;2,75;4,444444444444445;2,0;1,3333333333333333;3,2;3,25
1,0;3,0;4,0;3,25;3,6666666666666665;2,0;3,1666666666666665;3,4;3,5
1,0;3,0;3,0;3,0;4,222222222222222;1,5;1,5;3,2;3,0
1,0;3,0;3,0;2,75;3,0;2,5;2,5;2,6;2,25
1,0;3,0;4,5;4,0;4,666666666666667;3,5;2,6666666666666665;3,2;3,0
1,0;3,0;3,0;2,75;4,666666666666667;1,0;1,1666666666666667;3,2;2,25
1,0;3,0;4,0;4,5;4,666666666666667;2,0;2,1666666666666665;3,6;3,25
1,0;3,0;3,5;3,0;4,444444444444445;3,0;2,0;2,4;2,25
1,0;3,0;4,5;3,0;4,888888888888889;1,0;3,6666666666666665;3,0;3,0
1,0;3,0;2,5;3,0;4,555555555555555;2,0;3,1666666666666665;3,6;2,5
1,0;3,0;3,0;3,0;3,5555555555555554;3,0;2,1666666666666665;3,2;3,25
1,0;3,0;2,0;3,0;3,7777777777777777;3,5;3,8333333333333335;2,4;1,5
1,0;3,0;4,5;2,75;3,888888888888889;3,0;2,1666666666666665;3,4;2,75
1,0;3,0;5,0;3,5;4,222222222222222;3,0;3,1666666666666665;3,0;3,0
1,0;3,0;4,5;3,75;3,6666666666666665;3,0;3,0;3,4;2,75
1,0;3,0;4,5;4,0;4,555555555555555;1,0;2,6666666666666665;3,8;4,0
1,0;3,0;5,0;3,25;4,333333333333333;4,5;3,1666666666666665;3,4;3,5
1,0;3,0;4,0;3,0;4,555555555555555;3,0;3,0;2,4;2,0
1,0;3,0;4,5;4,0;3,2222222222222223;4,5;1,6666666666666667;3,0;2,75
1,0;3,0;4,0;2,75;5,0;4,5;2,1666666666666665;2,8;3,0
1,0;3,0;2,0;3,75;4,555555555555555;1,0;2,8333333333333335;3,8;3,5
1,0;3,0;4,0;2,5;3,4444444444444446;3,0;1,0;3,0;3,0
1,0;3,0;2,0;3,0;4,555555555555555;3,0;3,1666666666666665;3,8;3,5
1,0;3,0;4,5;3,0;4,666666666666667;1,5;2,6666666666666665;2,8;2,75
1,0;3,0;4,0;3,0;4,111111111111111;2,5;1,8333333333333333;3,8;3,75
1,0;3,0;1,5;2,0;3,888888888888889;1,0;3,5;2,4;1,75
1,0;3,0;4,5;3,5;3,5555555555555554;1,0;1,8333333333333333;2,4;3,25
1,0;3,0;4,0;2,75;3,888888888888889;2,5;2,6666666666666665;3,8;3,75
1,0;3,0;3,5;2,5;3,4444444444444446;1,0;2,6666666666666665;3,0;4,0
1,0;3,0;2,0;3,0;3,888888888888889;2,5;1,8333333333333333;3,2;3,0
1,0;3,0;4,0;3,0;4,0;3,5;3,3333333333333335;3,0;3,0
1,0;3,0;4,5;3,75;4,0;3,5;1,0;3,0;2,75
1,0;3,0;4,5;4,0;4,333333333333333;4,0;3,0;4,0;3,25
1,0;3,0;1,5;3,25;3,6666666666666665;5,0;1,5;3,8;3,25
1,0;3,0;2,5;2,5;4,111111111111111;2,5;2,3333333333333335;3,2;3,25
1,0;3,0;3,0;3,75;4,111111111111111;2,0;2,0;3,0;3,0
1,0;3,0;2,0;3,0;4,222222222222222;1,0;3,1666666666666665;3,0;2,75
1,0;3,0;5,0;3,25;3,888888888888889;3,0;2,1666666666666665;2,8;3,25
1,0;3,0;4,0;5,0;4,888888888888889;4,5;3,8333333333333335;3,0;3,0
1,0;3,0;5,0;3,0;3,888888888888889;3,0;2,8333333333333335;3,2;3,75
1,0;3,0;4,5;2,5;3,0;1,0;3,1666666666666665;2,6;2,5
1,0;3,0;2,0;2,75;1,0;1,0;1,8333333333333333;2,4;2,5
1,0;3,0;3,0;3,0;4,555555555555555;3,0;1,3333333333333333;3,8;3,75
1,0;3,0;3,5;3,5;3,888888888888889;2,0;3,1666666666666665;3,8;4,0
1,0;3,0;3,0;2,25;3,0;1,0;3,1666666666666665;3,6;3,25
1,0;3,0;5,0;4,0;4,111111111111111;3,0;3,3333333333333335;2,8;2,75
1,0;3,0;2,5;3,5;3,888888888888889;2,0;3,1666666666666665;2,4;2,75
1,0;3,0;3,0;3,75;4,0;4,0;3,0;3,2;2,5
1,0;3,0;3,5;2,25;4,444444444444445;3,0;4,0;2,0;1,75
1,0;3,0;2,5;2,75;4,666666666666667;2,5;3,1666666666666665;2,8;2,75
1,0;3,0;3,5;3,25;4,777777777777778;3,5;3,1666666666666665;2,8;2,75
1,0;3,0;2,0;2,75;3,111111111111111;2,0;3,0;2,6;2,5
1,0;3,0;3,0;2,5;4,111111111111111;2,5;2,5;2,8;2,75
1,0;3,0;3,0;2,25;3,2222222222222223;3,0;3,8333333333333335;2,6;3,25
1,0;3,0;3,5;2,75;4,0;1,0;2,8333333333333335;2,8;2,75
1,0;3,0;4,0;2,75;3,2222222222222223;2,0;3,8333333333333335;3,0;2,75
1,0;3,0;4,0;3,75;4,666666666666667;2,0;3,3333333333333335;3,6;3,0
1,0;3,0;5,0;3,25;4,0;3,0;3,0;2,6;3,25
1,0;3,0;4,0;3,0;4,777777777777778;4,5;3,0;2,6;2,5
2,0;2,0;3,0;2,5;4,444444444444445;4,0;1,0;3,0;3,25
2,0;2,0;4,5;2,25;4,0;1,0;1,1666666666666667;3,2;3,75
2,0;2,0;3,5;1,5;4,222222222222222;2,0;1,5;3,8;3,5
2,0;2,0;2,0;2,75;4,0;3,0;3,0;3,0;2,75
2,0;2,0;3,5;3,25;4,111111111111111;2,5;3,5;3,2;3,5
2,0;2,0;4,5;2,5;4,0;4,0;2,6666666666666665;3,4;4,0
2,0;2,0;4,0;2,75;4,111111111111111;3,5;3,6666666666666665;3,0;3,0
2,0;2,0;4,5;3,75;2,7777777777777777;2,5;3,1666666666666665;3,8;3,25
2,0;2,0;2,0;3,5;3,7777777777777777;2,0;3,1666666666666665;3,0;3,5
2,0;2,0;4,0;2,0;5,0;5,0;1,6666666666666667;3,8;3,75
2,0;2,0;2,0;2,75;4,0;4,0;1,5;3,0;2,75
2,0;2,0;5,0;3,25;3,888888888888889;3,5;3,8333333333333335;4,0;4,0
2,0;2,0;4,0;3,0;4,333333333333333;2,0;3,5;3,4;2,25
2,0;2,0;4,5;2,5;3,6666666666666665;4,0;2,3333333333333335;3,4;3,75
2,0;2,0;4,5;4,0;4,555555555555555;4,5;3,3333333333333335;3,0;3,0
2,0;2,0;1,0;2,25;2,3333333333333335;2,0;2,8333333333333335;2,8;3,5
2,0;2,0;1,5;2,25;4,333333333333333;1,0;1,1666666666666667;3,2;2,75
2,0;2,0;2,0;2,5;2,888888888888889;1,0;1,0;3,2;3,75
2,0;2,0;4,5;2,5;4,111111111111111;3,0;3,3333333333333335;3,4;3,5
2,0;2,0;1,5;2,25;3,3333333333333335;2,0;1,1666666666666667;3,0;2,5
1,0;1,0;1,5;2,75;2,4444444444444446;1,0;1,8333333333333333;2,8;3,25
1,0;1,0;4,5;4,5;3,6666666666666665;3,0;3,3333333333333335;4,0;3,75
1,0;1,0;2,0;2,25;2,6666666666666665;3,0;1,3333333333333333;3,2;2,75
3,0;2,0;3,0;3,75;3,0;2,0;2,6666666666666665;2,6;2,75
3,0;2,0;3,0;2,25;4,111111111111111;4,0;2,8333333333333335;2,2;1,75
3,0;2,0;5,0;1,75;4,555555555555555;3,0;1,1666666666666667;2,0;1,5
3,0;2,0;2,5;1,75;3,5555555555555554;1,5;1,6666666666666667;2,2;3,25
3,0;2,0;4,5;2,75;3,888888888888889;1,0;2,6666666666666665;1,8;2,25
3,0;2,0;4,0;3,5;3,3333333333333335;3,0;2,6666666666666665;3,2;3,25
3,0;2,0;1,0;2,5;3,7777777777777777;3,5;2,3333333333333335;3,0;2,75
3,0;2,0;2,0;2,25;4,444444444444445;2,0;3,5;2,0;3,5
3,0;2,0;1,5;1,25;4,333333333333333;3,0;2,6666666666666665;2,4;3,5
3,0;2,0;1,5;2,5;3,6666666666666665;2,0;3,6666666666666665;2,2;2,25
1,0;4,0;2,5;3,5;4,444444444444445;2,0;4,0;2,0;2,5
1,0;4,0;3,0;2,75;3,2222222222222223;2,5;1,3333333333333333;2,6;2,25
1,0;4,0;3,5;3,25;3,6666666666666665;2,5;4,0;3,8;3,75
1,0;4,0;1,5;3,75;4,222222222222222;4,0;2,3333333333333335;3,2;3,5
1,0;4,0;3,0;1,75;3,5555555555555554;2,0;2,8333333333333335;2,8;2,75
1,0;4,0;3,0;3,0;4,0;3,5;2,0;3,0;3,0
1,0;4,0;2,5;2,75;5,0;4,0;1,8333333333333333;3,2;3,0
1,0;4,0;4,0;3,0;4,888888888888889;3,5;2,0;3,0;3,0
1,0;4,0;1,5;2,0;3,6666666666666665;4,0;1,8333333333333333;3,2;2,25
1,0;4,0;2,0;3,25;3,4444444444444446;1,0;1,5;2,8;3,0
1,0;2,0;3,0;3,5;2,2222222222222223;2,0;3,3333333333333335;3,0;3,75
1,0;2,0;3,0;3,75;3,3333333333333335;4,0;2,6666666666666665;3,6;3,25
1,0;2,0;5,0;4,75;3,7777777777777777;3,5;3,6666666666666665;3,8;3,75
1,0;2,0;1,5;1,75;1,7777777777777777;1,0;4,0;2,6;2,75
1,0;2,0;2,0;3,0;2,2222222222222223;1,5;2,3333333333333335;3,0;3,0
1,0;2,0;3,0;2,75;3,111111111111111;3,0;4,0;3,0;2,0
1,0;2,0;3,0;4,0;4,0;3,5;3,5;3,2;4,0
1,0;2,0;4,0;4,5;2,0;1,0;3,0;3,4;3,5
1,0;2,0;2,0;2,0;1,0;1,0;4,0;3,0;3,0
1,0;2,0;5,0;5,0;5,0;5,0;2,5;4,0;4,0
1,0;2,0;5,0;3,75;2,4444444444444446;1,0;3,0;4,0;4,0
1,0;2,0;1,5;2,5;2,111111111111111;1,5;3,3333333333333335;3,4;3,25
1,0;2,0;4,5;3,5;5,0;5,0;2,3333333333333335;4,0;4,0
1,0;2,0;3,5;3,5;2,3333333333333335;3,0;1,0;3,6;4,0
1,0;2,0;3,5;3,0;1,8888888888888888;1,0;1,0;4,0;4,0
1,0;2,0;3,5;2,25;4,0;4,0;1,0;3,4;2,5
1,0;2,0;5,0;4,5;1,0;1,0;1,0;3,6;4,0
1,0;2,0;4,0;1,75;4,888888888888889;5,0;3,8333333333333335;3,6;4,0
1,0;2,0;1,5;2,75;3,7777777777777777;2,5;2,3333333333333335;2,8;3,25
1,0;2,0;4,5;3,25;3,888888888888889;3,0;3,8333333333333335;3,6;3,75
2,0;2,0;2,0;3,5;4,222222222222222;2,5;2,1666666666666665;3,2;3,5
2,0;2,0;3,0;2,75;3,888888888888889;1,5;2,6666666666666665;3,0;2,5
2,0;2,0;3,0;2,5;3,111111111111111;2,0;3,1666666666666665;3,6;4,0
2,0;2,0;3,5;4,25;4,111111111111111;1,0;2,0;3,2;2,75
2,0;2,0;4,0;4,25;4,111111111111111;3,5;3,5;3,8;3,75
2,0;2,0;4,5;3,25;2,888888888888889;1,5;1,6666666666666667;3,4;3,75
2,0;2,0;3,0;4,5;2,888888888888889;2,0;1,1666666666666667;3,8;4,0
2,0;2,0;2,5;5,0;4,333333333333333;3,0;3,0;4,0;4,0
2,0;2,0;2,5;2,75;4,444444444444445;1,0;4,0;2,6;2,75
2,0;2,0;2,0;3,0;4,333333333333333;1,0;3,1666666666666665;3,4;2,75
1,0;3,0;2,0;1,5;3,5555555555555554;1,0;2,8333333333333335;2,8;2,25
1,0;3,0;2,0;2,0;2,3333333333333335;2,0;4,0;2,6;2,5
1,0;3,0;1,0;3,25;3,6666666666666665;1,0;2,6666666666666665;3,4;3,25
1,0;3,0;4,0;2,75;3,888888888888889;1,0;2,0;3,4;2,5
1,0;3,0;3,5;3,25;5,0;5,0;2,6666666666666665;3,6;3,75
1,0;3,0;3,5;2,0;4,111111111111111;2,5;3,0;3,0;3,5
1,0;3,0;4,0;3,25;4,444444444444445;3,5;1,1666666666666667;3,4;2,5
1,0;3,0;2,0;2,75;4,111111111111111;2,0;3,6666666666666665;3,0;3,0
1,0;3,0;5,0;3,75;3,4444444444444446;1,0;3,8333333333333335;3,2;3,5
1,0;3,0;4,5;3,5;3,888888888888889;3,0;1,0;3,0;3,0
2,0;2,0;1,5;2,25;3,7777777777777777;3,0;2,6666666666666665;3,0;3,5
2,0;2,0;1,5;1,75;3,6666666666666665;3,5;2,5;3,4;3,5
2,0;2,0;4,0;2,25;3,2222222222222223;2,5;3,1666666666666665;3,2;2,25
2,0;2,0;1,5;1,25;3,7777777777777777;2,5;4,0;3,4;2,75
2,0;2,0;2,5;3,75;4,555555555555555;4,0;3,3333333333333335;2,4;3,0
2,0;2,0;4,0;3,0;4,888888888888889;1,0;2,3333333333333335;4,0;4,0
2,0;2,0;3,0;1,5;2,5555555555555554;1,0;2,1666666666666665;3,8;4,0
2,0;2,0;4,5;4,0;4,444444444444445;3,0;2,8333333333333335;3,6;3,5
2,0;2,0;4,0;3,75;3,888888888888889;2,0;2,8333333333333335;3,8;3,25
2,0;2,0;2,0;2,75;4,888888888888889;1,0;4,0;3,0;3,25
2,0;2,0;3,5;2,5;4,0;2,5;3,5;3,4;3,25
2,0;2,0;2,5;2,75;2,6666666666666665;1,0;2,8333333333333335;3,0;3,0
2,0;2,0;1,5;2,25;3,0;1,5;2,0;3,2;3,25
2,0;2,0;3,0;3,0;4,111111111111111;1,0;3,8333333333333335;2,8;3,0
2,0;2,0;2,5;4,0;2,6666666666666665;2,5;1,8333333333333333;1,6;2,75
2,0;2,0;4,5;4,25;4,111111111111111;2,5;2,3333333333333335;3,8;3,5
2,0;2,0;4,5;3,0;4,555555555555555;5,0;2,1666666666666665;3,0;3,0
2,0;2,0;5,0;2,25;4,888888888888889;4,0;3,5;2,2;1,0
2,0;2,0;1,0;2,5;3,111111111111111;3,0;2,0;3,2;1,5
2,0;2,0;1,0;3,75;2,7777777777777777;2,0;1,0;2,6;1,75
2,0;2,0;4,5;1,75;3,5555555555555554;3,5;3,3333333333333335;3,0;3,25
2,0;2,0;5,0;3,25;3,2222222222222223;1,0;2,0;3,2;3,25
2,0;2,0;2,0;3,25;3,4444444444444446;2,5;3,0;3,2;3,5
2,0;2,0;3,0;2,25;4,222222222222222;2,0;4,0;3,6;3,25
2,0;2,0;5,0;3,0;3,6666666666666665;3,0;2,6666666666666665;3,6;3,75
2,0;2,0;5,0;2,5;4,111111111111111;1,0;2,3333333333333335;3,2;3,0
2,0;2,0;1,5;2,0;3,5555555555555554;1,5;2,1666666666666665;3,8;3,5
2,0;2,0;4,0;3,5;4,666666666666667;2,5;3,8333333333333335;3,6;3,75
2,0;2,0;4,5;3,0;3,5555555555555554;1,0;3,3333333333333335;3,2;3,25
2,0;2,0;2,0;2,75;4,222222222222222;4,0;1,5;3,6;3,75
2,0;2,0;2,5;3,75;3,2222222222222223;1,0;3,3333333333333335;3,4;3,5
2,0;2,0;5,0;3,75;5,0;3,0;4,0;3,4;4,0
2,0;2,0;3,5;3,25;2,6666666666666665;2,5;2,1666666666666665;3,0;3,25
2,0;2,0;2,0;2,0;3,888888888888889;2,5;1,6666666666666667;3,0;2,0
2,0;2,0;3,0;3,75;2,888888888888889;3,5;3,3333333333333335;3,8;3,75
2,0;2,0;2,5;3,75;2,888888888888889;2,0;2,6666666666666665;2,0;1,0
2,0;2,0;3,0;3,0;1,8888888888888888;1,5;2,3333333333333335;3,8;4,0
2,0;2,0;4,0;2,5;2,6666666666666665;1,5;1,1666666666666667;3,2;4,0
2,0;2,0;2,0;2,5;3,0;3,0;2,8333333333333335;3,0;2,75
2,0;2,0;2,5;4,0;3,111111111111111;1,5;1,6666666666666667;3,8;3,5
2,0;2,0;1,5;3,5;4,111111111111111;1,0;1,6666666666666667;3,8;3,5
2,0;2,0;4,5;4,5;4,777777777777778;2,5;1,8333333333333333;3,6;3,25
2,0;2,0;5,0;3,25;4,777777777777778;3,5;2,0;3,4;3,25
2,0;2,0;5,0;4,5;4,222222222222222;2,5;2,8333333333333335;3,2;3,75
2,0;2,0;2,0;3,0;4,0;1,0;3,0;3,2;3,5
2,0;2,0;4,0;3,25;3,888888888888889;2,0;3,1666666666666665;3,6;3,5
2,0;2,0;2,5;4,0;3,3333333333333335;2,5;2,1666666666666665;2,8;2,5
2,0;2,0;2,5;3,25;3,7777777777777777;1,0;3,6666666666666665;3,8;3,75
2,0;2,0;4,0;3,5;5,0;4,0;4,0;4,0;4,0
2,0;2,0;4,0;3,5;3,5555555555555554;2,5;2,1666666666666665;2,8;3,0
1,0;4,0;2,0;3,25;4,0;3,0;2,3333333333333335;2,4;3,0
1,0;4,0;2,5;3,25;4,666666666666667;4,5;2,5;3,2;2,75
1,0;4,0;1,5;1,75;1,4444444444444444;1,0;1,0;3,2;2,5
1,0;4,0;4,5;1,5;1,7777777777777777;1,0;2,0;2,8;2,0
1,0;4,0;4,5;3,75;4,333333333333333;2,0;2,6666666666666665;3,4;3,25
1,0;4,0;3,0;4,25;3,888888888888889;2,5;2,1666666666666665;3,4;2,5
1,0;4,0;4,0;3,5;3,5555555555555554;3,5;2,6666666666666665;3,2;2,75
1,0;4,0;4,5;3,5;3,6666666666666665;3,5;2,5;3,4;3,5
1,0;4,0;2,5;3,0;3,7777777777777777;1,0;2,0;2,6;2,25
1,0;4,0;5,0;3,25;4,222222222222222;4,5;3,3333333333333335;2,4;2,25
2,0;2,0;3,0;3,25;5,0;3,0;2,5;1,8;2,5
2,0;2,0;5,0;3,0;4,444444444444445;4,0;2,3333333333333335;2,6;2,0
2,0;2,0;2,5;2,25;3,888888888888889;4,0;3,3333333333333335;3,6;4,0
2,0;2,0;5,0;5,0;3,0;3,0;2,0;2,4;2,0
2,0;2,0;1,5;1,5;3,111111111111111;4,0;2,0;2,8;3,25
2,0;2,0;4,5;4,25;3,111111111111111;3,5;4,0;3,2;3,25
2,0;2,0;2,5;1,0;2,0;2,0;2,5;3,2;3,5
2,0;2,0;3,0;1,0;1,0;1,0;1,5;3,6;3,25
2,0;2,0;1,5;3,25;4,777777777777778;4,0;4,0;4,0;4,0
2,0;2,0;4,5;2,75;4,333333333333333;4,0;2,3333333333333335;3,4;3,25
2,0;2,0;2,5;3,25;4,222222222222222;4,0;3,1666666666666665;3,8;3,75
2,0;2,0;4,0;3,5;4,222222222222222;1,0;2,3333333333333335;3,2;3,5
2,0;2,0;3,5;3,25;3,5555555555555554;2,5;3,0;3,0;2,0
2,0;2,0;3,0;3,25;3,5555555555555554;1,0;1,3333333333333333;2,8;3,5
2,0;2,0;3,0;3,0;4,444444444444445;3,5;3,6666666666666665;3,2;3,25
2,0;2,0;3,0;3,25;3,5555555555555554;1,0;2,3333333333333335;3,2;3,25
2,0;2,0;1,5;3,0;3,7777777777777777;2,0;2,8333333333333335;2,8;2,75
2,0;2,0;4,0;4,0;5,0;5,0;4,0;2,6;2,5
2,0;2,0;2,0;3,0;3,888888888888889;2,0;3,0;3,2;2,75
2,0;2,0;3,5;4,25;5,0;5,0;4,0;3,4;3,0
2,0;2,0;1,5;4,5;4,444444444444445;4,0;3,5;3,8;3,5
2,0;2,0;2,0;3,25;3,6666666666666665;2,0;2,8333333333333335;3,0;3,25
2,0;2,0;4,5;2,75;3,111111111111111;2,5;2,1666666666666665;3,2;3,5
2,0;2,0;4,5;1,25;2,3333333333333335;3,5;1,6666666666666667;3,6;2,75
2,0;2,0;2,0;1,5;2,6666666666666665;3,0;2,0;4,0;3,5
2,0;2,0;1,0;2,75;1,6666666666666667;1,0;2,3333333333333335;3,0;3,5
2,0;2,0;3,0;2,5;3,5555555555555554;3,5;2,5;3,4;2,75
2,0;2,0;2,0;2,25;3,3333333333333335;1,0;1,8333333333333333;3,6;3,5
2,0;2,0;4,5;2,25;3,4444444444444446;1,0;1,6666666666666667;3,2;3,75
2,0;2,0;4,0;2,5;3,3333333333333335;2,0;2,3333333333333335;2,8;1,75
2,0;2,0;2,5;3,0;2,111111111111111;1,0;1,3333333333333333;3,2;3,25
2,0;2,0;2,0;5,0;4,111111111111111;2,5;2,0;3,4;3,5
2,0;2,0;4,0;2,5;3,5555555555555554;4,0;3,1666666666666665;3,6;3,0
2,0;2,0;5,0;5,0;4,0;4,0;1,0;2,8;3,0
2,0;2,0;2,0;1,25;1,6666666666666667;1,0;1,0;3,2;2,75
2,0;2,0;5,0;2,0;2,3333333333333335;1,0;1,0;3,2;2,75
2,0;2,0;2,5;3,0;4,555555555555555;3,0;3,6666666666666665;3,0;3,0
2,0;2,0;2,5;2,5;3,111111111111111;2,0;4,0;2,2;2,5
2,0;2,0;1,5;2,75;3,2222222222222223;1,0;2,5;3,0;2,75
2,0;2,0;1,5;2,5;2,0;2,5;1,0;3,4;3,25
2,0;2,0;3,0;3,75;4,111111111111111;3,5;3,8333333333333335;4,0;3,25
2,0;2,0;4,0;2,25;4,0;2,5;1,8333333333333333;3,4;3,25
2,0;2,0;3,0;2,5;2,7777777777777777;2,5;2,5;3,6;3,5
2,0;2,0;2,0;3,75;3,2222222222222223;1,0;2,6666666666666665;3,0;3,0
2,0;2,0;1,0;1,5;3,111111111111111;3,0;2,5;3,6;3,75
2,0;2,0;3,0;2,5;4,333333333333333;1,5;2,3333333333333335;3,4;1,25
2,0;2,0;2,5;2,25;3,3333333333333335;3,0;1,6666666666666667;2,6;3,5
2,0;2,0;2,0;2,25;3,888888888888889;3,0;3,1666666666666665;3,6;3,5
2,0;2,0;1,0;2,75;2,6666666666666665;3,0;1,0;2,8;2,5
2,0;2,0;3,0;2,25;4,444444444444445;1,0;2,8333333333333335;2,8;2,5
2,0;2,0;2,5;2,0;2,888888888888889;1,0;3,0;2,8;2,75
2,0;2,0;4,0;2,25;3,2222222222222223;1,0;2,8333333333333335;4,0;3,75
2,0;2,0;2,0;2,0;3,6666666666666665;2,0;3,0;2,0;2,75
2,0;2,0;4,5;3,5;4,111111111111111;3,0;3,3333333333333335;3,6;3,5
2,0;2,0;3,0;1,25;4,222222222222222;3,0;1,0;3,0;2,25
2,0;2,0;3,0;2,0;4,222222222222222;2,0;2,8333333333333335;3,2;3,5
2,0;2,0;5,0;2,5;3,6666666666666665;1,0;3,6666666666666665;3,0;3,0
2,0;2,0;5,0;2,5;3,888888888888889;2,0;3,5;3,6;3,75
2,0;2,0;3,0;1,75;4,444444444444445;3,5;2,6666666666666665;4,0;3,75
2,0;2,0;2,0;3,75;2,0;1,0;2,6666666666666665;3,8;2,75
2,0;2,0;3,5;3,0;4,0;3,5;1,0;3,0;3,0
2,0;2,0;3,0;3,75;3,2222222222222223;1,5;2,1666666666666665;4,0;4,0
2,0;2,0;5,0;3,25;4,0;3,0;2,6666666666666665;3,0;3,5
2,0;2,0;3,0;2,25;4,888888888888889;2,5;3,3333333333333335;2,0;2,5
2,0;2,0;5,0;2,75;4,0;4,0;2,0;2,2;2,5
2,0;2,0;3,0;3,25;3,7777777777777777;1,0;3,8333333333333335;3,8;3,75
2,0;2,0;4,5;3,0;3,2222222222222223;3,0;2,3333333333333335;3,2;3,25
2,0;2,0;4,5;3,25;4,444444444444445;4,0;2,8333333333333335;3,4;3,75
2,0;2,0;2,0;3,0;4,666666666666667;5,0;3,8333333333333335;3,4;3,75
2,0;2,0;1,5;2,5;4,444444444444445;3,5;2,3333333333333335;2,2;2,75
2,0;2,0;3,5;3,75;3,5555555555555554;3,5;3,5;3,4;3,75
2,0;2,0;3,5;3,5;4,222222222222222;3,0;2,1666666666666665;3,6;3,5
2,0;2,0;3,0;2,5;4,888888888888889;4,5;3,6666666666666665;2,4;3,0
2,0;2,0;5,0;2,25;3,888888888888889;2,5;3,0;3,8;4,0
2,0;2,0;3,0;3,0;4,777777777777778;3,0;1,6666666666666667;3,4;3,25
2,0;2,0;3,5;3,25;3,111111111111111;4,5;2,8333333333333335;3,0;3,5
2,0;2,0;5,0;3,75;4,333333333333333;4,0;3,6666666666666665;3,0;3,25
2,0;2,0;2,0;3,75;3,111111111111111;2,0;2,5;3,6;3,5
2,0;2,0;3,0;3,75;4,111111111111111;2,5;3,6666666666666665;3,0;3,75
2,0;2,0;2,0;2,75;3,7777777777777777;2,5;4,0;3,2;3,25
1,0;3,0;3,0;3,0;3,3333333333333335;2,5;3,3333333333333335;3,4;2,25
1,0;3,0;4,0;3,75;4,333333333333333;2,5;2,8333333333333335;3,2;2,75
1,0;3,0;3,5;3,0;4,0;3,0;3,5;3,4;2,5
1,0;3,0;3,0;3,25;4,333333333333333;3,0;3,6666666666666665;3,0;3,0
1,0;3,0;1,0;4,0;4,222222222222222;3,0;2,5;3,0;2,25
1,0;3,0;2,0;3,25;4,777777777777778;2,0;3,8333333333333335;3,0;3,0
1,0;3,0;2,5;3,0;4,888888888888889;1,0;4,0;2,2;2,5
1,0;3,0;3,5;3,0;4,0;4,0;3,6666666666666665;3,8;3,0
1,0;3,0;2,5;3,0;5,0;3,5;2,8333333333333335;3,2;3,25
1,0;3,0;4,0;3,25;4,777777777777778;3,5;2,5;3,0;3,0
2,0;2,0;2,5;2,5;3,6666666666666665;4,0;3,0;3,4;3,0
2,0;2,0;1,0;1,75;2,5555555555555554;1,0;2,0;3,6;2,75
2,0;2,0;1,5;1,75;1,8888888888888888;1,0;2,5;3,4;3,25
2,0;2,0;2,0;2,5;1,3333333333333333;1,0;2,5;3,6;3,25
2,0;2,0;3,5;2,5;3,2222222222222223;2,0;3,8333333333333335;2,6;3,0
2,0;2,0;1,5;2,75;3,0;3,5;3,3333333333333335;4,0;3,75
2,0;2,0;5,0;4,5;3,888888888888889;3,5;3,6666666666666665;3,8;4,0
2,0;2,0;1,0;2,75;1,3333333333333333;1,0;2,3333333333333335;3,0;3,5
2,0;2,0;5,0;1,0;2,888888888888889;2,5;1,6666666666666667;3,8;3,75
2,0;2,0;2,5;2,25;2,3333333333333335;2,5;4,0;3,2;3,25
2,0;2,0;2,0;3,25;2,111111111111111;1,0;2,3333333333333335;3,4;3,5
2,0;2,0;2,5;3,0;4,0;3,0;2,6666666666666665;2,8;3,25
2,0;2,0;3,0;3,0;3,888888888888889;3,0;2,0;3,6;3,5
2,0;2,0;4,0;4,0;4,111111111111111;3,0;4,0;4,0;3,5
2,0;2,0;4,5;4,0;4,777777777777778;4,5;2,0;3,6;3,75
2,0;2,0;2,0;2,25;4,111111111111111;4,0;3,3333333333333335;2,8;4,0
2,0;2,0;1,5;2,5;2,111111111111111;1,0;1,1666666666666667;3,4;3,5
2,0;2,0;2,5;2,75;3,3333333333333335;2,5;2,1666666666666665;3,0;3,5
2,0;2,0;1,5;2,0;2,2222222222222223;1,0;2,0;3,4;3,25
2,0;2,0;2,0;1,25;2,888888888888889;3,0;1,1666666666666667;3,8;3,75
2,0;2,0;4,5;2,25;2,888888888888889;1,0;1,0;4,0;3,25
2,0;2,0;1,5;2,75;4,333333333333333;4,0;3,3333333333333335;3,2;2,25
2,0;2,0;5,0;4,5;3,4444444444444446;4,0;3,1666666666666665;3,4;3,25
2,0;2,0;3,5;2,5;3,4444444444444446;3,0;2,5;2,4;2,5
2,0;2,0;4,0;3,25;3,3333333333333335;4,0;1,8333333333333333;3,0;3,25
2,0;2,0;3,0;3,0;4,222222222222222;4,5;2,6666666666666665;3,0;3,0
2,0;2,0;1,0;1,0;1,0;1,0;1,0;3,8;2,75
2,0;2,0;1,0;1,75;3,4444444444444446;2,5;2,5;2,8;2,25
2,0;2,0;2,0;2,75;4,0;2,5;3,5;3,0;2,25
2,0;2,0;3,5;3,0;4,222222222222222;3,0;3,5;3,0;2,75
2,0;2,0;4,5;4,0;3,6666666666666665;2,5;1,8333333333333333;4,0;3,75
2,0;2,0;2,5;3,0;4,222222222222222;1,5;2,1666666666666665;3,0;3,25
2,0;2,0;2,5;2,25;4,777777777777778;4,0;2,6666666666666665;3,2;2,0
2,0;2,0;3,0;2,5;3,6666666666666665;1,0;3,5;2,6;2,25
2,0;2,0;5,0;2,5;4,777777777777778;4,0;4,0;2,2;2,0
2,0;2,0;3,0;3,5;3,7777777777777777;2,0;2,5;2,8;2,25
2,0;2,0;2,0;3,25;2,888888888888889;3,0;2,5;3,4;2,5
2,0;2,0;3,5;5,0;4,555555555555555;5,0;1,3333333333333333;3,6;3,75
2,0;2,0;3,0;3,75;3,888888888888889;5,0;3,5;3,2;2,75
2,0;2,0;1,5;2,75;4,555555555555555;4,5;2,5;3,2;3,0
2,0;2,0;2,0;2,75;4,333333333333333;3,5;2,8333333333333335;3,4;3,25
2,0;2,0;2,0;2,25;3,5555555555555554;3,0;2,3333333333333335;3,4;4,0
2,0;2,0;2,0;2,5;2,7777777777777777;4,0;1,8333333333333333;3,0;2,5
2,0;2,0;3,0;2,25;3,3333333333333335;4,0;1,8333333333333333;3,2;4,0
2,0;2,0;1,5;2,5;2,3333333333333335;3,0;4,0;3,2;4,0
2,0;2,0;2,0;4,0;2,0;2,0;2,5;3,4;4,0
2,0;2,0;1,0;3,5;2,4444444444444446;2,5;2,5;3,2;3,5
2,0;2,0;2,0;2,75;3,6666666666666665;2,5;2,3333333333333335;2,8;3,75
2,0;2,0;3,0;2,25;3,6666666666666665;3,0;2,3333333333333335;2,4;2,25
2,0;2,0;2,0;2,0;4,333333333333333;2,5;3,3333333333333335;3,4;3,25
2,0;2,0;3,5;2,5;3,0;2,0;3,0;3,0;2,75
2,0;2,0;1,5;1,0;2,0;2,0;4,0;3,0;2,75
2,0;2,0;2,0;2,0;2,7777777777777777;3,0;2,5;2,6;3,5
2,0;2,0;2,0;2,75;3,6666666666666665;1,5;3,8333333333333335;2,6;2,75
2,0;2,0;3,0;3,0;4,0;1,5;4,0;2,8;3,25
2,0;2,0;3,5;1,75;4,0;4,0;3,3333333333333335;2,0;1,5
2,0;2,0;4,5;1,75;3,3333333333333335;1,5;2,6666666666666665;3,0;3,0
2,0;2,0;2,0;1,0;2,7777777777777777;1,0;1,6666666666666667;3,2;2,75
2,0;2,0;3,0;1,75;2,7777777777777777;1,0;3,1666666666666665;2,6;2,25
2,0;2,0;3,5;2,5;2,111111111111111;1,0;2,3333333333333335;3,4;3,5
1,0;2,0;2,5;3,25;4,444444444444445;4,0;1,6666666666666667;2,8;2,5
1,0;2,0;2,5;3,75;3,6666666666666665;4,0;3,0;3,2;3,0
1,0;2,0;3,0;3,5;3,7777777777777777;3,5;2,6666666666666665;3,4;2,75
1,0;2,0;3,0;4,25;5,0;5,0;3,0;4,0;4,0
1,0;2,0;3,5;3,5;3,3333333333333335;2,5;2,1666666666666665;2,8;3,5
1,0;2,0;2,0;3,0;4,555555555555555;2,5;1,5;3,2;3,5
1,0;2,0;1,5;1,75;3,6666666666666665;3,0;1,5;2,2;1,5
1,0;2,0;1,0;2,5;2,4444444444444446;2,0;2,5;3,6;3,75
1,0;2,0;4,0;4,0;3,4444444444444446;4,0;2,8333333333333335;3,8;3,75
1,0;2,0;4,0;4,0;3,888888888888889;3,5;2,0;3,2;3,25
2,0;2,0;5,0;3,0;4,111111111111111;5,0;2,0;3,4;2,75
2,0;2,0;1,5;2,5;3,3333333333333335;2,0;2,6666666666666665;3,6;3,75
2,0;2,0;2,0;1,0;1,0;1,0;1,0;4,0;3,25
2,0;2,0;1,5;2,0;2,6666666666666665;2,0;2,0;3,6;3,25
2,0;2,0;3,0;2,75;4,666666666666667;2,0;1,6666666666666667;3,6;3,5
2,0;2,0;1,0;1,5;3,5555555555555554;1,0;1,6666666666666667;2,6;2,75
2,0;2,0;2,5;3,25;4,888888888888889;5,0;3,1666666666666665;3,8;3,75
2,0;2,0;5,0;3,0;2,3333333333333335;1,0;1,0;3,2;2,75
2,0;2,0;1,0;2,0;3,111111111111111;1,0;3,1666666666666665;3,6;3,25
2,0;2,0;4,0;3,0;3,6666666666666665;2,5;4,0;3,0;3,0
2,0;2,0;2,0;2,0;4,555555555555555;4,0;2,6666666666666665;2,2;3,0
2,0;2,0;3,0;3,75;3,0;2,5;1,0;3,4;3,5
2,0;2,0;1,5;3,75;2,6666666666666665;1,0;1,5;2,2;2,0
2,0;2,0;2,0;2,0;3,2222222222222223;2,0;2,8333333333333335;2,6;2,5
2,0;2,0;1,5;1,75;4,0;1,5;2,1666666666666665;4,0;4,0
2,0;2,0;3,0;2,5;2,6666666666666665;1,0;2,5;3,0;3,0
2,0;2,0;2,0;2,5;4,444444444444445;4,0;3,1666666666666665;3,8;3,75
2,0;2,0;5,0;2,5;3,6666666666666665;2,0;3,8333333333333335;3,2;3,25
2,0;2,0;2,0;3,0;4,0;3,5;3,1666666666666665;3,4;2,5
2,0;2,0;4,5;3,0;4,666666666666667;3,5;4,0;3,0;3,5
2,0;2,0;4,0;3,5;3,2222222222222223;1,5;1,6666666666666667;3,8;3,5
2,0;2,0;2,0;2,5;3,0;2,5;1,1666666666666667;2,8;3,5
2,0;2,0;4,5;2,5;4,333333333333333;3,5;2,3333333333333335;3,0;2,25
2,0;2,0;4,0;3,5;4,333333333333333;2,0;2,1666666666666665;3,8;3,75
2,0;2,0;4,0;2,75;3,5555555555555554;3,0;2,8333333333333335;2,8;4,0
2,0;2,0;5,0;2,25;2,7777777777777777;3,0;2,1666666666666665;2,0;3,25
2,0;2,0;5,0;2,75;4,666666666666667;3,0;3,3333333333333335;3,6;3,25
2,0;2,0;3,5;3,75;3,4444444444444446;2,0;2,5;4,0;3,75
2,0;2,0;2,5;3,5;3,111111111111111;1,0;2,6666666666666665;4,0;4,0
2,0;2,0;4,0;3,25;4,111111111111111;3,5;3,5;3,2;3,75
2,0;2,0;1,0;1,25;1,0;1,0;1,5;2,6;2,0
2,0;2,0;5,0;2,25;4,444444444444445;2,5;4,0;3,0;2,25
2,0;2,0;1,5;1,75;2,5555555555555554;2,5;2,0;3,0;2,75
2,0;2,0;3,0;2,75;4,0;3,5;3,0;3,0;2,75
2,0;2,0;2,0;1,75;1,6666666666666667;1,0;2,8333333333333335;3,0;3,0
2,0;2,0;2,0;2,5;2,7777777777777777;1,0;3,0;3,2;3,0
2,0;2,0;4,0;1,5;1,0;1,0;3,3333333333333335;2,6;2,75
2,0;2,0;2,0;2,75;1,5555555555555556;1,0;2,5;3,0;3,5
2,0;2,0;2,5;2,25;4,222222222222222;2,0;2,5;2,6;2,75
2,0;2,0;4,5;3,25;5,0;5,0;4,0;3,6;3,25
2,0;2,0;3,0;4,0;1,8888888888888888;1,0;2,6666666666666665;3,6;3,5
2,0;2,0;2,5;3,5;3,0;1,0;1,5;3,8;3,5
2,0;2,0;2,0;2,25;3,7777777777777777;2,5;2,5;3,8;3,5
2,0;2,0;3,0;4,0;3,0;1,0;3,6666666666666665;3,8;3,75
2,0;2,0;3,5;3,75;4,444444444444445;4,5;3,1666666666666665;3,8;3,75
2,0;2,0;3,5;3,75;1,4444444444444444;1,0;1,3333333333333333;4,0;3,75
2,0;2,0;2,0;4,0;3,6666666666666665;2,0;2,8333333333333335;3,0;3,25
2,0;2,0;1,0;1,75;1,3333333333333333;1,0;1,6666666666666667;3,6;3,25
2,0;2,0;3,0;4,0;2,2222222222222223;1,5;2,0;3,8;3,75
2,0;2,0;4,0;3,25;3,2222222222222223;1,5;2,6666666666666665;3,2;3,75
2,0;2,0;4,0;4,5;2,6666666666666665;2,0;2,5;3,2;3,75
2,0;2,0;4,0;2,5;4,555555555555555;3,0;3,0;3,6;3,0
2,0;2,0;3,0;2,25;3,111111111111111;1,0;2,3333333333333335;3,0;3,25
2,0;2,0;3,0;3,25;4,444444444444445;2,5;2,1666666666666665;2,8;3,5
2,0;2,0;2,0;2,25;2,6666666666666665;1,0;1,5;3,4;3,25
2,0;2,0;2,5;3,0;4,666666666666667;1,0;3,1666666666666665;3,6;3,75
2,0;2,0;4,0;2,25;3,0;1,0;3,5;3,4;3,25
2,0;2,0;2,0;1,5;1,8888888888888888;1,0;2,0;3,4;3,75
2,0;2,0;4,0;3,5;4,444444444444445;4,0;2,8333333333333335;2,6;2,5
2,0;2,0;2,5;1,25;1,7777777777777777;1,0;1,0;3,6;3,75
2,0;2,0;1,0;3,25;1,8888888888888888;1,0;3,3333333333333335;3,2;3,5
2,0;2,0;5,0;4,75;3,2222222222222223;1,5;2,8333333333333335;3,6;2,75
2,0;2,0;4,0;3,0;4,888888888888889;1,5;3,0;3,6;4,0
2,0;2,0;2,0;2,75;3,3333333333333335;1,5;2,3333333333333335;4,0;3,25
2,0;2,0;3,5;3,5;4,0;4,0;4,0;3,4;3,75
2,0;2,0;2,0;3,5;4,222222222222222;1,0;3,1666666666666665;3,6;3,25
2,0;2,0;4,0;2,75;3,4444444444444446;1,0;2,6666666666666665;3,6;3,25
2,0;2,0;4,5;3,5;4,0;1,5;2,8333333333333335;4,0;4,0
2,0;2,0;3,5;5,0;4,555555555555555;3,0;4,0;4,0;3,25
1,0;4,0;3,0;3,75;4,222222222222222;3,5;3,3333333333333335;3,4;3,5
1,0;4,0;1,5;2,5;4,111111111111111;3,5;1,0;2,8;2,0
1,0;4,0;2,5;3,0;4,333333333333333;1,5;3,8333333333333335;2,8;3,25
1,0;4,0;5,0;5,0;4,0;2,5;3,0;1,8;1,0
1,0;4,0;4,5;2,5;3,888888888888889;3,0;2,6666666666666665;3,0;2,5
1,0;4,0;2,5;2,0;4,0;2,0;4,0;2,2;2,0
1,0;4,0;2,5;2,75;4,333333333333333;4,0;2,3333333333333335;1,8;2,0
1,0;4,0;4,0;3,0;4,444444444444445;1,0;1,5;2,6;2,25
1,0;4,0;3,0;2,5;4,444444444444445;4,0;3,1666666666666665;3,2;2,25
1,0;4,0;5,0;4,5;5,0;5,0;3,3333333333333335;3,4;3,0
2,0;2,0;2,0;2,75;3,7777777777777777;4,0;2,6666666666666665;3,4;3,0
2,0;2,0;2,5;2,0;2,5555555555555554;3,0;1,5;3,6;2,5
2,0;2,0;2,5;2,5;2,7777777777777777;2,0;2,0;3,2;3,5
2,0;2,0;2,0;2,0;3,888888888888889;4,0;2,3333333333333335;3,0;3,0
2,0;2,0;4,0;4,25;4,0;4,0;3,0;3,6;3,5
2,0;2,0;4,5;4,0;4,111111111111111;5,0;3,3333333333333335;3,0;3,0
2,0;2,0;2,5;3,25;3,111111111111111;4,0;3,1666666666666665;3,0;2,75
2,0;2,0;1,5;2,75;3,7777777777777777;3,0;3,8333333333333335;2,0;2,5
2,0;2,0;3,0;3,75;2,4444444444444446;3,5;2,0;3,6;3,75
2,0;2,0;3,5;2,25;4,0;3,0;2,8333333333333335;3,8;3,5
2,0;2,0;1,0;1,25;1,2222222222222223;1,0;1,0;2,2;2,5
2,0;2,0;3,5;4,5;2,5555555555555554;3,5;1,5;1,6;3,0
2,0;2,0;5,0;2,5;4,333333333333333;1,0;1,8333333333333333;1,8;1,75
2,0;2,0;3,0;2,5;3,4444444444444446;1,5;2,5;2,2;2,25
2,0;2,0;4,5;3,25;3,111111111111111;4,0;2,6666666666666665;3,4;4,0
2,0;2,0;4,0;3,0;3,7777777777777777;4,5;2,1666666666666665;3,0;3,25
2,0;2,0;1,5;2,5;3,4444444444444446;3,5;3,5;2,8;3,5
2,0;2,0;1,5;3,5;3,4444444444444446;1,0;2,0;3,0;3,5
2,0;2,0;4,0;3,75;3,6666666666666665;3,5;3,1666666666666665;3,4;3,5
2,0;2,0;1,0;2,75;3,5555555555555554;2,5;2,8333333333333335;3,6;3,25
2,0;2,0;2,5;3,0;4,222222222222222;3,0;3,1666666666666665;3,6;3,75
2,0;2,0;3,0;2,5;1,2222222222222223;1,0;1,3333333333333333;2,2;2,0
2,0;2,0;2,5;2,5;4,0;1,0;3,3333333333333335;3,4;3,0
2,0;2,0;1,5;2,0;3,5555555555555554;2,0;2,6666666666666665;3,2;3,25
2,0;2,0;1,5;2,75;3,4444444444444446;1,0;2,3333333333333335;2,4;2,5
2,0;2,0;3,0;2,75;4,333333333333333;1,0;3,6666666666666665;3,2;4,0
2,0;2,0;4,0;4,75;4,222222222222222;1,0;3,5;4,0;3,5
2,0;2,0;4,0;2,5;2,0;2,5;2,1666666666666665;3,4;3,5
2,0;2,0;1,5;4,75;4,333333333333333;1,0;3,3333333333333335;4,0;3,25
2,0;2,0;1,0;1,75;3,2222222222222223;1,5;3,5;3,4;2,75
2,0;2,0;3,5;3,5;3,7777777777777777;5,0;2,5;3,8;3,75
2,0;2,0;2,0;3,25;3,4444444444444446;2,0;2,5;3,0;3,0
2,0;2,0;3,0;5,0;2,0;2,0;3,1666666666666665;3,2;3,0
2,0;2,0;3,5;5,0;4,555555555555555;3,5;3,5;4,0;3,5
2,0;2,0;1,5;3,5;3,4444444444444446;3,0;2,5;3,2;2,5
2,0;2,0;2,0;3,5;3,888888888888889;3,0;3,1666666666666665;2,8;2,5
2,0;2,0;3,5;3,5;4,111111111111111;4,5;3,5;3,0;3,0
2,0;2,0;3,5;4,0;4,222222222222222;3,5;2,8333333333333335;3,2;3,5
2,0;2,0;2,0;3,5;4,777777777777778;5,0;3,8333333333333335;3,6;3,0
2,0;2,0;4,0;4,5;4,111111111111111;2,5;3,3333333333333335;2,4;3,5
2,0;2,0;2,0;2,5;2,888888888888889;1,0;3,0;3,0;3,25
2,0;2,0;5,0;4,0;4,0;1,0;2,0;3,2;3,25
2,0;2,0;4,0;3,75;4,0;3,5;1,5;3,6;3,25
2,0;2,0;4,0;4,25;4,666666666666667;3,5;1,6666666666666667;3,6;2,75
2,0;2,0;1,0;3,5;3,0;2,5;2,8333333333333335;3,2;3,5
2,0;2,0;2,5;3,5;3,111111111111111;2,0;2,1666666666666665;3,8;4,0
2,0;2,0;4,5;4,0;3,7777777777777777;2,5;4,0;3,4;4,0
2,0;2,0;3,5;3,75;3,5555555555555554;4,0;2,3333333333333335;3,2;3,75
2,0;2,0;3,5;4,0;4,555555555555555;3,5;3,1666666666666665;3,4;3,5
2,0;2,0;3,5;3,75;4,333333333333333;2,5;2,3333333333333335;3,0;3,0
2,0;2,0;1,5;3,75;2,888888888888889;1,0;2,6666666666666665;3,0;3,25
2,0;2,0;1,5;2,5;2,888888888888889;1,0;1,6666666666666667;2,8;3,0
2,0;2,0;3,5;2,75;4,222222222222222;2,5;4,0;4,0;2,75
2,0;2,0;2,5;4,75;3,111111111111111;4,0;2,0;3,2;3,75
2,0;2,0;4,5;3,0;5,0;1,0;3,3333333333333335;3,4;3,25
2,0;2,0;4,0;2,75;4,111111111111111;1,0;2,8333333333333335;4,0;3,75
2,0;2,0;1,0;2,5;2,7777777777777777;1,0;1,0;4,0;2,25
2,0;2,0;2,5;3,5;5,0;4,0;3,6666666666666665;3,6;3,5
2,0;2,0;3,5;5,0;4,111111111111111;3,5;4,0;3,6;3,0
2,0;2,0;4,5;3,5;3,111111111111111;1,0;3,3333333333333335;3,6;3,75
2,0;2,0;4,5;3,75;4,777777777777778;2,0;3,5;3,4;3,75
2,0;2,0;5,0;2,0;3,0;1,0;2,5;2,0;3,0
2,0;2,0;2,0;2,75;4,333333333333333;3,0;3,3333333333333335;2,6;2,75
2,0;2,0;4,5;4,0;4,111111111111111;4,0;3,0;2,8;2,75
2,0;2,0;3,5;3,25;3,5555555555555554;2,5;2,6666666666666665;3,2;3,75
2,0;2,0;1,0;2,25;3,0;3,0;2,1666666666666665;4,0;3,75
2,0;2,0;2,0;1,75;2,4444444444444446;2,0;1,3333333333333333;3,0;3,0
2,0;2,0;5,0;3,5;4,0;2,5;3,6666666666666665;3,2;2,0
2,0;2,0;2,5;2,25;3,5555555555555554;2,5;2,6666666666666665;3,2;3,0
2,0;2,0;3,0;3,0;3,111111111111111;1,0;1,8333333333333333;3,4;3,5
2,0;2,0;1,5;3,25;3,4444444444444446;2,5;3,6666666666666665;3,2;3,75
2,0;2,0;5,0;3,0;3,888888888888889;3,0;3,6666666666666665;3,0;3,0
2,0;2,0;1,0;1,0;1,6666666666666667;1,0;1,0;3,0;4,0
2,0;2,0;4,5;2,5;3,888888888888889;3,0;2,8333333333333335;3,2;3,25
2,0;2,0;2,0;2,5;1,8888888888888888;2,5;2,6666666666666665;3,4;2,5
2,0;2,0;4,5;1,0;3,7777777777777777;2,5;2,5;3,0;3,25
2,0;2,0;5,0;2,5;3,4444444444444446;1,0;4,0;3,8;3,0
2,0;2,0;4,0;2,5;3,111111111111111;2,5;2,8333333333333335;3,8;4,0
2,0;2,0;2,0;2,5;2,7777777777777777;1,0;2,5;2,6;2,5
2,0;2,0;1,5;1,5;2,4444444444444446;2,0;2,8333333333333335;3,0;2,25
2,0;2,0;2,0;2,0;3,5555555555555554;2,0;4,0;2,6;2,25
2,0;2,0;3,0;2,0;3,4444444444444446;2,5;2,0;3,2;3,0
2,0;2,0;2,0;2,5;3,888888888888889;3,0;3,5;3,2;3,5
2,0;2,0;1,5;3,0;3,5555555555555554;2,5;3,8333333333333335;3,0;3,0
2,0;2,0;3,5;4,0;4,111111111111111;1,0;3,6666666666666665;2,8;3,25
2,0;2,0;2,0;3,5;3,888888888888889;3,5;3,3333333333333335;3,2;2,75
2,0;2,0;4,0;4,25;2,6666666666666665;2,5;2,8333333333333335;3,4;2,0
2,0;2,0;2,5;1,75;3,2222222222222223;2,5;2,5;2,8;3,0
2,0;2,0;3,5;3,5;2,888888888888889;1,0;3,0;2,8;3,75
2,0;2,0;4,0;4,25;2,2222222222222223;2,5;3,5;3,6;4,0
2,0;4,0;5,0;2,75;3,5555555555555554;2,0;4,0;2,6;2,5
2,0;4,0;3,0;3,25;4,555555555555555;3,0;3,8333333333333335;2,4;2,75
2,0;4,0;5,0;3,25;4,333333333333333;1,0;3,6666666666666665;3,4;2,5
2,0;4,0;2,0;2,5;3,7777777777777777;2,0;2,5;2,0;2,5
2,0;4,0;5,0;3,0;4,444444444444445;2,0;3,6666666666666665;2,8;2,75
2,0;4,0;4,0;3,0;4,555555555555555;1,0;3,3333333333333335;2,4;1,75
2,0;4,0;4,0;2,75;4,888888888888889;4,0;3,5;2,2;2,0
2,0;4,0;2,0;3,25;5,0;4,0;1,3333333333333333;4,0;3,5
2,0;4,0;3,0;2,5;3,7777777777777777;3,0;3,3333333333333335;2,6;2,0
2,0;4,0;4,5;4,5;3,5555555555555554;2,0;4,0;4,0;4,0
2,0;2,0;5,0;2,5;4,666666666666667;3,0;2,1666666666666665;3,8;4,0
2,0;2,0;4,0;2,75;2,7777777777777777;2,0;3,6666666666666665;3,2;2,5
2,0;2,0;4,5;2,5;4,333333333333333;3,0;3,3333333333333335;3,2;3,0
2,0;2,0;3,0;2,25;3,888888888888889;1,5;2,3333333333333335;3,4;3,5
2,0;2,0;1,5;2,5;3,888888888888889;1,0;1,1666666666666667;2,8;1,25
2,0;2,0;4,0;2,75;4,444444444444445;4,5;2,3333333333333335;3,8;3,25
2,0;2,0;2,0;3,25;2,111111111111111;1,0;1,8333333333333333;3,4;3,5
2,0;2,0;2,0;1,5;2,2222222222222223;2,5;1,0;3,4;3,25
2,0;2,0;3,0;2,25;4,777777777777778;4,5;3,1666666666666665;3,6;2,75
2,0;2,0;3,5;2,25;3,2222222222222223;2,5;3,8333333333333335;3,4;3,25
2,0;3,0;4,0;3,25;3,4444444444444446;1,0;2,1666666666666665;3,0;3,5
2,0;3,0;5,0;3,75;4,666666666666667;3,5;2,8333333333333335;3,6;3,0
2,0;3,0;5,0;5,0;4,666666666666667;2,0;2,1666666666666665;3,4;3,25
2,0;3,0;2,5;2,25;2,888888888888889;1,0;2,6666666666666665;2,2;2,75
2,0;3,0;2,0;4,5;4,222222222222222;2,0;3,0;3,8;2,25
2,0;3,0;2,5;3,0;4,666666666666667;2,5;2,6666666666666665;3,8;3,75
2,0;3,0;4,5;2,25;4,444444444444445;2,5;4,0;3,2;2,75
2,0;3,0;4,5;3,75;4,222222222222222;3,5;2,6666666666666665;3,6;2,5
2,0;3,0;5,0;2,75;4,888888888888889;4,0;4,0;3,4;3,0
2,0;3,0;2,0;3,75;4,888888888888889;3,0;2,8333333333333335;3,8;3,5
3,0;3,0;4,5;3,5;3,888888888888889;1,0;3,5;3,2;2,75
3,0;3,0;4,0;4,0;4,111111111111111;2,5;3,0;2,8;2,25
3,0;3,0;2,5;3,0;3,888888888888889;2,5;1,1666666666666667;3,0;3,75
3,0;3,0;5,0;3,75;4,666666666666667;4,0;2,8333333333333335;3,8;2,5
3,0;3,0;5,0;3,0;4,444444444444445;2,0;3,6666666666666665;3,0;3,5
3,0;3,0;3,0;3,25;4,444444444444445;3,5;2,6666666666666665;2,6;2,75
3,0;3,0;4,5;4,0;4,111111111111111;3,0;3,1666666666666665;2,8;3,25
3,0;3,0;3,0;3,25;4,777777777777778;3,0;2,6666666666666665;3,2;3,0
3,0;3,0;4,0;3,0;4,555555555555555;3,0;3,5;3,4;3,0
3,0;3,0;5,0;4,75;4,777777777777778;4,0;1,5;2,6;3,0
3,0;3,0;4,5;3,5;5,0;5,0;4,0;2,8;2,5
3,0;3,0;3,5;2,75;3,6666666666666665;2,5;2,5;2,8;2,5
3,0;3,0;4,5;3,5;4,777777777777778;2,5;2,6666666666666665;3,6;3,75
3,0;3,0;3,0;2,25;4,444444444444445;2,5;2,3333333333333335;3,0;3,0
3,0;3,0;3,0;3,0;4,333333333333333;2,0;2,3333333333333335;3,0;2,5
3,0;3,0;3,0;2,5;4,555555555555555;1,0;1,0;3,6;3,5
3,0;3,0;2,0;2,5;3,888888888888889;1,0;2,1666666666666665;2,6;2,25
3,0;3,0;3,0;2,75;4,333333333333333;1,0;2,6666666666666665;2,4;3,0
3,0;3,0;2,0;1,5;4,666666666666667;3,5;2,1666666666666665;1,8;2,25
3,0;3,0;2,5;3,0;3,6666666666666665;3,5;3,0;3,0;2,0
1,0;2,0;4,0;4,0;3,7777777777777777;3,5;2,5;3,6;3,5
1,0;2,0;4,0;4,75;3,4444444444444446;2,0;3,0;2,6;3,75
1,0;2,0;2,5;2,25;4,222222222222222;2,0;2,6666666666666665;2,8;3,25
1,0;2,0;4,0;3,0;4,555555555555555;3,0;2,6666666666666665;3,6;4,0
1,0;2,0;4,5;3,25;3,6666666666666665;3,5;2,5;3,0;3,5
1,0;2,0;5,0;3,0;3,888888888888889;2,5;3,0;3,6;4,0
1,0;2,0;3,5;4,25;3,888888888888889;3,5;1,8333333333333333;3,2;3,25
1,0;2,0;3,0;3,25;3,4444444444444446;3,0;2,6666666666666665;3,4;3,75
1,0;2,0;5,0;3,0;5,0;5,0;3,8333333333333335;3,2;3,0
1,0;2,0;2,5;1,75;4,777777777777778;2,5;3,5;2,4;2,5
1,0;2,0;3,0;3,5;4,444444444444445;4,0;3,0;3,8;4,0
1,0;2,0;4,5;3,25;2,888888888888889;1,5;3,1666666666666665;3,8;3,75
1,0;2,0;3,5;2,0;4,333333333333333;2,0;3,0;3,2;3,75
1,0;2,0;4,5;3,5;4,777777777777778;3,0;3,0;2,8;2,75
1,0;2,0;2,5;3,25;3,2222222222222223;2,0;2,5;3,0;3,0
1,0;2,0;3,5;2,75;4,555555555555555;2,5;3,1666666666666665;3,4;3,25
1,0;2,0;2,5;2,5;4,111111111111111;3,0;2,3333333333333335;3,8;3,5
1,0;2,0;3,0;3,25;3,2222222222222223;1,0;1,6666666666666667;3,8;4,0
1,0;2,0;5,0;2,75;4,222222222222222;2,0;3,8333333333333335;3,6;3,25
1,0;2,0;4,0;4,5;3,888888888888889;3,0;2,3333333333333335;3,0;3,0
1,0;2,0;4,0;3,75;4,0;3,0;4,0;3,0;3,25
1,0;2,0;2,0;2,5;2,6666666666666665;1,5;1,6666666666666667;3,0;2,75
1,0;2,0;4,5;4,25;3,7777777777777777;4,0;2,6666666666666665;2,8;3,75
1,0;2,0;2,5;3,75;3,4444444444444446;3,0;3,1666666666666665;3,0;3,0
1,0;2,0;3,0;3,75;4,0;2,5;1,8333333333333333;3,8;3,75
1,0;2,0;1,5;3,5;1,7777777777777777;2,0;2,0;2,8;2,5
1,0;2,0;5,0;4,5;4,333333333333333;1,0;3,0;3,2;4,0
1,0;2,0;3,0;4,0;3,2222222222222223;4,0;1,6666666666666667;3,6;3,5
1,0;2,0;3,5;3,25;3,4444444444444446;2,5;2,6666666666666665;2,4;1,75
1,0;2,0;5,0;4,25;3,7777777777777777;1,5;3,8333333333333335;3,6;4,0
1,0;2,0;1,5;2,75;3,3333333333333335;2,5;1,3333333333333333;3,6;3,75
1,0;2,0;5,0;5,0;4,888888888888889;4,5;4,0;3,8;3,5
1,0;2,0;3,5;5,0;4,333333333333333;4,5;2,6666666666666665;3,4;1,75
1,0;2,0;1,0;3,5;2,4444444444444446;1,5;3,0;3,8;4,0
1,0;2,0;3,0;3,0;3,6666666666666665;3,5;1,6666666666666667;3,0;2,75
1,0;2,0;2,0;3,25;3,6666666666666665;3,5;2,3333333333333335;3,0;3,25
1,0;2,0;3,5;2,75;4,666666666666667;3,5;3,1666666666666665;3,2;3,25
1,0;2,0;4,0;4,25;3,5555555555555554;2,0;3,0;3,6;3,0
1,0;2,0;1,5;2,0;4,888888888888889;4,5;3,3333333333333335;3,0;3,0
1,0;2,0;5,0;4,0;4,777777777777778;1,0;3,5;3,6;3,5
1,0;2,0;5,0;3,25;4,444444444444445;2,0;2,0;3,2;3,0
1,0;2,0;5,0;4,25;4,222222222222222;3,0;3,3333333333333335;4,0;3,5
1,0;2,0;3,0;3,25;3,888888888888889;2,0;2,0;3,4;2,75
1,0;2,0;5,0;3,75;4,0;3,0;2,8333333333333335;3,2;3,0
1,0;2,0;4,0;4,75;3,5555555555555554;3,0;2,5;3,4;2,75
1,0;2,0;3,5;4,25;4,333333333333333;3,0;3,0;4,0;3,5
1,0;2,0;3,0;1,25;1,8888888888888888;1,5;1,3333333333333333;3,2;2,5
1,0;2,0;4,5;4,0;4,0;3,5;3,3333333333333335;3,6;3,25
1,0;2,0;4,0;3,75;3,5555555555555554;3,5;3,6666666666666665;2,8;2,25
1,0;2,0;4,0;3,75;4,111111111111111;3,0;3,5;3,2;3,25
2,0;2,0;4,5;2,25;3,2222222222222223;1,5;1,0;2,6;2,0
2,0;2,0;5,0;2,5;4,111111111111111;3,5;3,1666666666666665;3,6;4,0
2,0;2,0;3,0;2,25;3,6666666666666665;1,5;3,8333333333333335;2,8;2,5
2,0;2,0;5,0;2,75;4,111111111111111;3,0;3,8333333333333335;3,4;3,25
2,0;2,0;2,0;1,5;3,5555555555555554;3,0;2,0;2,8;2,5
2,0;2,0;3,5;2,75;2,6666666666666665;1,0;3,3333333333333335;3,0;3,75
2,0;2,0;2,5;1,5;4,0;3,5;2,3333333333333335;2,2;2,75
2,0;2,0;2,5;2,5;3,5555555555555554;1,0;1,1666666666666667;3,4;2,25
2,0;2,0;4,0;3,25;5,0;5,0;3,8333333333333335;3,4;3,5
2,0;2,0;3,0;1,75;2,111111111111111;1,0;2,8333333333333335;3,0;3,25
1,0;2,0;2,5;3,75;3,7777777777777777;3,0;3,8333333333333335;2,8;2,5
1,0;2,0;5,0;3,5;3,5555555555555554;2,5;3,3333333333333335;3,4;3,5
1,0;2,0;5,0;2,25;3,888888888888889;1,0;2,6666666666666665;3,0;3,5
1,0;2,0;4,0;2,25;4,0;3,5;2,6666666666666665;3,0;3,0
1,0;2,0;3,0;3,25;2,2222222222222223;2,5;1,8333333333333333;3,2;3,5
1,0;2,0;3,0;3,25;4,333333333333333;5,0;3,3333333333333335;3,0;2,25
1,0;2,0;2,0;1,75;2,6666666666666665;1,0;1,0;3,4;4,0
1,0;2,0;3,0;1,0;2,111111111111111;1,5;4,0;3,8;3,75
1,0;2,0;4,0;1,0;3,7777777777777777;1,0;2,8333333333333335;3,0;3,5
1,0;2,0;1,5;3,0;4,444444444444445;4,0;3,5;3,0;2,25
1,0;2,0;4,5;3,75;4,555555555555555;5,0;3,0;3,2;3,25
1,0;2,0;2,5;3,0;4,444444444444445;4,5;2,6666666666666665;3,2;3,0
1,0;2,0;1,5;2,25;3,2222222222222223;2,0;2,0;3,4;3,25
1,0;2,0;1,5;3,0;2,4444444444444446;1,0;2,5;3,6;3,75
1,0;2,0;2,5;3,0;2,5555555555555554;4,0;3,1666666666666665;3,0;2,5
1,0;2,0;1,0;3,0;3,7777777777777777;2,0;3,3333333333333335;2,6;1,5
1,0;2,0;3,0;2,75;3,5555555555555554;3,0;2,6666666666666665;3,6;2,75
1,0;2,0;3,0;2,25;4,222222222222222;3,0;3,1666666666666665;3,4;3,5
1,0;2,0;4,5;5,0;4,444444444444445;4,0;3,1666666666666665;2,8;2,0
1,0;2,0;2,0;3,25;4,111111111111111;4,0;2,1666666666666665;3,0;3,25
1,0;2,0;1,0;2,5;2,5555555555555554;1,0;2,6666666666666665;3,4;3,75
1,0;2,0;2,5;4,5;2,888888888888889;1,0;2,1666666666666665;3,2;3,25
1,0;2,0;2,5;2,25;1,6666666666666667;1,0;2,8333333333333335;3,4;3,5
1,0;2,0;1,0;3,0;2,5555555555555554;1,0;3,0;3,4;3,5
1,0;2,0;3,0;2,0;1,8888888888888888;1,0;1,5;2,2;3,25
1,0;2,0;1,0;3,25;3,888888888888889;2,5;3,6666666666666665;3,2;2,5
1,0;2,0;3,0;4,0;2,3333333333333335;1,0;2,0;3,4;3,75
1,0;2,0;3,0;2,75;2,0;2,5;3,6666666666666665;3,6;3,5
1,0;2,0;1,5;3,0;3,3333333333333335;3,0;2,1666666666666665;3,0;3,0
1,0;2,0;1,5;4,0;3,6666666666666665;4,5;3,5;3,4;3,0
1,0;2,0;2,5;2,25;3,5555555555555554;3,5;3,0;4,0;3,5
1,0;2,0;3,0;2,5;3,2222222222222223;4,0;3,5;3,6;3,5
1,0;2,0;1,0;4,75;3,888888888888889;3,5;2,1666666666666665;2,6;4,0
1,0;2,0;2,0;2,5;3,4444444444444446;2,5;3,5;3,6;3,5
1,0;2,0;4,0;3,75;2,0;2,0;3,0;2,8;3,0
1,0;2,0;3,5;4,75;4,777777777777778;2,0;3,8333333333333335;3,8;4,0
1,0;2,0;3,0;4,25;2,6666666666666665;1,0;2,1666666666666665;4,0;3,75
1,0;2,0;3,0;2,75;3,2222222222222223;2,0;3,0;3,2;2,75
1,0;2,0;1,5;2,0;3,3333333333333335;2,0;2,5;3,0;2,5
1,0;2,0;2,5;2,25;3,3333333333333335;3,0;1,3333333333333333;3,6;3,75
1,0;2,0;2,5;2,25;2,5555555555555554;1,0;1,0;3,8;3,0
1,0;2,0;1,5;2,75;2,5555555555555554;1,0;2,5;2,4;2,5
1,0;2,0;4,0;3,75;4,0;2,5;3,3333333333333335;4,0;4,0
1,0;2,0;3,5;4,75;4,444444444444445;4,0;3,6666666666666665;3,8;3,75
1,0;2,0;4,5;3,25;4,111111111111111;3,0;2,5;3,6;3,0
1,0;2,0;3,0;3,25;5,0;5,0;3,0;2,6;3,0
1,0;2,0;1,0;3,5;3,3333333333333335;1,5;3,0;3,2;3,75
1,0;2,0;2,5;4,25;3,3333333333333335;2,0;3,8333333333333335;3,8;3,75
1,0;2,0;3,5;2,25;3,888888888888889;1,0;2,8333333333333335;3,6;3,25
1,0;2,0;1,5;1,75;2,888888888888889;1,0;2,0;3,6;2,75
1,0;2,0;5,0;2,75;3,111111111111111;2,5;1,3333333333333333;3,8;3,75
1,0;2,0;5,0;4,25;3,0;3,0;4,0;3,4;3,5
1,0;2,0;3,5;4,25;4,0;4,5;3,6666666666666665;3,8;3,5
1,0;2,0;1,5;2,0;2,888888888888889;2,5;1,5;3,2;3,5
1,0;2,0;3,5;3,5;4,0;3,5;2,8333333333333335;3,6;2,75
1,0;2,0;1,5;2,75;2,4444444444444446;1,5;1,3333333333333333;3,6;3,75
1,0;2,0;3,0;3,5;3,7777777777777777;3,5;2,8333333333333335;3,6;3,0
1,0;2,0;2,5;3,25;4,111111111111111;4,0;3,1666666666666665;3,4;3,25
1,0;2,0;1,5;1,5;3,0;1,0;3,1666666666666665;3,2;3,75
1,0;2,0;4,5;2,75;4,222222222222222;4,5;1,3333333333333333;3,4;3,75
1,0;2,0;4,0;2,75;4,111111111111111;4,5;2,6666666666666665;3,4;3,0
1,0;2,0;3,5;3,5;3,7777777777777777;3,0;3,1666666666666665;3,8;4,0
1,0;2,0;3,5;2,5;2,5555555555555554;3,0;3,3333333333333335;3,4;2,75
1,0;2,0;2,0;1,75;2,2222222222222223;3,0;2,5;3,2;3,0
1,0;2,0;2,5;4,0;3,5555555555555554;3,5;3,6666666666666665;3,4;3,0
1,0;2,0;3,5;3,0;4,333333333333333;4,0;3,0;4,0;3,25
1,0;2,0;2,5;3,25;3,2222222222222223;3,0;2,8333333333333335;3,4;3,25
1,0;2,0;4,5;3,75;4,111111111111111;4,0;3,5;3,8;3,75
1,0;2,0;5,0;4,5;4,0;4,0;1,0;2,6;3,0
1,0;2,0;5,0;4,0;3,2222222222222223;3,0;2,8333333333333335;3,6;2,25
1,0;2,0;2,0;2,5;5,0;4,5;3,5;2,6;3,5
1,0;2,0;1,5;2,25;2,111111111111111;2,0;1,6666666666666667;3,2;3,5
1,0;2,0;1,0;2,5;1,1111111111111112;1,5;1,0;3,4;3,0
1,0;2,0;2,0;3,5;4,0;4,0;2,0;2,8;1,75
1,0;2,0;1,0;2,25;2,3333333333333335;2,5;2,1666666666666665;3,4;3,5
1,0;2,0;2,5;2,0;2,4444444444444446;1,5;2,6666666666666665;3,4;3,25
1,0;2,0;4,0;3,0;4,555555555555555;2,5;1,5;2,8;2,75
1,0;2,0;1,0;1,75;2,0;1,0;2,3333333333333335;3,2;3,25
1,0;2,0;1,5;3,75;2,888888888888889;2,0;3,0;2,6;3,0
1,0;2,0;4,0;3,5;2,111111111111111;2,0;1,3333333333333333;3,0;2,25
1,0;2,0;2,0;3,0;3,5555555555555554;2,0;4,0;3,2;3,0
1,0;2,0;4,0;4,25;5,0;5,0;1,3333333333333333;4,0;4,0
1,0;2,0;4,5;3,5;3,7777777777777777;3,0;2,1666666666666665;3,4;3,75
1,0;2,0;1,0;3,25;2,3333333333333335;1,0;2,1666666666666665;4,0;3,5
1,0;2,0;3,0;2,25;3,4444444444444446;2,0;2,5;3,2;3,5
1,0;2,0;1,5;3,0;3,3333333333333335;2,0;2,8333333333333335;3,2;3,0
1,0;2,0;2,0;2,5;4,222222222222222;3,5;3,0;3,0;2,0
1,0;2,0;2,0;4,0;3,0;2,0;3,8333333333333335;3,0;2,5
1,0;2,0;4,0;3,75;4,777777777777778;4,5;3,5;3,2;3,5
1,0;2,0;3,0;2,25;2,7777777777777777;1,5;3,8333333333333335;2,4;2,0
1,0;2,0;2,0;2,75;3,111111111111111;2,5;2,0;3,6;3,5
1,0;2,0;2,5;1,0;1,8888888888888888;1,5;3,6666666666666665;3,4;2,25
1,0;2,0;4,0;1,75;3,888888888888889;4,0;2,8333333333333335;3,0;2,5
1,0;2,0;1,5;2,75;3,5555555555555554;3,5;2,0;3,2;3,0
1,0;2,0;3,0;2,5;2,888888888888889;1,0;3,1666666666666665;3,8;3,5
1,0;2,0;2,0;1,75;3,3333333333333335;1,0;1,5;2,6;2,5
1,0;2,0;4,0;2,5;4,888888888888889;4,5;3,3333333333333335;3,4;2,75
1,0;2,0;3,0;2,75;1,0;1,0;3,0;3,0;3,0
1,0;2,0;3,0;4,75;1,0;1,0;1,5;3,4;3,5
1,0;2,0;3,5;3,25;2,4444444444444446;1,5;2,1666666666666665;2,8;3,5
1,0;2,0;4,5;3,25;4,0;2,5;3,5;2,6;1,5
1,0;2,0;2,5;2,75;3,888888888888889;3,0;2,8333333333333335;3,8;3,5
1,0;2,0;1,5;2,75;3,3333333333333335;1,5;2,0;2,8;1,75
1,0;2,0;4,0;4,25;3,7777777777777777;1,5;3,6666666666666665;4,0;3,75
1,0;2,0;4,0;4,75;3,7777777777777777;4,0;2,3333333333333335;3,2;3,25
1,0;2,0;1,5;2,5;2,5555555555555554;1,0;2,6666666666666665;3,0;2,75
1,0;2,0;3,0;3,0;2,4444444444444446;2,0;2,5;2,6;2,0
1,0;2,0;5,0;4,0;3,3333333333333335;3,5;1,8333333333333333;3,6;3,0
1,0;2,0;4,0;4,25;2,888888888888889;4,5;2,1666666666666665;3,2;2,75
1,0;2,0;3,0;3,75;4,111111111111111;2,5;2,1666666666666665;3,4;3,25
1,0;2,0;1,0;3,25;3,2222222222222223;2,5;1,6666666666666667;3,6;4,0
1,0;2,0;5,0;3,25;4,111111111111111;4,0;4,0;4,0;4,0
1,0;2,0;4,5;4,5;4,555555555555555;3,5;3,8333333333333335;3,0;3,0
1,0;2,0;5,0;3,75;4,333333333333333;4,5;3,0;3,8;4,0
1,0;2,0;5,0;3,25;3,888888888888889;3,0;2,3333333333333335;3,6;3,5
1,0;2,0;4,5;2,75;4,222222222222222;2,0;3,3333333333333335;3,8;4,0
1,0;2,0;1,5;3,5;3,4444444444444446;3,5;2,1666666666666665;3,4;3,0
1,0;2,0;1,5;2,5;3,888888888888889;2,5;3,5;3,8;3,75
1,0;2,0;4,5;3,5;3,5555555555555554;2,5;2,6666666666666665;3,6;3,0
1,0;2,0;4,5;3,0;4,111111111111111;4,5;3,1666666666666665;3,6;3,0
1,0;2,0;4,0;3,25;4,0;3,5;1,0;3,0;3,0
1,0;2,0;5,0;4,0;1,0;1,0;2,0;3,6;2,5
1,0;2,0;5,0;4,5;4,0;4,0;3,0;3,0;2,5
1,0;2,0;4,5;3,75;3,7777777777777777;3,5;1,0;3,0;3,0
1,0;2,0;2,5;3,25;2,3333333333333335;2,0;2,3333333333333335;3,4;3,75
1,0;2,0;3,0;3,0;3,888888888888889;2,0;4,0;2,4;2,25
1,0;2,0;2,0;3,25;3,0;3,0;2,3333333333333335;2,6;3,0
1,0;2,0;2,0;2,5;3,6666666666666665;3,5;2,5;3,2;3,0
1,0;2,0;2,0;2,0;3,5555555555555554;2,0;3,6666666666666665;3,0;2,75
1,0;2,0;5,0;1,25;4,444444444444445;1,0;2,1666666666666665;2,4;1,75
1,0;2,0;2,0;2,5;3,5555555555555554;3,0;2,0;2,4;2,5
1,0;2,0;5,0;4,0;1,8888888888888888;4,0;2,6666666666666665;3,6;3,75
1,0;2,0;2,0;1,25;4,888888888888889;4,5;3,5;3,4;3,5
1,0;2,0;2,0;2,25;4,0;4,0;3,5;4,0;3,75
1,0;2,0;5,0;3,25;1,0;1,0;1,1666666666666667;2,6;2,5
1,0;2,0;2,5;4,5;4,333333333333333;2,5;3,3333333333333335;3,2;4,0
1,0;2,0;3,5;1,5;3,2222222222222223;2,5;1,6666666666666667;3,4;3,0
1,0;2,0;1,5;2,0;5,0;5,0;2,6666666666666665;4,0;3,5
1,0;2,0;4,5;3,0;3,4444444444444446;3,5;1,5;3,8;4,0
1,0;2,0;2,5;2,75;2,5555555555555554;1,5;1,8333333333333333;2,8;3,25
1,0;2,0;2,0;4,25;1,4444444444444444;1,5;1,8333333333333333;2,8;1,5
1,0;2,0;2,0;1,75;1,0;1,0;1,0;2,2;3,0
1,0;2,0;1,0;2,25;4,666666666666667;3,0;1,0;3,2;3,5
1,0;2,0;2,5;3,5;4,0;4,0;2,0;3,0;2,75
1,0;2,0;3,5;3,5;3,0;1,5;1,1666666666666667;2,8;3,0
1,0;2,0;5,0;2,75;3,5555555555555554;3,5;2,5;3,6;3,5
1,0;2,0;3,5;1,75;5,0;5,0;1,0;4,0;4,0
1,0;2,0;4,0;3,25;2,7777777777777777;1,0;1,3333333333333333;3,6;3,75
1,0;2,0;2,5;2,0;2,7777777777777777;1,0;3,8333333333333335;2,8;2,75
1,0;2,0;4,0;2,75;4,111111111111111;2,5;1,8333333333333333;3,0;3,0
1,0;2,0;4,0;3,25;4,666666666666667;3,0;2,3333333333333335;3,4;3,5
1,0;2,0;4,5;4,25;4,333333333333333;4,5;3,0;3,6;3,0
1,0;2,0;1,0;3,0;3,2222222222222223;2,5;2,1666666666666665;3,0;2,25
1,0;2,0;3,0;4,5;3,6666666666666665;3,0;1,5;3,6;3,75
1,0;2,0;5,0;3,5;4,666666666666667;4,5;3,6666666666666665;3,2;3,5
1,0;2,0;4,5;3,75;4,0;2,5;3,3333333333333335;3,6;3,5
1,0;2,0;5,0;3,75;4,444444444444445;4,0;3,5;3,2;3,25
1,0;2,0;5,0;4,0;2,888888888888889;1,0;3,0;3,4;2,5
1,0;2,0;3,0;2,5;3,0;1,0;2,3333333333333335;2,2;3,0
1,0;2,0;4,5;3,5;4,555555555555555;1,5;2,5;3,0;3,75
2,0;2,0;4,5;3,5;5,0;5,0;1,0;4,0;3,25
2,0;2,0;2,5;2,0;4,111111111111111;4,0;3,0;2,6;3,25
2,0;2,0;4,5;5,0;5,0;4,5;2,3333333333333335;3,6;3,25
2,0;2,0;1,5;1,5;4,666666666666667;2,5;2,3333333333333335;3,2;2,75
2,0;2,0;4,5;2,75;3,4444444444444446;2,0;2,5;1,4;2,25
2,0;2,0;2,5;3,5;4,333333333333333;3,5;2,5;3,4;3,0
2,0;2,0;4,5;3,5;2,7777777777777777;1,0;1,0;3,0;2,5
2,0;2,0;2,0;2,75;3,2222222222222223;2,0;3,6666666666666665;2,8;2,75
2,0;2,0;2,0;1,0;5,0;5,0;1,0;3,0;1,0
2,0;2,0;2,0;2,75;3,2222222222222223;1,0;3,1666666666666665;3,8;3,5
1,0;2,0;2,0;3,75;2,6666666666666665;1,0;2,5;3,4;3,75
1,0;2,0;2,0;2,25;4,444444444444445;3,5;3,1666666666666665;3,6;3,0
1,0;2,0;3,0;2,75;3,4444444444444446;1,0;2,1666666666666665;3,4;4,0
1,0;2,0;1,5;2,0;2,888888888888889;1,0;1,8333333333333333;3,6;3,75
1,0;2,0;3,5;3,0;3,0;2,5;2,6666666666666665;3,8;3,5
1,0;2,0;3,5;2,5;3,3333333333333335;1,0;1,8333333333333333;3,6;3,75
1,0;2,0;2,0;3,0;4,444444444444445;3,5;2,8333333333333335;2,4;2,75
1,0;2,0;3,5;4,0;3,7777777777777777;4,0;3,0;3,6;3,5
1,0;2,0;5,0;3,5;3,888888888888889;2,0;2,3333333333333335;3,6;3,75
1,0;2,0;3,5;3,0;3,5555555555555554;2,5;2,1666666666666665;2,8;3,0
1,0;2,0;3,5;3,0;3,6666666666666665;3,0;2,1666666666666665;3,2;3,0
1,0;2,0;1,5;4,25;3,4444444444444446;1,0;2,0;3,0;3,25
1,0;2,0;3,0;3,25;2,4444444444444446;1,0;2,8333333333333335;3,4;3,25
1,0;2,0;5,0;2,25;3,111111111111111;3,5;2,0;1,6;2,0
1,0;2,0;2,0;3,25;2,7777777777777777;1,0;1,1666666666666667;3,2;3,75
1,0;2,0;1,5;3,25;3,111111111111111;1,0;1,3333333333333333;2,0;3,0
1,0;2,0;2,0;4,0;4,0;3,5;3,0;3,4;3,75
1,0;2,0;3,5;2,5;3,7777777777777777;3,0;3,3333333333333335;2,8;3,0
1,0;2,0;1,0;4,5;4,444444444444445;1,5;3,0;3,8;3,5
1,0;2,0;5,0;4,5;3,5555555555555554;3,0;2,8333333333333335;3,8;3,0
1,0;2,0;2,0;2,75;2,3333333333333335;1,0;2,0;3,0;2,5
1,0;2,0;3,0;2,75;3,4444444444444446;2,5;2,8333333333333335;2,8;2,75
1,0;2,0;3,5;3,75;3,5555555555555554;4,0;2,5;3,4;3,75
1,0;2,0;1,0;4,0;3,4444444444444446;3,0;2,5;4,0;3,5
1,0;2,0;4,0;3,75;3,888888888888889;3,0;2,8333333333333335;3,2;3,5
1,0;2,0;5,0;4,25;5,0;5,0;1,8333333333333333;2,6;1,5
1,0;2,0;4,0;3,0;4,0;4,0;2,0;3,8;4,0
1,0;2,0;3,5;2,25;2,4444444444444446;1,0;2,5;2,8;3,0
1,0;2,0;3,0;3,0;3,2222222222222223;2,0;3,6666666666666665;4,0;3,5
1,0;2,0;3,5;2,75;4,0;4,0;2,1666666666666665;2,8;2,5
1,0;2,0;4,0;4,0;3,6666666666666665;3,0;3,5;3,6;3,25
1,0;2,0;3,5;2,0;2,7777777777777777;2,5;2,6666666666666665;2,4;3,5
1,0;2,0;1,5;3,5;2,5555555555555554;2,0;2,8333333333333335;2,6;3,25
1,0;2,0;2,0;2,5;4,333333333333333;3,5;2,6666666666666665;3,6;3,25
1,0;2,0;1,0;2,0;1,3333333333333333;3,0;1,1666666666666667;2,8;3,75
1,0;2,0;3,5;3,25;4,777777777777778;4,5;2,8333333333333335;3,8;3,75
1,0;2,0;2,0;2,75;4,111111111111111;4,0;2,5;3,2;3,25
1,0;2,0;4,0;4,25;1,3333333333333333;1,0;1,0;2,8;2,5
1,0;2,0;4,0;3,5;3,6666666666666665;4,0;4,0;3,4;3,75
1,0;2,0;3,0;3,75;3,4444444444444446;2,0;2,1666666666666665;3,4;3,75
1,0;2,0;2,0;1,25;1,3333333333333333;1,5;2,6666666666666665;2,8;2,25
1,0;2,0;5,0;3,25;2,0;2,0;2,0;3,2;3,0
1,0;2,0;3,0;3,5;2,4444444444444446;3,0;2,6666666666666665;2,8;3,0
1,0;2,0;3,0;2,25;3,111111111111111;1,5;2,5;3,6;3,25
1,0;2,0;4,0;2,0;3,111111111111111;2,0;3,8333333333333335;3,0;3,0
1,0;2,0;4,5;3,75;3,4444444444444446;1,0;1,0;3,2;3,0
1,0;2,0;1,0;1,5;4,333333333333333;2,0;2,1666666666666665;3,0;3,25
1,0;2,0;2,0;2,0;2,3333333333333335;1,0;3,0;3,0;2,75
1,0;2,0;2,0;1,0;2,0;2,0;2,8333333333333335;3,0;4,0
1,0;2,0;3,5;4,5;4,555555555555555;4,5;4,0;3,6;3,5
1,0;2,0;2,0;2,75;2,888888888888889;4,0;2,0;3,6;2,0
1,0;2,0;1,5;3,0;2,111111111111111;3,0;2,1666666666666665;2,8;3,25
1,0;2,0;3,0;4,25;4,777777777777778;3,0;2,8333333333333335;3,6;3,25
1,0;2,0;3,0;4,0;2,3333333333333335;1,0;1,8333333333333333;3,0;3,25
1,0;2,0;4,5;4,0;4,0;2,5;2,6666666666666665;2,2;1,75
1,0;2,0;3,0;2,5;3,888888888888889;2,0;4,0;3,4;3,5
1,0;2,0;2,0;3,5;3,2222222222222223;1,0;2,1666666666666665;3,2;3,0
1,0;2,0;1,0;3,5;1,6666666666666667;1,0;1,8333333333333333;2,8;3,25
1,0;2,0;2,5;3,5;3,2222222222222223;2,5;3,0;3,4;3,5
1,0;2,0;2,0;2,5;3,0;1,0;2,3333333333333335;2,6;2,5
1,0;2,0;5,0;3,5;2,7777777777777777;2,5;2,3333333333333335;3,4;3,0
1,0;2,0;3,0;1,75;2,111111111111111;1,0;1,8333333333333333;3,0;3,25
1,0;2,0;1,5;2,75;1,1111111111111112;1,0;1,1666666666666667;3,0;3,5
1,0;2,0;1,5;4,25;4,222222222222222;3,5;3,5;3,8;3,25
1,0;2,0;2,0;3,75;4,111111111111111;3,5;3,6666666666666665;3,6;3,5
1,0;2,0;2,5;2,75;1,6666666666666667;2,0;1,8333333333333333;2,4;3,0
1,0;2,0;3,5;2,5;3,0;2,5;3,1666666666666665;3,6;3,25
1,0;2,0;2,5;3,5;2,6666666666666665;2,5;3,0;3,4;3,25
1,0;2,0;5,0;4,0;3,3333333333333335;4,0;1,0;3,8;3,5
1,0;2,0;5,0;3,25;3,4444444444444446;3,5;3,1666666666666665;3,2;3,25
1,0;2,0;3,0;3,0;3,4444444444444446;2,5;2,6666666666666665;3,8;3,75
1,0;2,0;3,5;2,25;2,5555555555555554;2,0;3,3333333333333335;3,0;3,75
1,0;2,0;2,0;2,25;4,555555555555555;2,5;3,1666666666666665;3,2;3,5
1,0;2,0;3,0;3,75;4,111111111111111;3,0;2,8333333333333335;3,2;3,25
1,0;2,0;2,5;2,25;5,0;5,0;2,1666666666666665;3,4;3,5
1,0;2,0;3,0;3,0;4,333333333333333;3,5;2,8333333333333335;3,2;3,25
1,0;2,0;3,0;3,25;3,2222222222222223;3,5;2,6666666666666665;3,0;3,25
1,0;2,0;2,0;2,75;3,6666666666666665;2,0;1,0;3,0;2,75
1,0;2,0;3,0;3,0;5,0;5,0;3,5;3,4;2,75
1,0;2,0;2,5;2,25;2,2222222222222223;2,5;1,8333333333333333;4,0;3,75
1,0;2,0;2,5;2,5;2,888888888888889;1,0;1,3333333333333333;3,6;3,0
1,0;2,0;3,0;2,5;4,555555555555555;3,0;2,6666666666666665;3,2;3,75
1,0;2,0;1,5;1,5;3,2222222222222223;1,0;2,0;4,0;3,75
1,0;2,0;2,0;2,75;2,7777777777777777;1,0;2,1666666666666665;3,2;2,5
1,0;2,0;1,0;1,0;2,111111111111111;1,0;1,5;4,0;4,0
1,0;2,0;3,5;3,0;2,3333333333333335;1,0;1,0;2,8;3,0
1,0;2,0;1,5;2,5;2,3333333333333335;2,0;2,0;3,2;3,25
1,0;2,0;3,5;2,25;1,8888888888888888;1,0;3,0;4,0;4,0
1,0;2,0;2,0;2,0;4,555555555555555;5,0;1,5;3,6;3,75
1,0;2,0;1,0;4,0;4,333333333333333;3,0;2,6666666666666665;3,2;3,25
2,0;3,0;3,5;2,75;4,555555555555555;3,5;2,1666666666666665;3,4;3,75
2,0;3,0;5,0;3,0;4,222222222222222;2,0;1,8333333333333333;2,2;2,0
2,0;3,0;3,5;3,5;4,444444444444445;1,0;3,3333333333333335;2,8;3,0
2,0;3,0;1,5;2,5;3,7777777777777777;2,5;1,0;2,4;1,5
2,0;3,0;4,0;3,0;4,777777777777778;1,5;3,6666666666666665;3,4;3,5
2,0;3,0;5,0;4,0;4,888888888888889;3,0;1,0;4,0;4,0
2,0;3,0;3,0;1,5;3,888888888888889;2,5;2,3333333333333335;2,2;1,5
2,0;3,0;3,0;2,75;4,444444444444445;3,5;1,1666666666666667;3,2;2,75
2,0;3,0;4,0;4,5;4,888888888888889;3,5;1,5;3,2;3,0
2,0;3,0;3,0;3,75;4,0;2,5;2,0;2,6;2,5
1,0;2,0;4,0;3,0;4,0;4,0;3,6666666666666665;3,4;3,25
1,0;2,0;3,5;4,25;5,0;3,0;4,0;2,8;3,5
1,0;2,0;2,5;3,0;4,444444444444445;2,5;2,0;2,4;1,25
1,0;2,0;3,0;3,5;4,777777777777778;3,0;3,5;3,6;3,5
1,0;2,0;4,5;3,5;4,777777777777778;3,5;3,6666666666666665;4,0;3,75
1,0;2,0;5,0;4,0;4,333333333333333;2,5;2,6666666666666665;3,8;3,5
1,0;2,0;1,5;3,5;2,2222222222222223;3,0;3,5;3,0;3,0
1,0;2,0;3,0;3,0;3,7777777777777777;1,0;3,5;3,4;3,0
1,0;2,0;2,0;2,75;4,666666666666667;2,5;2,8333333333333335;2,4;1,75
1,0;2,0;3,0;3,5;4,333333333333333;2,0;3,3333333333333335;3,2;3,0
1,0;2,0;4,5;2,75;3,0;4,0;2,1666666666666665;3,6;3,25
1,0;2,0;3,5;3,0;2,0;1,0;3,8333333333333335;3,2;3,0
1,0;2,0;1,5;1,25;2,2222222222222223;1,0;4,0;1,2;1,5
1,0;2,0;3,0;3,25;3,7777777777777777;3,0;3,6666666666666665;3,4;2,75
1,0;2,0;2,5;2,25;4,222222222222222;4,5;2,8333333333333335;3,2;3,0
1,0;2,0;4,0;2,75;1,7777777777777777;1,0;2,5;2,8;3,25
1,0;2,0;3,5;1,75;2,3333333333333335;1,0;1,3333333333333333;2,8;2,75
1,0;2,0;1,0;2,25;1,8888888888888888;1,0;1,0;3,6;3,0
1,0;2,0;2,0;1,0;1,8888888888888888;1,0;1,0;3,8;3,5
1,0;2,0;4,5;2,0;2,4444444444444446;1,5;2,0;2,8;2,75
1,0;2,0;2,0;1,75;3,888888888888889;3,5;1,0;2,6;2,75
1,0;2,0;3,0;1,75;3,2222222222222223;4,0;2,0;3,0;2,5
1,0;2,0;3,0;1,75;4,777777777777778;2,0;1,0;2,4;1,75
1,0;2,0;4,0;4,25;4,222222222222222;3,0;1,6666666666666667;3,2;2,5
1,0;2,0;2,0;4,5;2,4444444444444446;1,0;1,3333333333333333;3,2;3,25
1,0;2,0;5,0;4,25;4,0;1,0;1,8333333333333333;4,0;4,0
1,0;2,0;2,0;3,0;3,6666666666666665;2,5;1,0;2,6;2,5
1,0;2,0;4,0;2,5;3,0;1,0;2,1666666666666665;3,0;3,0
1,0;2,0;3,0;2,5;2,3333333333333335;1,0;2,8333333333333335;3,2;2,25
1,0;2,0;2,5;2,5;3,4444444444444446;1,0;1,1666666666666667;1,8;2,5
1,0;2,0;3,5;2,75;3,5555555555555554;4,5;1,8333333333333333;2,6;2,75
1,0;2,0;1,5;2,75;1,6666666666666667;1,0;1,3333333333333333;4,0;3,25
1,0;2,0;3,0;3,25;3,4444444444444446;4,0;2,1666666666666665;4,0;3,5
1,0;2,0;4,5;4,75;3,3333333333333335;4,5;3,5;3,4;3,25
1,0;2,0;3,0;2,0;4,111111111111111;3,0;1,0;3,6;3,25
1,0;2,0;5,0;3,0;3,111111111111111;1,0;2,6666666666666665;2,8;2,75
1,0;2,0;1,5;2,25;3,6666666666666665;4,0;4,0;3,8;1,75
1,0;2,0;2,5;3,25;4,666666666666667;3,0;2,3333333333333335;3,2;3,25
1,0;2,0;1,5;3,0;5,0;5,0;4,0;3,8;4,0
1,0;2,0;5,0;2,0;3,0;3,0;1,0;3,8;4,0
1,0;2,0;1,5;2,5;3,7777777777777777;3,5;2,1666666666666665;3,6;3,25
1,0;2,0;2,5;1,75;2,0;1,0;1,0;2,0;2,5
1,0;2,0;2,0;2,25;4,222222222222222;3,0;2,3333333333333335;3,4;3,25
1,0;2,0;1,5;1,75;2,0;1,5;1,1666666666666667;3,4;3,75
1,0;2,0;3,0;3,0;3,3333333333333335;3,0;2,0;3,8;3,0
1,0;2,0;4,0;3,0;4,0;3,5;3,6666666666666665;3,2;3,0
1,0;2,0;5,0;3,0;3,6666666666666665;1,0;4,0;3,6;4,0
1,0;2,0;4,5;2,0;2,3333333333333335;1,0;1,6666666666666667;3,6;3,75
1,0;2,0;5,0;3,0;3,0;1,0;2,0;3,8;4,0
1,0;2,0;3,0;2,25;3,888888888888889;1,0;2,1666666666666665;3,2;3,5
1,0;2,0;1,5;2,5;3,111111111111111;2,0;3,5;3,0;3,5
1,0;2,0;1,5;2,75;3,5555555555555554;2,0;3,5;2,8;2,0
1,0;2,0;4,5;3,0;4,444444444444445;3,0;3,1666666666666665;2,6;1,5
1,0;2,0;5,0;2,5;3,888888888888889;1,5;2,8333333333333335;2,8;3,0
1,0;2,0;2,5;2,75;3,4444444444444446;2,0;1,1666666666666667;3,8;3,0
1,0;2,0;4,0;3,25;4,222222222222222;2,0;3,3333333333333335;3,0;3,25
1,0;2,0;2,0;5,0;3,2222222222222223;3,0;3,1666666666666665;4,0;4,0
1,0;2,0;1,5;2,0;2,2222222222222223;1,0;4,0;2,4;2,5
1,0;2,0;1,0;2,25;2,2222222222222223;1,5;1,5;2,6;1,75
1,0;2,0;1,5;2,5;4,111111111111111;1,5;3,3333333333333335;3,0;3,0
1,0;2,0;5,0;2,75;3,111111111111111;1,0;1,5;3,2;2,75
1,0;2,0;5,0;5,0;3,5555555555555554;2,5;2,1666666666666665;3,4;3,25
1,0;2,0;3,5;3,25;4,555555555555555;3,5;2,0;4,0;3,5
1,0;2,0;4,5;3,0;3,2222222222222223;1,0;1,8333333333333333;3,2;3,0
1,0;2,0;3,0;3,25;3,6666666666666665;3,5;2,0;2,8;2,5
1,0;2,0;4,0;2,75;3,3333333333333335;1,0;2,5;2,4;2,75
1,0;2,0;1,5;3,5;3,111111111111111;2,5;1,0;3,0;2,75
1,0;2,0;3,0;4,0;1,7777777777777777;1,0;1,8333333333333333;3,2;3,5
1,0;2,0;1,5;1,75;4,333333333333333;1,0;1,6666666666666667;2,6;3,0
1,0;2,0;4,0;4,25;5,0;4,0;4,0;3,2;3,25
1,0;2,0;4,0;4,25;3,7777777777777777;4,0;3,0;3,8;3,25
1,0;2,0;4,5;2,75;3,5555555555555554;2,0;2,3333333333333335;3,4;3,25
1,0;2,0;3,0;3,25;4,666666666666667;4,0;2,5;2,6;2,5
1,0;2,0;3,0;3,0;4,777777777777778;3,0;3,1666666666666665;2,8;2,75
1,0;2,0;3,0;2,0;3,6666666666666665;3,5;1,5;3,2;3,5
1,0;2,0;3,0;3,5;3,7777777777777777;1,0;3,5;3,6;3,75
1,0;2,0;3,5;1,75;3,888888888888889;3,5;1,5;2,8;3,5
1,0;2,0;5,0;3,75;3,3333333333333335;1,0;2,3333333333333335;3,8;4,0
1,0;2,0;1,5;5,0;1,1111111111111112;1,0;1,1666666666666667;3,4;3,75
1,0;2,0;1,5;2,5;3,888888888888889;2,0;2,6666666666666665;3,2;3,25
1,0;2,0;4,5;4,5;2,0;1,5;3,6666666666666665;4,0;3,75
1,0;2,0;4,0;2,5;3,6666666666666665;1,0;1,6666666666666667;3,8;3,5
1,0;2,0;2,5;3,75;4,0;3,0;3,1666666666666665;2,8;3,5
1,0;2,0;4,0;3,0;3,4444444444444446;3,5;2,6666666666666665;3,0;3,0
1,0;2,0;4,5;4,0;4,0;4,5;3,3333333333333335;3,6;3,5
1,0;2,0;5,0;2,25;2,7777777777777777;2,5;4,0;4,0;4,0
1,0;2,0;2,5;2,5;3,2222222222222223;1,5;2,0;3,6;3,0
1,0;2,0;4,0;3,25;3,888888888888889;1,0;1,1666666666666667;4,0;3,75
1,0;2,0;2,0;1,5;3,6666666666666665;1,0;4,0;2,8;2,5
1,0;2,0;3,0;2,75;3,7777777777777777;2,5;3,1666666666666665;4,0;4,0
2,0;3,0;2,5;3,0;3,2222222222222223;2,0;3,5;3,0;1,5
2,0;3,0;5,0;3,0;4,888888888888889;4,0;3,8333333333333335;3,4;4,0
2,0;3,0;3,5;3,0;4,888888888888889;3,5;3,1666666666666665;3,8;3,25
2,0;3,0;4,0;2,25;3,2222222222222223;2,0;2,8333333333333335;2,4;2,25
2,0;3,0;3,0;2,0;3,888888888888889;1,0;3,0;2,4;3,25
2,0;3,0;4,0;2,5;4,0;4,0;2,5;2,8;3,0
2,0;3,0;4,5;2,75;5,0;4,5;3,3333333333333335;3,4;3,75
2,0;3,0;2,0;3,0;4,777777777777778;3,0;3,3333333333333335;3,2;3,75
2,0;3,0;4,5;2,75;4,444444444444445;2,5;2,5;3,2;2,75
2,0;3,0;3,5;3,25;3,111111111111111;2,5;1,5;3,4;2,75
1,0;2,0;2,0;4,0;2,888888888888889;3,0;3,0;3,4;3,5
1,0;2,0;4,0;3,0;3,7777777777777777;4,0;4,0;3,2;3,25
1,0;2,0;4,0;3,5;3,5555555555555554;3,0;2,5;3,4;3,75
1,0;2,0;1,5;2,75;3,2222222222222223;1,0;2,6666666666666665;3,0;3,75
1,0;2,0;2,0;3,5;2,5555555555555554;2,0;1,1666666666666667;3,2;3,25
1,0;2,0;1,5;2,25;1,7777777777777777;1,0;3,0;3,0;3,25
1,0;2,0;2,0;2,75;4,111111111111111;3,5;2,6666666666666665;2,8;3,0
1,0;2,0;4,5;4,5;3,5555555555555554;1,0;3,5;3,6;3,75
1,0;2,0;3,0;4,0;4,444444444444445;4,0;4,0;4,0;4,0
1,0;2,0;3,0;3,5;3,7777777777777777;3,5;2,8333333333333335;3,2;3,25
1,0;2,0;4,0;2,75;3,888888888888889;1,0;2,6666666666666665;3,4;3,25
1,0;2,0;1,5;2,25;4,0;4,0;4,0;3,8;3,75
1,0;2,0;2,5;2,5;3,0;1,0;3,8333333333333335;3,6;3,25
1,0;2,0;2,0;3,0;3,6666666666666665;3,0;2,8333333333333335;3,8;3,75
1,0;2,0;3,0;5,0;3,4444444444444446;3,0;3,0;3,6;4,0
1,0;2,0;5,0;5,0;5,0;5,0;4,0;4,0;4,0
1,0;2,0;3,0;4,0;2,7777777777777777;3,0;3,1666666666666665;3,6;4,0
1,0;2,0;4,0;2,25;3,2222222222222223;1,5;3,3333333333333335;3,8;4,0
1,0;2,0;5,0;2,25;2,0;2,0;2,8333333333333335;3,4;3,75
1,0;2,0;3,0;3,25;5,0;5,0;3,5;2,8;3,25
1,0;2,0;4,0;4,0;2,0;1,0;3,1666666666666665;3,0;2,75
1,0;2,0;4,5;2,75;3,4444444444444446;2,0;2,6666666666666665;2,2;2,5
1,0;2,0;3,0;2,0;3,4444444444444446;1,5;3,0;2,8;2,5
1,0;2,0;2,0;3,25;4,0;2,5;2,6666666666666665;2,2;2,25
1,0;2,0;1,0;1,25;1,6666666666666667;1,0;1,1666666666666667;3,4;3,25
1,0;2,0;3,5;3,75;4,0;4,0;3,0;3,2;3,0
1,0;2,0;5,0;3,5;3,0;1,0;3,1666666666666665;3,2;3,0
1,0;2,0;4,5;3,75;4,0;3,5;1,6666666666666667;3,2;3,5
1,0;2,0;2,0;3,25;4,0;3,0;2,0;2,8;1,0
1,0;2,0;3,0;2,75;3,4444444444444446;2,0;2,3333333333333335;3,4;2,0
1,0;2,0;4,5;2,0;3,3333333333333335;4,5;3,6666666666666665;3,6;3,5
1,0;2,0;2,5;3,5;4,555555555555555;4,5;3,6666666666666665;3,6;3,0
1,0;2,0;1,0;3,5;4,555555555555555;1,0;2,0;1,2;1,0
1,0;2,0;5,0;4,25;5,0;3,5;3,8333333333333335;3,6;3,75
1,0;2,0;3,5;3,5;3,7777777777777777;2,5;3,1666666666666665;3,4;4,0
1,0;2,0;3,0;3,5;3,2222222222222223;3,0;2,3333333333333335;3,2;3,0
1,0;2,0;4,5;3,5;2,6666666666666665;2,0;2,3333333333333335;3,4;3,75
1,0;2,0;1,0;1,0;1,0;1,0;2,0;4,0;4,0
1,0;2,0;3,5;3,75;4,333333333333333;2,0;2,5;2,6;2,5
1,0;2,0;1,5;4,25;5,0;5,0;3,1666666666666665;2,8;2,25
1,0;2,0;3,0;3,5;4,666666666666667;3,0;3,1666666666666665;3,4;3,0
1,0;2,0;3,0;3,25;3,6666666666666665;2,5;3,5;3,2;3,5
1,0;2,0;4,0;3,75;1,7777777777777777;4,0;2,5;3,0;3,5
1,0;2,0;1,5;4,0;4,333333333333333;3,5;2,8333333333333335;3,6;3,75
1,0;2,0;2,5;2,0;3,0;2,5;1,5;4,0;2,75
1,0;2,0;4,0;3,25;1,7777777777777777;1,0;4,0;3,4;2,75
1,0;2,0;3,5;3,5;3,4444444444444446;2,0;3,0;3,0;1,75
1,0;2,0;2,5;2,75;2,888888888888889;1,0;1,8333333333333333;3,4;3,25
1,0;2,0;3,0;3,25;3,111111111111111;1,5;2,3333333333333335;3,0;3,25
1,0;2,0;3,0;4,25;3,6666666666666665;3,5;3,5;3,6;3,75
1,0;1,0;4,5;3,5;3,7777777777777777;2,0;1,3333333333333333;3,8;3,0
1,0;1,0;5,0;4,0;1,7777777777777777;1,0;1,0;3,6;4,0
1,0;1,0;1,5;1,0;3,0;3,0;2,0;3,0;2,25
1,0;1,0;3,0;3,25;2,5555555555555554;2,0;2,6666666666666665;3,4;3,5
1,0;1,0;5,0;4,25;2,7777777777777777;3,5;3,3333333333333335;4,0;4,0
1,0;1,0;4,0;4,25;3,7777777777777777;3,0;3,3333333333333335;4,0;3,75
1,0;1,0;2,0;2,0;3,0;3,0;3,5;3,4;3,5
1,0;1,0;3,0;3,0;2,7777777777777777;3,5;2,0;3,0;3,0
1,0;1,0;4,5;3,25;4,333333333333333;3,5;3,1666666666666665;3,0;2,75
1,0;1,0;4,5;3,0;4,444444444444445;3,0;3,6666666666666665;3,8;3,25
1,0;1,0;3,0;3,0;3,0;2,5;4,0;3,0;3,75
1,0;1,0;3,5;3,0;4,111111111111111;2,5;3,6666666666666665;3,6;3,5
1,0;3,0;5,0;2,5;4,888888888888889;3,0;3,6666666666666665;3,4;3,75
1,0;3,0;2,0;3,0;4,777777777777778;4,0;3,8333333333333335;3,2;3,25
1,0;3,0;4,0;3,5;4,777777777777778;3,0;3,0;3,2;3,5
1,0;3,0;3,5;3,75;4,0;2,5;4,0;4,0;4,0
1,0;3,0;3,5;3,25;3,2222222222222223;2,5;3,1666666666666665;3,4;3,0
1,0;3,0;5,0;4,0;4,222222222222222;4,0;2,8333333333333335;3,8;3,5
1,0;3,0;5,0;3,25;4,777777777777778;2,5;2,8333333333333335;3,8;3,5
1,0;3,0;5,0;2,5;2,111111111111111;1,0;4,0;2,8;3,0
1,0;3,0;4,0;3,25;3,111111111111111;2,0;2,6666666666666665;3,0;2,75
1,0;3,0;5,0;3,0;4,777777777777778;3,5;3,6666666666666665;3,0;3,5
2,0;3,0;5,0;2,5;5,0;3,5;3,8333333333333335;3,4;2,75
2,0;3,0;5,0;2,75;4,333333333333333;2,0;2,6666666666666665;2,8;2,75
2,0;3,0;3,0;3,25;4,111111111111111;4,0;3,1666666666666665;3,4;3,5
2,0;3,0;3,5;3,5;2,5555555555555554;1,0;2,6666666666666665;2,8;3,25
2,0;3,0;5,0;5,0;3,6666666666666665;3,5;2,6666666666666665;2,8;3,0
2,0;3,0;4,0;3,0;4,222222222222222;2,5;1,8333333333333333;2,6;3,0
2,0;3,0;2,0;3,0;2,4444444444444446;1,0;4,0;3,6;3,25
2,0;3,0;3,0;2,75;4,0;2,5;3,0;2,8;3,0
2,0;3,0;1,0;2,75;3,6666666666666665;1,0;2,8333333333333335;3,2;2,5
2,0;3,0;3,0;3,75;3,888888888888889;2,5;1,5;3,2;2,75
2,0;3,0;5,0;4,0;4,333333333333333;5,0;3,3333333333333335;3,0;3,25
2,0;3,0;5,0;2,75;4,111111111111111;3,0;3,8333333333333335;2,6;2,75
2,0;3,0;5,0;4,0;4,555555555555555;3,0;2,0;2,2;3,0
2,0;3,0;2,0;2,5;4,666666666666667;2,5;2,0;3,2;2,5
2,0;3,0;2,5;2,5;2,7777777777777777;1,0;1,6666666666666667;1,4;1,75
2,0;3,0;4,5;4,0;5,0;5,0;4,0;3,8;3,75
2,0;3,0;4,5;3,0;3,5555555555555554;2,0;3,3333333333333335;3,4;2,25
2,0;3,0;5,0;2,75;4,666666666666667;3,5;3,1666666666666665;3,6;1,75
2,0;3,0;4,5;2,75;4,777777777777778;1,0;3,5;2,8;3,0
2,0;3,0;3,0;2,75;4,333333333333333;3,0;3,0;2,8;2,75
1,0;1,0;4,0;4,0;3,7777777777777777;2,0;3,1666666666666665;3,4;3,25
1,0;1,0;1,5;3,0;2,0;1,0;3,5;3,4;3,5
1,0;1,0;2,5;3,5;1,8888888888888888;1,0;2,0;3,8;3,25
1,0;1,0;1,5;1,25;1,3333333333333333;2,5;2,0;3,6;3,0
1,0;1,0;2,5;1,75;3,0;1,0;1,5;4,0;3,75
1,0;1,0;4,5;3,75;2,4444444444444446;1,0;2,5;3,6;3,0
1,0;1,0;2,5;3,0;2,4444444444444446;2,5;2,6666666666666665;3,8;3,0
1,0;1,0;1,5;1,75;1,6666666666666667;2,0;3,0;3,0;2,75
1,0;1,0;5,0;4,0;4,0;4,0;3,6666666666666665;3,8;4,0
1,0;1,0;2,5;2,75;2,888888888888889;3,0;2,5;4,0;3,75
1,0;1,0;2,5;2,75;2,888888888888889;3,5;2,8333333333333335;4,0;3,75
1,0;1,0;1,5;2,75;3,6666666666666665;4,0;3,1666666666666665;4,0;3,75
1,0;1,0;3,0;3,75;4,333333333333333;3,0;3,1666666666666665;3,2;3,25
1,0;1,0;2,5;1,75;1,5555555555555556;1,5;1,3333333333333333;2,6;3,5
1,0;1,0;1,5;2,25;4,333333333333333;3,0;3,6666666666666665;3,2;3,5
2,0;3,0;2,0;2,0;4,0;1,0;3,8333333333333335;3,0;2,0
2,0;3,0;3,0;2,75;3,7777777777777777;2,0;2,1666666666666665;3,0;3,25
2,0;3,0;4,0;3,75;3,7777777777777777;3,0;2,8333333333333335;3,2;3,25
2,0;3,0;3,5;3,0;3,888888888888889;2,0;2,5;3,2;2,75
2,0;3,0;2,5;3,0;4,333333333333333;3,5;3,5;3,4;3,25
2,0;3,0;3,0;2,0;4,888888888888889;3,5;3,1666666666666665;2,8;3,75
2,0;3,0;3,0;3,25;4,0;3,5;2,0;2,8;2,75
2,0;3,0;3,0;3,0;3,2222222222222223;2,0;3,1666666666666665;3,0;2,5
2,0;3,0;4,0;4,0;4,222222222222222;3,0;2,5;2,6;2,25
2,0;3,0;2,0;1,75;4,0;2,5;3,1666666666666665;2,8;2,5
1,0;1,0;2,5;2,5;1,8888888888888888;1,0;2,3333333333333335;2,8;3,5
1,0;1,0;3,5;4,0;2,7777777777777777;2,0;3,3333333333333335;3,6;4,0
1,0;1,0;1,5;3,25;2,888888888888889;1,0;1,8333333333333333;3,6;3,75
1,0;1,0;1,0;2,5;3,5555555555555554;1,0;2,1666666666666665;3,4;3,25
1,0;1,0;2,0;1,5;2,7777777777777777;1,0;2,5;3,8;3,25
1,0;1,0;2,0;2,5;3,2222222222222223;3,0;2,1666666666666665;3,2;3,75
2,0;2,0;4,5;3,5;3,3333333333333335;1,5;2,3333333333333335;3,4;3,5
2,0;2,0;5,0;1,5;3,5555555555555554;1,0;2,6666666666666665;3,2;4,0
2,0;2,0;2,0;2,75;3,5555555555555554;4,0;2,3333333333333335;3,0;3,25
2,0;2,0;3,0;3,0;3,5555555555555554;3,0;2,6666666666666665;3,0;3,0
2,0;2,0;2,0;3,75;2,2222222222222223;1,0;2,3333333333333335;3,2;3,5
2,0;2,0;1,0;2,0;1,0;1,0;1,0;2,8;3,25
2,0;2,0;3,0;3,5;4,111111111111111;3,5;2,5;2,8;3,25
2,0;2,0;2,0;3,25;2,3333333333333335;1,0;1,5;3,6;4,0
2,0;2,0;4,5;3,5;3,3333333333333335;1,0;2,3333333333333335;3,0;3,5
2,0;2,0;1,0;2,25;1,3333333333333333;3,5;1,0;3,8;3,5
1,0;2,0;1,5;2,25;3,888888888888889;1,5;3,0;2,6;3,0
1,0;2,0;2,0;3,5;4,222222222222222;4,0;2,8333333333333335;3,6;3,25
1,0;2,0;2,0;2,0;3,2222222222222223;1,0;1,5;2,8;3,0
1,0;2,0;2,0;2,25;1,4444444444444444;1,0;2,3333333333333335;3,0;2,5
1,0;2,0;3,0;3,5;3,111111111111111;1,0;2,1666666666666665;2,6;2,5
1,0;2,0;1,0;2,75;2,111111111111111;2,0;2,3333333333333335;2,2;2,0
1,0;2,0;1,0;2,75;3,3333333333333335;1,0;1,1666666666666667;3,0;2,75
1,0;2,0;1,5;2,0;2,4444444444444446;1,5;1,0;2,6;2,5
1,0;2,0;2,0;2,75;2,7777777777777777;2,0;2,0;3,2;3,0
1,0;2,0;3,0;2,5;4,222222222222222;3,0;2,6666666666666665;3,0;2,75
1,0;2,0;3,0;3,25;1,5555555555555556;1,0;1,8333333333333333;3,4;3,75
1,0;2,0;1,0;2,25;2,3333333333333335;3,0;3,0;2,6;2,0
1,0;2,0;2,5;2,25;1,2222222222222223;1,0;1,0;3,4;3,75
1,0;2,0;2,0;2,0;3,0;1,5;3,5;3,2;3,5
1,0;2,0;4,0;3,75;3,0;1,0;2,1666666666666665;3,2;3,5
1,0;2,0;2,0;2,5;3,111111111111111;2,5;1,6666666666666667;2,4;2,25
1,0;2,0;2,5;2,0;1,0;1,0;2,5;3,4;3,5
1,0;2,0;2,5;2,75;2,5555555555555554;3,5;2,0;3,0;3,75
1,0;2,0;2,5;2,0;2,7777777777777777;1,0;2,0;3,8;2,75
1,0;2,0;1,5;2,25;4,555555555555555;3,0;2,6666666666666665;3,6;3,25
1,0;4,0;4,5;4,0;3,888888888888889;3,5;3,1666666666666665;3,6;4,0
1,0;4,0;4,0;4,0;4,222222222222222;3,0;2,5;2,8;2,75
1,0;4,0;3,0;4,0;3,888888888888889;3,0;2,0;3,2;3,5
1,0;4,0;1,0;3,0;4,777777777777778;5,0;2,0;3,6;3,0
1,0;4,0;3,0;2,5;2,7777777777777777;1,5;2,6666666666666665;2,8;1,75
1,0;4,0;2,0;3,25;3,6666666666666665;3,5;2,3333333333333335;4,0;3,0
1,0;4,0;2,0;3,0;3,4444444444444446;2,5;4,0;2,6;2,25
1,0;4,0;4,5;3,0;3,7777777777777777;2,0;2,8333333333333335;2,8;3,0
1,0;4,0;5,0;5,0;5,0;5,0;4,0;3,2;3,0
1,0;4,0;3,0;2,75;3,3333333333333335;3,5;2,6666666666666665;2,8;2,75
1,0;2,0;2,5;2,0;3,4444444444444446;3,5;1,6666666666666667;3,2;3,25
1,0;2,0;2,5;3,25;3,7777777777777777;2,5;2,5;3,8;3,5
1,0;2,0;2,5;2,5;2,888888888888889;3,0;2,6666666666666665;3,6;3,0
1,0;2,0;1,5;1,5;5,0;5,0;4,0;4,0;4,0
1,0;2,0;2,5;3,0;4,666666666666667;4,0;4,0;2,4;2,25
1,0;2,0;4,5;3,5;2,0;2,0;4,0;2,6;3,5
1,0;2,0;2,0;2,0;4,111111111111111;1,0;4,0;3,0;2,5
1,0;2,0;3,5;4,5;2,5555555555555554;2,5;2,1666666666666665;3,6;3,25
1,0;2,0;3,0;3,25;4,111111111111111;3,0;2,3333333333333335;3,8;3,25
1,0;2,0;2,5;3,0;1,7777777777777777;2,0;1,8333333333333333;3,6;3,25
1,0;2,0;5,0;4,0;3,4444444444444446;3,0;3,6666666666666665;3,8;4,0
1,0;2,0;3,0;3,25;3,6666666666666665;3,0;3,3333333333333335;3,0;2,5
1,0;2,0;2,0;2,0;3,2222222222222223;1,0;3,3333333333333335;2,2;2,25
1,0;2,0;4,5;3,25;4,111111111111111;3,0;2,3333333333333335;3,2;3,25
1,0;2,0;4,0;4,0;4,777777777777778;4,5;3,6666666666666665;2,8;3,25
1,0;2,0;3,5;3,0;3,0;1,0;2,3333333333333335;3,0;2,75
1,0;2,0;3,0;2,75;3,111111111111111;1,0;2,5;3,0;3,25
1,0;2,0;1,0;2,75;1,8888888888888888;1,0;2,6666666666666665;2,8;3,0
1,0;2,0;5,0;2,5;3,7777777777777777;1,0;4,0;3,0;3,0
1,0;2,0;4,5;3,5;5,0;2,0;2,0;3,8;3,5
1,0;3,0;1,5;2,0;4,111111111111111;4,0;3,0;1,8;2,0
1,0;3,0;2,0;3,5;2,6666666666666665;3,0;2,5;1,0;1,0
1,0;3,0;4,5;4,0;3,3333333333333335;2,5;2,8333333333333335;3,2;3,25
1,0;3,0;3,0;4,0;4,444444444444445;5,0;1,0;3,2;3,0
1,0;3,0;1,5;3,5;4,333333333333333;3,0;4,0;2,6;3,0
1,0;3,0;1,5;2,5;3,5555555555555554;1,0;2,6666666666666665;2,4;1,25
1,0;3,0;2,0;3,25;4,0;3,5;4,0;3,6;3,0
1,0;3,0;2,0;2,0;2,4444444444444446;3,0;2,0;3,0;3,0
1,0;3,0;5,0;3,25;5,0;4,0;1,6666666666666667;3,6;3,75
1,0;3,0;2,0;2,0;3,5555555555555554;1,0;3,0;2,2;2,0
1,0;3,0;4,5;3,75;4,888888888888889;2,5;3,3333333333333335;3,4;3,5
1,0;3,0;2,5;2,25;4,555555555555555;3,5;4,0;3,4;3,5
1,0;3,0;2,5;2,75;3,5555555555555554;1,0;3,0;3,0;3,25
1,0;3,0;2,5;2,5;3,888888888888889;3,0;3,3333333333333335;2,4;2,75
1,0;3,0;4,0;3,0;3,888888888888889;2,0;2,1666666666666665;2,4;1,75
1,0;3,0;4,5;2,75;4,333333333333333;3,5;3,8333333333333335;3,6;3,5
1,0;3,0;1,5;2,25;5,0;4,0;3,8333333333333335;2,4;2,5
1,0;3,0;2,5;3,0;3,888888888888889;2,0;3,1666666666666665;2,8;3,0
1,0;3,0;2,0;1,5;3,3333333333333335;2,5;2,0;3,0;3,0
1,0;3,0;2,5;3,25;4,333333333333333;1,0;2,6666666666666665;3,0;2,75
1,0;4,0;4,0;3,75;4,111111111111111;4,0;3,0;4,0;4,0
1,0;4,0;2,5;3,75;5,0;5,0;4,0;3,0;4,0
1,0;4,0;5,0;3,25;4,777777777777778;5,0;2,1666666666666665;3,6;3,75
1,0;4,0;1,5;3,25;3,5555555555555554;1,5;4,0;2,6;3,0
1,0;4,0;2,5;3,5;4,888888888888889;5,0;3,0;4,0;3,75
1,0;4,0;5,0;4,0;3,3333333333333335;2,5;1,0;2,8;4,0
1,0;4,0;3,0;4,25;4,0;4,5;2,1666666666666665;4,0;4,0
1,0;4,0;4,0;3,0;4,555555555555555;3,0;3,8333333333333335;4,0;3,5
1,0;4,0;1,0;2,0;3,5555555555555554;2,0;2,8333333333333335;1,6;2,0
1,0;4,0;4,0;3,25;3,888888888888889;2,5;2,5;3,2;2,75
1,0;4,0;2,5;2,75;3,3333333333333335;2,0;1,8333333333333333;2,8;2,25
1,0;4,0;2,5;2,0;4,222222222222222;3,0;3,1666666666666665;3,4;3,5
1,0;4,0;3,0;3,0;4,333333333333333;3,5;2,5;3,0;2,25
1,0;4,0;3,0;2,75;5,0;5,0;4,0;2,6;3,0
1,0;4,0;5,0;4,0;4,222222222222222;3,5;3,0;3,0;3,25
1,0;4,0;3,0;2,5;4,333333333333333;1,0;3,6666666666666665;2,2;2,5
1,0;4,0;1,5;3,0;3,4444444444444446;2,0;2,6666666666666665;2,6;2,25
1,0;4,0;3,5;3,0;3,2222222222222223;1,0;3,5;3,0;3,5
1,0;4,0;5,0;4,75;3,7777777777777777;4,0;2,5;3,4;3,5
1,0;4,0;3,0;3,25;3,5555555555555554;2,0;1,8333333333333333;2,4;2,75
1,0;4,0;2,0;2,5;3,4444444444444446;1,0;2,5;2,6;1,75
1,0;4,0;3,0;3,25;2,7777777777777777;1,0;2,0;3,0;2,5
1,0;4,0;2,0;3,25;4,111111111111111;2,5;3,1666666666666665;3,0;3,0
1,0;4,0;1,0;2,0;1,8888888888888888;1,5;1,1666666666666667;2,6;2,75
1,0;4,0;2,5;4,25;4,666666666666667;2,5;2,6666666666666665;3,0;3,0
1,0;4,0;3,5;2,75;4,333333333333333;3,0;3,6666666666666665;2,8;2,75
1,0;4,0;1,0;2,75;4,888888888888889;4,0;1,8333333333333333;2,6;2,25
1,0;4,0;4,5;3,75;5,0;3,0;2,6666666666666665;3,4;3,5
1,0;4,0;2,5;3,25;4,444444444444445;1,0;3,1666666666666665;3,0;2,0
1,0;4,0;5,0;4,0;5,0;5,0;1,5;3,2;3,25
2,0;2,0;2,0;2,25;2,7777777777777777;3,0;2,5;2,8;3,0
2,0;2,0;3,5;3,25;4,444444444444445;2,0;2,6666666666666665;3,4;3,0
2,0;2,0;3,0;2,75;3,0;3,0;2,8333333333333335;1,6;1,5
2,0;2,0;1,5;2,5;3,111111111111111;2,0;1,6666666666666667;3,0;3,25
2,0;2,0;1,5;2,25;3,6666666666666665;3,0;2,8333333333333335;2,4;1,75
2,0;2,0;4,0;3,25;3,6666666666666665;1,0;2,0;3,0;3,5
2,0;2,0;3,5;3,0;4,333333333333333;4,5;2,6666666666666665;3,6;3,5
2,0;2,0;3,0;2,75;3,7777777777777777;2,5;3,8333333333333335;3,0;3,0
2,0;2,0;4,0;4,75;4,0;3,0;1,0;3,6;3,75
2,0;2,0;4,0;2,5;2,6666666666666665;2,0;3,6666666666666665;2,4;3,5
2,0;2,0;3,0;3,25;3,2222222222222223;1,0;1,1666666666666667;3,8;3,25
2,0;2,0;2,0;3,5;3,4444444444444446;2,0;3,5;2,6;2,75
2,0;2,0;3,5;3,75;4,777777777777778;2,5;3,5;2,2;3,25
2,0;2,0;4,5;4,0;4,777777777777778;4,5;1,5;3,4;4,0
2,0;2,0;4,5;4,5;4,777777777777778;5,0;3,8333333333333335;4,0;3,75
2,0;2,0;3,0;3,0;3,6666666666666665;2,0;2,0;2,8;3,0
2,0;2,0;3,0;2,5;4,333333333333333;4,0;2,5;2,2;3,5
2,0;2,0;3,0;3,5;4,777777777777778;3,5;3,3333333333333335;2,4;3,75
2,0;2,0;3,0;3,25;4,111111111111111;1,0;3,0;3,0;3,25
2,0;2,0;3,0;3,5;3,0;2,0;1,8333333333333333;3,0;3,5
1,0;2,0;3,0;3,75;2,3333333333333335;1,0;2,6666666666666665;3,0;3,0
1,0;2,0;4,5;3,5;3,6666666666666665;4,0;1,0;3,6;3,5
1,0;2,0;4,5;4,0;2,5555555555555554;2,0;3,3333333333333335;3,6;3,25
1,0;2,0;2,0;2,75;4,0;2,5;2,6666666666666665;3,4;3,25
1,0;2,0;4,5;3,5;4,0;4,0;3,1666666666666665;3,4;4,0
1,0;2,0;5,0;2,5;3,3333333333333335;2,5;2,5;3,2;3,0
1,0;2,0;3,0;3,25;3,4444444444444446;3,0;2,1666666666666665;3,8;3,25
1,0;2,0;1,5;2,75;2,4444444444444446;1,0;1,0;3,0;3,5
1,0;2,0;2,0;3,25;3,2222222222222223;2,5;2,6666666666666665;3,6;2,5
1,0;2,0;1,0;2,25;3,111111111111111;3,5;2,5;3,0;2,25
1,0;2,0;1,0;5,0;2,3333333333333335;1,0;2,1666666666666665;3,8;4,0
1,0;2,0;4,0;3,5;3,6666666666666665;1,5;2,8333333333333335;3,4;2,75
1,0;2,0;1,5;3,5;2,0;1,0;2,8333333333333335;3,0;2,75
1,0;2,0;2,0;3,75;3,5555555555555554;2,5;1,0;3,0;3,25
1,0;2,0;1,5;3,0;5,0;3,0;1,0;3,2;3,0
1,0;2,0;1,0;2,5;2,111111111111111;1,0;2,5;2,4;2,0
1,0;2,0;1,5;3,5;3,2222222222222223;4,0;1,5;3,0;2,25
1,0;2,0;2,5;2,5;4,444444444444445;2,5;2,1666666666666665;3,8;3,25
1,0;2,0;1,5;4,5;4,222222222222222;1,0;3,5;3,8;3,0
1,0;2,0;3,0;2,75;2,6666666666666665;2,5;1,5;3,0;3,0
1,0;1,0;2,5;3,5;4,111111111111111;3,0;4,0;4,0;4,0
1,0;1,0;4,0;4,25;3,0;1,5;2,5;4,0;3,0
1,0;1,0;4,0;3,5;4,888888888888889;3,0;4,0;3,8;4,0
1,0;1,0;3,0;3,25;2,888888888888889;1,5;4,0;3,6;3,25
1,0;1,0;3,5;3,0;3,0;1,0;2,3333333333333335;2,6;3,5
1,0;1,0;4,0;2,75;3,6666666666666665;2,0;2,3333333333333335;3,0;3,25
1,0;2,0;5,0;3,5;3,111111111111111;4,0;2,6666666666666665;4,0;4,0
1,0;2,0;3,0;1,5;3,4444444444444446;3,0;2,8333333333333335;4,0;4,0
1,0;2,0;1,5;2,25;2,0;2,0;2,6666666666666665;3,6;3,0
1,0;2,0;1,5;3,0;3,888888888888889;1,5;2,3333333333333335;3,0;3,0
1,0;2,0;2,0;1,75;4,555555555555555;2,0;2,6666666666666665;3,6;3,25
1,0;2,0;4,0;3,5;3,5555555555555554;3,0;2,5;4,0;3,75
1,0;2,0;2,5;3,25;3,0;2,0;1,8333333333333333;3,8;3,75
1,0;2,0;1,0;1,0;2,6666666666666665;1,0;1,0;3,6;3,75
1,0;2,0;4,0;3,25;3,5555555555555554;2,5;2,6666666666666665;3,8;4,0
1,0;2,0;3,0;2,0;1,8888888888888888;2,0;2,8333333333333335;2,0;4,0
1,0;3,0;4,0;3,0;3,7777777777777777;3,5;2,1666666666666665;3,0;4,0
1,0;3,0;5,0;4,25;3,3333333333333335;2,0;2,6666666666666665;3,2;3,25
1,0;3,0;4,5;2,5;5,0;4,0;4,0;3,0;3,75
1,0;3,0;5,0;4,25;4,555555555555555;2,5;4,0;4,0;4,0
1,0;3,0;4,0;3,25;4,0;4,0;1,0;3,2;3,0
1,0;3,0;3,0;3,75;4,555555555555555;4,5;2,6666666666666665;2,8;2,75
1,0;3,0;3,5;3,25;4,0;4,0;4,0;4,0;4,0
1,0;3,0;2,5;2,75;3,111111111111111;1,5;3,0;3,4;2,0
1,0;3,0;4,0;3,0;3,0;2,5;2,5;2,6;2,5
1,0;3,0;3,0;2,75;3,6666666666666665;2,0;3,0;2,4;3,25
1,0;1,0;2,5;3,25;3,5555555555555554;1,0;3,5;3,2;3,5
1,0;1,0;1,5;1,75;3,7777777777777777;2,0;2,3333333333333335;3,6;3,5
1,0;1,0;2,0;1,75;3,2222222222222223;2,5;3,1666666666666665;3,6;3,75
1,0;3,0;4,0;3,5;4,555555555555555;3,0;2,8333333333333335;3,6;3,75
1,0;3,0;4,5;2,75;4,777777777777778;3,0;3,8333333333333335;3,0;3,25
1,0;3,0;3,0;2,75;3,4444444444444446;1,5;2,0;3,2;3,0
1,0;3,0;4,0;2,75;4,888888888888889;4,0;4,0;3,6;2,5
1,0;3,0;5,0;3,0;4,666666666666667;2,5;3,0;3,2;3,75
1,0;3,0;3,0;2,75;4,111111111111111;2,0;2,8333333333333335;3,6;3,75
1,0;3,0;3,0;2,25;3,111111111111111;1,0;1,1666666666666667;3,0;3,0
1,0;3,0;3,5;3,0;4,444444444444445;1,0;2,0;3,8;2,75
1,0;3,0;5,0;3,0;4,777777777777778;5,0;4,0;3,6;3,75
1,0;3,0;4,0;2,5;3,7777777777777777;2,0;4,0;3,8;4,0
3,0;3,0;4,0;3,25;4,555555555555555;1,0;2,6666666666666665;3,6;2,75
3,0;3,0;4,5;3,75;4,777777777777778;4,5;3,1666666666666665;3,0;2,5
3,0;3,0;5,0;3,25;4,777777777777778;1,0;2,1666666666666665;3,4;3,25
3,0;3,0;4,0;3,0;4,111111111111111;2,0;3,3333333333333335;2,8;2,5
3,0;3,0;4,0;3,0;4,333333333333333;4,0;2,5;2,8;3,0
3,0;3,0;3,0;3,0;5,0;3,0;4,0;3,6;3,75
3,0;3,0;1,5;2,75;4,111111111111111;2,5;2,1666666666666665;2,6;2,5
3,0;3,0;5,0;3,5;4,555555555555555;3,0;2,8333333333333335;3,2;4,0
3,0;3,0;5,0;2,5;5,0;3,0;2,5;2,2;1,0
3,0;3,0;4,0;3,75;4,888888888888889;2,5;2,3333333333333335;3,4;3,75
1,0;2,0;2,0;2,0;3,888888888888889;3,5;2,6666666666666665;3,0;2,5
1,0;2,0;5,0;2,75;3,0;2,5;1,1666666666666667;3,8;3,5
1,0;2,0;5,0;2,75;4,555555555555555;4,0;3,8333333333333335;3,2;3,0
1,0;2,0;2,5;2,5;2,2222222222222223;1,5;3,1666666666666665;2,2;2,5
1,0;2,0;4,5;3,5;3,0;3,0;2,0;3,6;3,25
1,0;2,0;4,0;2,5;1,8888888888888888;1,0;2,0;3,4;3,0
1,0;2,0;5,0;4,0;2,2222222222222223;2,0;3,0;4,0;3,75
1,0;2,0;1,0;2,0;2,6666666666666665;2,5;2,3333333333333335;3,2;2,75
1,0;2,0;2,5;1,75;3,4444444444444446;1,0;3,0;3,2;3,5
1,0;2,0;5,0;3,25;3,0;2,5;3,1666666666666665;3,6;3,25
1,0;1,0;4,5;3,5;2,4444444444444446;1,0;1,5;3,0;3,0
1,0;1,0;4,0;1,5;3,7777777777777777;3,0;1,5;3,2;3,25
1,0;1,0;3,0;4,25;2,888888888888889;1,0;1,5;3,0;3,0
1,0;3,0;5,0;3,5;5,0;4,5;3,3333333333333335;1,4;1,25
1,0;3,0;3,5;2,75;3,888888888888889;3,5;1,6666666666666667;2,8;3,0
1,0;3,0;5,0;1,5;3,7777777777777777;1,0;3,5;3,8;3,5
1,0;3,0;2,0;2,0;3,6666666666666665;4,0;3,0;3,0;3,0
1,0;3,0;2,0;1,75;3,4444444444444446;3,0;3,0;2,6;2,5
1,0;3,0;4,0;3,0;4,222222222222222;3,0;3,6666666666666665;3,8;3,25
1,0;3,0;3,5;3,75;4,555555555555555;1,0;3,3333333333333335;3,4;3,25
1,0;3,0;3,0;2,5;4,777777777777778;4,0;2,3333333333333335;2,2;3,0
1,0;3,0;2,5;2,25;3,111111111111111;1,0;1,1666666666666667;2,0;3,25
1,0;3,0;2,5;2,5;3,6666666666666665;3,5;2,5;3,0;3,25
1,0;3,0;5,0;3,25;3,4444444444444446;1,0;3,0;3,2;3,5
1,0;3,0;3,0;2,25;4,111111111111111;3,0;3,5;2,8;2,5
1,0;3,0;2,0;2,0;3,2222222222222223;2,0;2,8333333333333335;2,6;2,75
1,0;3,0;2,5;2,25;3,7777777777777777;3,0;3,5;2,6;2,5
1,0;3,0;3,0;3,25;4,111111111111111;4,0;3,6666666666666665;3,4;3,0
1,0;3,0;3,0;2,75;4,888888888888889;3,0;2,8333333333333335;2,2;2,0
1,0;3,0;4,0;2,5;3,888888888888889;3,0;1,8333333333333333;3,0;2,25
1,0;3,0;2,0;2,5;4,444444444444445;3,0;3,1666666666666665;2,4;2,75
1,0;3,0;3,0;2,5;4,0;2,5;3,0;2,8;2,25
1,0;3,0;3,0;2,75;3,888888888888889;3,5;3,1666666666666665;2,8;2,25
2,0;4,0;4,0;2,75;4,0;3,0;2,6666666666666665;3,2;3,25
2,0;4,0;2,0;2,5;3,7777777777777777;1,0;4,0;3,0;3,75
2,0;4,0;4,0;3,0;4,111111111111111;2,5;2,5;3,6;3,25
2,0;4,0;4,5;2,75;4,222222222222222;3,5;2,8333333333333335;4,0;3,5
2,0;4,0;4,5;2,75;3,888888888888889;2,5;1,3333333333333333;2,4;3,5
2,0;4,0;3,0;3,25;3,4444444444444446;3,5;2,8333333333333335;3,0;3,0
2,0;4,0;4,5;4,0;4,0;4,0;2,6666666666666665;3,4;2,75
2,0;4,0;5,0;3,5;4,555555555555555;3,0;3,0;3,2;3,0
2,0;4,0;3,0;3,75;4,222222222222222;2,5;3,8333333333333335;3,6;3,0
2,0;4,0;2,0;2,5;3,888888888888889;1,0;3,5;2,4;1,75
1,0;1,0;1,0;1,25;3,0;1,0;3,5;3,4;3,75
1,0;1,0;4,0;2,0;4,0;2,5;3,1666666666666665;3,6;3,25
1,0;1,0;2,0;2,75;2,4444444444444446;1,0;2,8333333333333335;3,2;3,25
2,0;2,0;2,0;2,5;1,6666666666666667;1,0;1,8333333333333333;3,4;3,5
2,0;2,0;3,0;3,75;2,5555555555555554;3,5;2,5;2,8;3,5
2,0;2,0;1,5;2,25;3,7777777777777777;4,5;2,0;2,4;2,25
2,0;2,0;4,0;3,5;2,6666666666666665;1,0;2,8333333333333335;3,6;3,25
2,0;2,0;4,5;4,25;3,5555555555555554;1,5;3,8333333333333335;3,4;3,75
2,0;2,0;1,5;3,5;3,888888888888889;2,5;3,5;2,8;2,75
2,0;2,0;3,5;3,25;2,7777777777777777;1,0;3,1666666666666665;3,6;3,75
2,0;2,0;2,0;2,75;2,888888888888889;1,0;2,0;3,0;3,25
2,0;2,0;3,5;4,0;3,7777777777777777;3,5;3,0;3,4;4,0
2,0;2,0;4,0;4,25;3,6666666666666665;2,5;3,3333333333333335;3,0;3,75
1,0;1,0;2,0;3,25;4,444444444444445;3,5;2,6666666666666665;3,4;3,5
1,0;1,0;4,0;3,75;4,222222222222222;2,5;2,0;3,4;3,25
1,0;1,0;3,0;4,0;3,4444444444444446;2,0;1,5;3,4;3,0
1,0;2,0;2,0;2,0;3,888888888888889;2,0;1,3333333333333333;3,6;3,25
1,0;2,0;3,0;1,5;3,0;1,0;1,6666666666666667;3,2;3,25
1,0;2,0;3,0;3,0;3,2222222222222223;2,5;3,1666666666666665;3,4;2,75
1,0;2,0;5,0;3,75;4,666666666666667;3,5;3,3333333333333335;3,8;3,25
1,0;2,0;1,5;3,25;3,0;3,0;3,3333333333333335;3,8;3,25
1,0;2,0;1,5;2,25;3,3333333333333335;1,0;3,6666666666666665;3,0;3,75
1,0;2,0;4,5;4,0;3,4444444444444446;2,0;1,6666666666666667;3,6;3,5
1,0;2,0;5,0;3,5;3,111111111111111;3,0;1,3333333333333333;3,6;3,75
1,0;2,0;3,5;3,25;3,3333333333333335;2,5;3,0;2,6;2,75
1,0;2,0;3,5;3,25;2,888888888888889;1,0;2,3333333333333335;2,4;3,5
1,0;2,0;3,0;3,75;4,555555555555555;4,0;4,0;3,2;3,75
1,0;2,0;5,0;3,75;4,222222222222222;2,0;3,3333333333333335;3,8;4,0
1,0;2,0;3,5;3,5;4,111111111111111;5,0;3,5;3,6;3,25
1,0;2,0;2,0;2,0;4,333333333333333;4,5;1,0;3,8;3,5
1,0;2,0;4,0;4,5;4,555555555555555;4,5;4,0;2,8;2,25
1,0;2,0;2,0;2,75;4,222222222222222;1,0;3,3333333333333335;3,8;3,5
1,0;2,0;1,0;2,0;3,3333333333333335;4,5;2,3333333333333335;4,0;4,0
1,0;2,0;4,0;3,25;3,2222222222222223;1,0;2,5;3,6;3,75
1,0;2,0;5,0;4,0;3,7777777777777777;3,0;2,5;3,0;3,0
1,0;2,0;5,0;3,75;3,111111111111111;3,0;2,1666666666666665;3,4;3,75
1,0;1,0;2,0;2,0;2,6666666666666665;1,0;3,0;3,0;3,25
1,0;1,0;2,0;2,5;2,2222222222222223;1,0;1,3333333333333333;3,4;3,0
1,0;1,0;3,5;1,0;1,8888888888888888;1,0;1,0;2,8;2,5
1,0;1,0;4,0;2,5;3,888888888888889;3,5;2,3333333333333335;4,0;4,0
1,0;1,0;2,5;1,5;3,111111111111111;1,5;2,0;4,0;4,0
1,0;1,0;2,0;3,0;3,3333333333333335;1,0;3,0;3,2;3,0
1,0;1,0;4,5;4,5;1,7777777777777777;2,5;1,6666666666666667;3,0;3,75
1,0;1,0;4,0;3,5;2,3333333333333335;1,0;1,5;3,2;3,5
1,0;1,0;4,0;4,0;4,222222222222222;3,0;4,0;3,8;4,0
1,0;1,0;1,5;2,5;2,6666666666666665;4,5;4,0;3,8;4,0
1,0;1,0;3,5;3,25;3,7777777777777777;1,0;1,5;3,6;3,5
1,0;1,0;2,0;2,75;3,2222222222222223;2,5;3,1666666666666665;2,6;2,5
1,0;1,0;3,0;2,5;2,7777777777777777;2,0;1,0;3,4;3,5
1,0;1,0;2,0;5,0;5,0;5,0;2,0;3,4;3,5
1,0;2,0;4,5;1,75;5,0;5,0;4,0;3,2;3,5
1,0;2,0;1,0;2,5;1,0;1,0;2,0;3,2;3,0
1,0;2,0;4,5;3,5;1,2222222222222223;1,0;2,1666666666666665;3,4;3,5
1,0;2,0;5,0;4,75;1,4444444444444444;1,0;2,8333333333333335;4,0;4,0
1,0;2,0;2,0;2,5;2,3333333333333335;1,0;3,0;3,0;2,75
1,0;2,0;1,0;1,75;2,6666666666666665;2,5;2,8333333333333335;3,0;3,75
1,0;2,0;1,5;1,25;1,0;1,0;2,0;3,0;2,75
1,0;2,0;5,0;4,75;4,444444444444445;4,0;2,8333333333333335;4,0;3,75
1,0;2,0;5,0;2,5;2,7777777777777777;1,0;2,0;3,4;3,75
1,0;2,0;1,0;2,5;1,7777777777777777;4,0;1,0;3,2;3,5
1,0;3,0;4,5;4,0;4,333333333333333;2,0;3,8333333333333335;3,0;3,0
1,0;3,0;2,5;2,75;3,888888888888889;2,5;2,8333333333333335;3,4;3,0
1,0;3,0;3,5;3,0;4,111111111111111;1,0;1,0;3,6;3,5
1,0;3,0;4,0;2,5;4,777777777777778;4,0;4,0;2,8;2,5
1,0;3,0;5,0;4,5;4,777777777777778;1,0;2,5;3,4;3,5
1,0;3,0;1,0;1,0;3,7777777777777777;3,0;1,8333333333333333;2,8;2,75
1,0;3,0;3,0;2,25;4,333333333333333;2,5;2,6666666666666665;3,0;3,25
1,0;3,0;5,0;2,75;4,222222222222222;1,0;3,3333333333333335;3,2;3,75
1,0;3,0;5,0;4,25;4,555555555555555;4,5;1,6666666666666667;3,0;3,0
2,0;3,0;2,0;3,25;4,0;2,5;1,0;4,0;3,25
2,0;3,0;2,0;3,75;4,0;2,0;2,1666666666666665;2,8;2,25
2,0;3,0;3,5;3,25;4,888888888888889;4,5;2,6666666666666665;3,4;3,25
2,0;3,0;2,0;2,75;4,444444444444445;4,0;3,0;3,8;3,25
2,0;3,0;4,0;3,5;4,555555555555555;2,5;2,8333333333333335;3,4;3,25
2,0;3,0;1,5;2,5;3,5555555555555554;2,0;1,8333333333333333;2,4;2,75
2,0;3,0;2,0;3,0;4,333333333333333;3,5;2,5;2,8;2,5
2,0;3,0;4,0;3,5;4,333333333333333;3,5;3,0;3,8;3,0
2,0;3,0;4,0;3,5;4,111111111111111;4,0;2,0;3,8;3,0
2,0;3,0;3,0;3,5;3,6666666666666665;3,0;2,8333333333333335;3,4;3,5
2,0;3,0;4,0;2,75;3,5555555555555554;1,0;3,0;3,0;3,0
2,0;3,0;5,0;4,25;5,0;1,0;3,1666666666666665;3,4;3,75
2,0;3,0;4,0;3,25;4,222222222222222;2,0;4,0;3,8;4,0
2,0;3,0;1,0;2,0;4,666666666666667;3,0;1,0;2,2;1,5
2,0;3,0;3,5;4,0;3,7777777777777777;2,0;2,8333333333333335;3,4;4,0
2,0;3,0;2,5;2,75;4,555555555555555;2,5;2,8333333333333335;1,8;1,0
2,0;3,0;3,5;2,5;4,777777777777778;3,5;3,5;2,6;2,25
2,0;3,0;5,0;3,25;4,888888888888889;2,5;2,1666666666666665;3,6;4,0
2,0;3,0;3,0;3,0;4,777777777777778;3,5;3,0;3,8;3,75
2,0;3,0;4,0;3,0;5,0;5,0;3,6666666666666665;3,0;3,0
2,0;3,0;4,0;2,5;4,555555555555555;3,0;3,3333333333333335;3,2;2,75
2,0;3,0;2,0;3,0;2,4444444444444446;1,0;1,0;3,0;3,0
2,0;3,0;3,0;2,25;4,111111111111111;2,5;2,8333333333333335;3,4;3,25
2,0;3,0;3,5;4,5;3,6666666666666665;1,0;1,0;4,0;3,75
2,0;3,0;4,5;2,5;4,333333333333333;4,0;1,8333333333333333;3,8;2,75
2,0;3,0;4,5;2,5;3,888888888888889;1,0;3,8333333333333335;3,4;3,25
2,0;3,0;2,0;3,0;3,7777777777777777;1,0;3,5;3,4;3,0
2,0;3,0;4,0;3,75;4,666666666666667;4,0;1,0;3,0;3,0
2,0;3,0;4,0;3,5;3,0;2,5;1,1666666666666667;3,6;3,75
2,0;3,0;2,0;3,5;4,666666666666667;2,5;2,3333333333333335;3,0;3,0
2,0;3,0;4,5;1,25;4,666666666666667;4,0;2,1666666666666665;2,2;2,25
2,0;3,0;3,0;1,75;4,111111111111111;2,0;2,5;2,2;1,5
2,0;3,0;4,5;2,5;4,333333333333333;3,0;3,5;2,6;3,0
2,0;3,0;4,0;3,0;4,444444444444445;2,5;2,8333333333333335;2,2;2,5
2,0;3,0;2,5;2,25;3,5555555555555554;2,0;2,5;1,8;1,25
2,0;3,0;1,5;2,25;4,777777777777778;3,0;3,1666666666666665;2,2;2,25
2,0;3,0;2,0;2,5;3,7777777777777777;2,5;3,0;2,4;2,25
2,0;3,0;3,5;2,75;4,666666666666667;4,0;3,1666666666666665;1,8;2,0
2,0;3,0;2,0;2,5;3,7777777777777777;1,0;2,3333333333333335;1,8;3,0
2,0;3,0;4,5;1,75;4,333333333333333;2,5;2,3333333333333335;2,6;2,75
1,0;2,0;3,0;4,0;4,111111111111111;4,5;3,6666666666666665;3,4;3,25
1,0;2,0;3,0;3,25;2,4444444444444446;1,0;1,8333333333333333;3,8;3,5
1,0;2,0;4,0;4,75;4,888888888888889;3,0;3,6666666666666665;3,8;3,5
1,0;2,0;4,5;1,0;1,6666666666666667;1,0;2,0;4,0;3,75
1,0;2,0;2,0;3,75;3,4444444444444446;3,5;2,0;3,8;4,0
1,0;2,0;4,5;4,25;4,0;4,0;2,1666666666666665;4,0;3,5
1,0;2,0;4,0;3,25;2,6666666666666665;1,0;3,6666666666666665;3,6;3,25
1,0;2,0;2,0;2,5;4,666666666666667;4,0;3,6666666666666665;3,2;3,25
1,0;2,0;2,0;2,0;4,444444444444445;3,0;2,8333333333333335;3,6;3,0
1,0;2,0;3,5;4,25;3,5555555555555554;2,0;2,1666666666666665;3,8;3,25
1,0;1,0;2,5;1,5;3,111111111111111;2,0;2,5;3,0;2,25
1,0;1,0;3,0;2,25;1,6666666666666667;1,0;3,1666666666666665;3,8;3,5
1,0;1,0;3,0;2,25;2,6666666666666665;4,0;3,1666666666666665;4,0;3,5
1,0;1,0;2,0;2,0;2,888888888888889;1,0;2,1666666666666665;2,8;3,25
1,0;1,0;1,5;2,75;3,4444444444444446;2,0;3,0;2,6;3,5
1,0;1,0;2,0;2,0;3,3333333333333335;1,5;2,8333333333333335;2,8;3,5
1,0;2,0;2,0;3,25;3,111111111111111;3,0;2,6666666666666665;3,8;3,75
1,0;2,0;3,0;1,0;3,2222222222222223;1,0;1,0;3,6;3,5
1,0;2,0;2,0;4,0;3,4444444444444446;2,0;3,5;3,6;3,75
1,0;2,0;2,0;3,5;4,888888888888889;1,0;2,3333333333333335;3,4;3,5
1,0;2,0;2,0;3,75;4,0;3,5;1,5;3,0;3,0
1,0;2,0;4,0;3,5;4,333333333333333;2,5;2,3333333333333335;3,6;3,0
1,0;2,0;4,0;2,5;3,7777777777777777;1,0;3,1666666666666665;3,8;3,5
1,0;2,0;2,0;3,5;3,4444444444444446;2,0;2,6666666666666665;3,0;3,5
1,0;2,0;3,0;3,5;3,6666666666666665;3,5;2,1666666666666665;3,2;3,75
1,0;2,0;4,0;2,75;3,7777777777777777;3,0;2,5;3,4;3,5
1,0;2,0;3,5;1,75;2,2222222222222223;2,5;3,3333333333333335;4,0;3,5
1,0;2,0;1,0;3,25;1,2222222222222223;1,0;1,5;3,2;3,25
1,0;2,0;1,5;2,0;2,0;2,5;2,8333333333333335;2,8;2,5
1,0;2,0;4,0;2,25;4,222222222222222;2,0;3,0;3,6;3,25
1,0;2,0;2,0;1,75;2,111111111111111;1,5;2,0;3,0;3,25
1,0;2,0;4,0;2,75;3,888888888888889;2,5;1,5;3,4;3,5
1,0;2,0;3,5;5,0;3,5555555555555554;1,0;2,0;3,0;4,0
1,0;2,0;2,5;1,75;2,3333333333333335;1,0;3,5;3,4;3,25
1,0;2,0;4,5;3,25;2,888888888888889;2,0;2,5;3,0;3,5
1,0;2,0;1,0;1,75;2,111111111111111;1,5;2,3333333333333335;2,8;3,25
3,0;3,0;2,5;2,5;4,777777777777778;3,5;2,5;2,8;2,75
3,0;3,0;4,0;3,25;5,0;4,5;2,6666666666666665;2,2;2,5
3,0;3,0;3,0;3,0;4,0;4,0;3,8333333333333335;3,0;2,5
3,0;3,0;3,5;2,5;4,555555555555555;3,0;1,1666666666666667;1,8;2,25
3,0;3,0;4,5;2,75;4,666666666666667;3,0;3,0;2,8;3,25
3,0;3,0;4,0;2,75;3,888888888888889;3,5;2,6666666666666665;2,6;2,5
3,0;3,0;4,0;3,25;4,777777777777778;4,0;2,3333333333333335;3,0;3,0
3,0;3,0;5,0;2,5;5,0;5,0;2,8333333333333335;2,4;2,25
3,0;3,0;4,0;2,25;4,333333333333333;1,0;1,3333333333333333;2,8;2,75
3,0;3,0;4,0;3,0;4,555555555555555;4,0;2,8333333333333335;2,8;3,0
2,0;2,0;2,5;2,0;4,222222222222222;2,0;3,8333333333333335;3,6;3,5
2,0;2,0;4,5;2,25;4,666666666666667;4,0;3,8333333333333335;3,6;3,25
2,0;2,0;4,0;2,75;4,666666666666667;5,0;3,8333333333333335;3,6;3,0
2,0;2,0;4,5;3,5;5,0;1,0;3,1666666666666665;3,8;3,75
2,0;2,0;3,0;2,0;4,666666666666667;4,0;3,0;4,0;4,0
2,0;2,0;2,0;1,0;3,888888888888889;1,5;2,6666666666666665;3,8;3,5
2,0;2,0;4,5;2,75;4,555555555555555;3,0;2,6666666666666665;3,6;3,5
2,0;2,0;4,5;3,5;4,0;2,0;3,8333333333333335;3,4;3,0
2,0;2,0;2,0;1,5;3,111111111111111;1,0;2,3333333333333335;3,2;3,25
2,0;2,0;4,5;2,5;4,0;2,0;2,8333333333333335;2,4;2,75
3,0;3,0;2,0;2,5;4,0;4,0;1,0;2,6;2,25
3,0;3,0;5,0;3,5;4,444444444444445;3,5;2,8333333333333335;3,4;3,0
3,0;3,0;5,0;3,0;5,0;2,0;4,0;4,0;4,0
3,0;3,0;2,0;2,25;5,0;5,0;3,3333333333333335;2,8;2,75
3,0;3,0;4,0;2,25;2,5555555555555554;1,5;1,6666666666666667;3,4;3,75
3,0;3,0;2,0;2,0;4,222222222222222;3,5;3,1666666666666665;2,0;1,5
3,0;3,0;5,0;2,75;4,777777777777778;1,0;3,1666666666666665;2,8;3,0
3,0;3,0;3,0;3,0;5,0;3,0;2,0;2,8;2,25
3,0;3,0;2,5;3,25;4,0;3,5;2,3333333333333335;2,2;2,75
3,0;3,0;4,5;3,25;3,888888888888889;2,0;4,0;2,8;3,25
2,0;2,0;4,0;3,25;2,3333333333333335;1,0;2,0;4,0;2,75
2,0;2,0;2,0;3,0;3,6666666666666665;3,5;3,5;4,0;4,0
2,0;2,0;5,0;2,75;4,111111111111111;4,5;2,6666666666666665;3,6;3,0
2,0;2,0;5,0;4,0;4,666666666666667;4,5;1,6666666666666667;3,6;3,25
2,0;2,0;2,0;3,5;3,111111111111111;2,0;2,5;3,6;3,5
2,0;2,0;2,0;3,25;2,888888888888889;2,5;2,6666666666666665;3,2;3,75
2,0;2,0;3,0;3,0;2,5555555555555554;1,5;1,8333333333333333;3,6;2,5
2,0;2,0;2,5;3,25;3,7777777777777777;3,0;2,1666666666666665;3,6;3,0
2,0;2,0;2,0;2,5;4,444444444444445;2,0;1,5;3,0;3,0
2,0;2,0;2,0;2,25;3,6666666666666665;1,5;3,3333333333333335;2,6;2,75
2,0;3,0;5,0;4,0;4,222222222222222;3,5;2,1666666666666665;3,8;4,0
2,0;3,0;3,5;2,75;4,222222222222222;3,5;3,1666666666666665;2,8;3,25
2,0;3,0;5,0;3,5;4,777777777777778;2,5;3,1666666666666665;3,4;3,75
2,0;3,0;2,5;2,0;3,888888888888889;1,0;3,3333333333333335;2,8;3,25
2,0;3,0;5,0;3,25;4,666666666666667;2,0;2,8333333333333335;3,2;3,75
2,0;3,0;4,5;3,25;4,555555555555555;1,0;2,3333333333333335;2,8;3,25
2,0;3,0;5,0;3,0;4,555555555555555;2,0;3,0;3,8;3,5
2,0;3,0;4,0;2,5;3,7777777777777777;3,0;1,0;2,4;2,75
2,0;3,0;3,5;2,5;4,111111111111111;1,0;3,5;3,4;3,25
2,0;3,0;3,0;2,5;3,5555555555555554;2,0;2,1666666666666665;3,4;4,0
2,0;2,0;3,5;2,75;1,3333333333333333;1,0;2,5;3,0;3,0
2,0;2,0;1,0;2,25;3,5555555555555554;2,5;2,3333333333333335;3,4;2,75
2,0;2,0;3,0;2,5;4,666666666666667;5,0;2,5;3,0;2,5
2,0;2,0;2,0;2,5;3,888888888888889;4,5;2,5;3,4;3,25
2,0;2,0;3,0;2,5;3,5555555555555554;2,0;2,6666666666666665;2,4;2,25
2,0;2,0;1,5;2,75;2,3333333333333335;2,0;1,6666666666666667;3,0;2,75
2,0;2,0;4,0;4,0;4,444444444444445;3,0;1,6666666666666667;3,0;3,25
2,0;2,0;2,0;2,0;4,333333333333333;1,0;2,6666666666666665;3,0;2,75
2,0;2,0;2,0;3,0;3,888888888888889;3,0;2,3333333333333335;3,0;2,25
2,0;2,0;3,0;2,75;4,444444444444445;2,5;1,0;3,0;2,5
2,0;3,0;5,0;4,5;4,555555555555555;4,0;3,6666666666666665;3,4;3,5
2,0;3,0;3,5;4,0;4,0;3,0;2,6666666666666665;2,6;2,5
2,0;3,0;4,5;3,25;4,111111111111111;3,0;2,0;3,4;3,0
2,0;3,0;3,0;4,75;4,0;3,0;2,1666666666666665;3,6;3,5
2,0;3,0;2,5;3,0;4,333333333333333;1,0;1,0;2,2;3,0
2,0;3,0;5,0;3,75;4,666666666666667;4,0;3,5;3,0;3,0
2,0;3,0;3,5;3,5;4,0;3,0;3,6666666666666665;3,2;3,5
2,0;3,0;3,5;3,25;4,0;4,0;3,0;2,8;2,75
2,0;3,0;3,0;3,0;4,0;3,0;4,0;2,2;3,25
2,0;3,0;1,5;3,75;4,222222222222222;3,0;2,0;3,0;2,25
1,0;4,0;5,0;3,5;4,444444444444445;4,0;3,5;3,6;3,5
1,0;4,0;2,0;2,5;4,333333333333333;2,0;3,3333333333333335;2,2;2,0
1,0;4,0;5,0;4,75;3,0;2,0;2,3333333333333335;3,6;3,5
1,0;4,0;1,5;4,0;3,3333333333333335;2,5;3,0;3,8;3,75
1,0;4,0;3,0;3,25;3,6666666666666665;2,5;2,8333333333333335;3,8;3,25
1,0;4,0;3,5;3,5;4,0;2,5;2,6666666666666665;3,2;3,25
1,0;4,0;1,5;3,75;2,7777777777777777;1,0;2,3333333333333335;3,2;1,75
1,0;4,0;1,0;2,25;2,3333333333333335;1,0;1,3333333333333333;3,8;3,75
1,0;4,0;2,5;4,0;4,0;3,5;2,0;2,8;3,0
1,0;4,0;4,5;3,75;3,888888888888889;3,0;2,3333333333333335;3,2;3,0
1,0;3,0;4,0;2,5;3,7777777777777777;2,0;2,6666666666666665;2,8;2,75
1,0;3,0;3,0;2,5;3,7777777777777777;2,0;3,8333333333333335;2,8;3,25
1,0;3,0;2,5;3,0;4,0;2,0;2,8333333333333335;2,8;3,0
1,0;3,0;2,5;2,5;2,4444444444444446;1,0;3,1666666666666665;2,6;2,75
1,0;3,0;3,5;2,75;4,666666666666667;2,0;2,6666666666666665;2,4;2,25
1,0;3,0;5,0;2,75;4,333333333333333;1,0;2,5;3,4;3,25
1,0;3,0;5,0;3,75;3,3333333333333335;2,0;2,8333333333333335;3,4;4,0
1,0;3,0;5,0;3,0;4,666666666666667;2,5;2,8333333333333335;3,6;3,5
1,0;3,0;3,0;3,0;4,333333333333333;1,0;1,3333333333333333;2,0;2,0
1,0;3,0;3,5;2,75;3,7777777777777777;3,0;3,1666666666666665;3,0;3,0
2,0;2,0;5,0;2,0;3,888888888888889;3,0;3,0;4,0;4,0
2,0;2,0;1,5;2,5;3,4444444444444446;5,0;2,1666666666666665;3,2;3,25
2,0;2,0;1,5;3,0;3,2222222222222223;5,0;2,8333333333333335;2,6;2,5
2,0;2,0;1,5;3,25;3,2222222222222223;4,0;3,5;3,6;3,25
2,0;2,0;4,0;4,25;3,7777777777777777;4,5;2,5;3,6;3,25
2,0;2,0;3,0;4,0;4,111111111111111;3,0;1,5;3,4;4,0
2,0;2,0;3,0;3,25;3,4444444444444446;3,0;2,3333333333333335;3,0;2,25
2,0;2,0;2,0;2,0;3,5555555555555554;1,0;2,3333333333333335;3,2;2,5
2,0;2,0;2,5;1,25;2,5555555555555554;3,0;1,5;2,4;2,75
2,0;2,0;3,0;2,0;2,6666666666666665;1,0;1,8333333333333333;3,0;2,5
2,0;2,0;3,0;3,5;3,5555555555555554;3,5;2,5;3,4;4,0
2,0;2,0;4,0;1,75;3,0;2,5;3,3333333333333335;2,8;3,5
2,0;2,0;3,0;4,0;3,6666666666666665;3,5;2,3333333333333335;3,4;3,5
2,0;2,0;2,5;3,5;4,777777777777778;5,0;3,5;3,0;3,25
2,0;2,0;2,5;3,25;3,888888888888889;2,5;2,8333333333333335;3,6;3,75
2,0;2,0;2,0;3,25;3,5555555555555554;4,0;2,6666666666666665;3,4;2,5
2,0;2,0;4,5;4,0;4,555555555555555;4,5;3,5;3,0;2,25
2,0;2,0;4,0;3,75;4,222222222222222;2,0;3,5;2,8;2,0
2,0;2,0;2,0;3,0;2,0;4,5;1,0;2,2;1,25
2,0;2,0;2,5;3,5;4,111111111111111;3,5;2,5;3,6;3,25
2,0;2,0;3,5;3,5;3,2222222222222223;2,5;3,0;3,6;3,25
2,0;2,0;1,5;3,75;3,3333333333333335;2,5;3,6666666666666665;4,0;4,0
2,0;2,0;1,5;3,5;1,4444444444444444;1,0;2,3333333333333335;3,6;3,25
2,0;2,0;5,0;3,75;3,3333333333333335;2,0;2,5;3,8;4,0
2,0;2,0;4,5;5,0;3,7777777777777777;5,0;1,3333333333333333;3,8;4,0
2,0;2,0;4,5;2,0;2,4444444444444446;1,0;1,8333333333333333;3,4;3,5
2,0;2,0;4,5;4,0;4,0;3,0;2,8333333333333335;3,8;3,25
2,0;2,0;2,5;3,0;4,555555555555555;3,0;3,1666666666666665;4,0;3,5
2,0;2,0;3,0;3,5;1,0;1,0;1,5;3,2;3,25
2,0;2,0;4,0;3,25;4,333333333333333;4,5;4,0;3,8;4,0
2,0;2,0;4,0;1,0;4,111111111111111;4,0;3,1666666666666665;2,4;2,75
2,0;2,0;5,0;4,0;3,4444444444444446;3,0;2,5;3,0;3,25
2,0;2,0;3,0;3,25;4,0;4,5;3,1666666666666665;3,0;3,25
2,0;2,0;4,0;2,5;3,6666666666666665;3,0;2,6666666666666665;3,2;2,75
2,0;2,0;5,0;1,5;3,111111111111111;2,5;4,0;3,6;3,75
2,0;2,0;1,5;3,5;2,6666666666666665;1,0;3,0;3,0;3,25
2,0;2,0;3,0;4,25;3,4444444444444446;2,0;3,0;3,2;2,75
2,0;2,0;2,0;2,5;3,888888888888889;3,5;2,0;3,0;3,5
2,0;2,0;3,5;2,75;2,0;1,0;1,1666666666666667;3,0;3,25
2,0;2,0;3,5;3,75;3,7777777777777777;1,0;2,6666666666666665;3,2;3,25
1,0;1,0;3,0;2,25;2,4444444444444446;3,0;1,6666666666666667;3,6;3,5
1,0;1,0;2,5;2,25;3,888888888888889;3,0;2,3333333333333335;4,0;3,75
1,0;1,0;4,0;4,25;3,0;3,0;1,6666666666666667;3,6;3,25
3,0;3,0;3,5;2,25;4,666666666666667;3,5;3,6666666666666665;2,6;3,25
3,0;3,0;4,5;3,25;4,555555555555555;2,0;1,1666666666666667;2,2;2,25
3,0;3,0;4,5;3,0;4,222222222222222;1,5;2,5;2,6;2,75
3,0;3,0;4,0;3,25;4,444444444444445;3,5;2,1666666666666665;3,0;3,0
3,0;3,0;4,0;3,0;3,7777777777777777;1,0;2,8333333333333335;2,8;2,75
3,0;3,0;4,0;2,25;5,0;3,0;1,0;1,4;2,75
3,0;3,0;2,5;2,25;3,888888888888889;2,0;2,6666666666666665;2,0;1,0
3,0;3,0;3,5;3,5;4,444444444444445;3,0;2,8333333333333335;2,6;3,25
3,0;3,0;4,5;3,25;4,444444444444445;1,0;3,0;2,2;2,75
3,0;3,0;5,0;3,5;4,555555555555555;3,0;2,8333333333333335;3,8;3,75
2,0;2,0;1,5;3,5;3,2222222222222223;2,5;1,5;4,0;3,5
2,0;2,0;3,5;5,0;3,2222222222222223;1,0;3,8333333333333335;3,2;2,75
2,0;2,0;5,0;3,5;3,7777777777777777;3,0;2,8333333333333335;3,6;3,25
2,0;2,0;2,0;3,5;4,222222222222222;3,0;2,6666666666666665;3,2;3,5
2,0;2,0;4,0;4,25;3,111111111111111;3,5;2,0;3,0;3,0
2,0;2,0;5,0;4,25;5,0;5,0;4,0;4,0;4,0
2,0;2,0;3,0;3,0;2,2222222222222223;1,0;4,0;3,4;3,25
2,0;2,0;1,5;4,5;2,0;2,5;3,5;3,4;4,0
2,0;2,0;4,5;4,25;2,7777777777777777;1,0;2,1666666666666665;3,2;3,75
2,0;2,0;5,0;5,0;4,0;4,0;4,0;3,8;3,75
2,0;2,0;2,5;2,75;4,444444444444445;4,5;3,0;3,6;4,0
2,0;2,0;2,0;1,5;2,7777777777777777;1,0;1,8333333333333333;3,0;3,0
2,0;2,0;4,5;4,5;1,0;1,0;1,8333333333333333;4,0;4,0
2,0;2,0;2,5;1,0;1,0;1,0;3,1666666666666665;3,4;3,75
2,0;2,0;1,0;3,25;2,888888888888889;2,5;2,5;3,6;3,0
2,0;2,0;3,0;2,5;2,7777777777777777;2,0;1,0;3,8;3,5
2,0;2,0;2,5;1,75;1,6666666666666667;1,0;1,0;2,8;4,0
2,0;2,0;2,5;2,75;3,2222222222222223;1,0;2,5;3,6;4,0
2,0;2,0;1,5;2,5;2,0;1,0;4,0;3,8;3,5
2,0;2,0;2,0;1,75;2,888888888888889;1,0;3,1666666666666665;3,0;3,5
1,0;4,0;4,0;3,5;3,5555555555555554;3,0;3,1666666666666665;2,8;3,25
1,0;4,0;4,5;2,25;2,5555555555555554;3,0;2,6666666666666665;3,4;3,25
1,0;4,0;4,0;3,0;3,4444444444444446;3,5;1,3333333333333333;3,2;3,5
1,0;4,0;4,5;2,75;3,6666666666666665;3,0;2,3333333333333335;2,6;2,75
1,0;4,0;2,5;2,5;5,0;5,0;2,0;2,4;2,5
1,0;4,0;2,5;2,25;4,444444444444445;2,5;4,0;3,8;3,0
1,0;4,0;5,0;5,0;4,333333333333333;4,5;2,3333333333333335;3,6;3,25
1,0;4,0;2,0;3,0;4,444444444444445;2,0;1,6666666666666667;2,6;2,0
1,0;4,0;5,0;2,75;4,555555555555555;3,5;3,6666666666666665;1,6;2,75
1,0;4,0;4,0;3,5;5,0;3,0;1,0;2,4;2,75
3,0;2,0;3,0;2,5;4,555555555555555;1,0;3,0;3,4;3,0
3,0;2,0;3,5;3,0;3,7777777777777777;1,0;2,1666666666666665;2,6;3,0
3,0;2,0;1,5;3,0;4,222222222222222;3,0;2,5;3,2;3,25
3,0;2,0;1,5;1,75;3,4444444444444446;1,0;3,0;3,6;3,5
3,0;2,0;4,5;2,0;3,0;2,5;3,5;2,2;3,0
3,0;2,0;2,0;3,25;3,4444444444444446;1,5;2,5;3,2;2,5
3,0;2,0;2,5;2,75;4,222222222222222;3,5;2,3333333333333335;2,8;3,0
3,0;2,0;2,0;2,25;3,0;1,0;3,1666666666666665;2,0;2,5
3,0;2,0;2,0;3,25;4,0;2,0;2,3333333333333335;3,4;3,25
3,0;2,0;2,5;3,0;3,6666666666666665;2,0;2,5;3,0;3,5
3,0;3,0;3,5;3,25;4,888888888888889;1,0;3,1666666666666665;3,2;3,5
3,0;3,0;2,5;2,75;4,888888888888889;3,0;3,1666666666666665;2,8;2,0
3,0;3,0;2,5;2,75;3,3333333333333335;2,0;2,8333333333333335;2,4;2,25
3,0;3,0;2,0;2,0;2,6666666666666665;1,0;4,0;1,8;2,0
3,0;3,0;4,0;3,0;4,777777777777778;3,5;2,6666666666666665;2,2;2,5
3,0;3,0;2,5;3,0;3,6666666666666665;1,0;2,8333333333333335;2,8;2,5
3,0;3,0;2,5;2,0;3,5555555555555554;3,5;2,0;2,4;2,5
3,0;3,0;3,0;2,5;3,7777777777777777;3,0;2,3333333333333335;3,4;3,0
3,0;3,0;2,0;2,0;3,888888888888889;3,0;3,0;2,4;2,5
3,0;3,0;2,5;2,5;5,0;3,5;3,3333333333333335;2,6;3,0
2,0;2,0;4,0;3,75;4,444444444444445;4,5;2,3333333333333335;3,6;3,75
2,0;2,0;2,0;2,5;3,111111111111111;2,0;2,6666666666666665;2,6;2,25
2,0;2,0;5,0;4,25;4,111111111111111;3,0;3,5;3,8;3,75
2,0;2,0;4,0;3,0;3,111111111111111;4,0;1,8333333333333333;2,8;3,75
2,0;2,0;3,0;3,5;3,4444444444444446;2,0;2,5;3,0;3,25
2,0;2,0;3,0;3,5;4,111111111111111;4,0;1,1666666666666667;3,4;3,5
2,0;2,0;5,0;3,75;4,111111111111111;4,5;1,3333333333333333;3,2;2,5
2,0;2,0;4,0;4,75;4,0;4,0;3,6666666666666665;3,8;4,0
2,0;2,0;4,5;1,75;3,0;1,0;2,1666666666666665;3,2;3,5
2,0;2,0;4,0;1,0;3,6666666666666665;4,0;1,8333333333333333;3,0;4,0
2,0;4,0;4,5;4,25;4,444444444444445;3,5;3,3333333333333335;2,4;1,5
2,0;4,0;2,5;3,25;2,4444444444444446;2,0;1,0;3,0;2,5
2,0;4,0;2,0;3,25;2,5555555555555554;1,0;2,1666666666666665;3,0;2,25
2,0;4,0;4,0;4,25;3,3333333333333335;2,0;3,0;3,0;3,0
2,0;4,0;1,5;2,75;3,111111111111111;1,0;2,6666666666666665;3,4;2,5
2,0;4,0;4,0;3,0;4,777777777777778;4,0;3,0;3,0;3,0
2,0;4,0;2,5;3,5;5,0;4,5;2,3333333333333335;3,2;2,75
2,0;4,0;4,0;2,75;3,7777777777777777;3,0;3,5;2,8;3,0
2,0;4,0;4,5;3,25;4,0;3,0;2,0;3,2;3,25
2,0;4,0;3,5;2,0;4,111111111111111;4,0;3,1666666666666665;2,8;2,25
2,0;2,0;1,5;2,5;2,888888888888889;1,0;1,8333333333333333;3,0;2,75
2,0;2,0;3,0;3,25;4,333333333333333;1,0;2,8333333333333335;3,6;3,75
2,0;2,0;3,0;1,25;1,0;1,0;1,0;3,8;3,25
2,0;2,0;2,0;3,5;1,8888888888888888;1,5;3,0;3,6;4,0
2,0;2,0;2,5;2,75;2,6666666666666665;1,0;2,5;3,0;3,25
2,0;2,0;3,0;2,5;3,2222222222222223;2,5;2,1666666666666665;3,2;3,0
2,0;2,0;3,0;3,0;2,6666666666666665;1,0;2,0;2,8;3,75
2,0;2,0;2,0;2,75;2,3333333333333335;1,0;1,8333333333333333;3,0;3,0
2,0;2,0;3,5;3,0;4,333333333333333;4,5;3,8333333333333335;4,0;3,75
2,0;2,0;3,5;2,75;1,2222222222222223;1,0;4,0;2,8;2,5
1,0;2,0;4,5;2,0;3,888888888888889;2,0;2,0;2,2;2,5
1,0;2,0;2,5;3,75;5,0;5,0;4,0;3,4;3,5
1,0;2,0;2,0;3,75;3,5555555555555554;3,5;4,0;3,8;3,25
1,0;2,0;5,0;3,5;4,222222222222222;4,0;2,8333333333333335;1,8;1,25
1,0;2,0;2,5;3,5;2,888888888888889;3,0;1,1666666666666667;3,0;3,25
1,0;2,0;5,0;3,75;3,7777777777777777;2,0;2,3333333333333335;3,0;3,5
1,0;2,0;4,5;4,0;3,6666666666666665;3,0;1,8333333333333333;3,0;3,0
1,0;2,0;1,0;3,0;2,111111111111111;1,5;4,0;3,0;2,5
1,0;2,0;3,5;4,25;3,0;1,0;2,1666666666666665;3,8;3,5
1,0;2,0;1,5;3,25;2,6666666666666665;1,0;3,1666666666666665;3,6;3,5
2,0;2,0;2,0;3,5;2,2222222222222223;2,5;2,5;3,0;3,5
2,0;2,0;3,5;3,25;3,5555555555555554;3,5;2,6666666666666665;3,0;3,0
2,0;2,0;3,0;3,0;4,333333333333333;3,5;3,0;2,4;3,0
2,0;2,0;2,0;2,75;4,222222222222222;2,5;3,6666666666666665;3,0;2,0
2,0;2,0;4,0;3,75;4,111111111111111;1,0;2,5;3,4;3,5
2,0;2,0;2,0;2,25;2,7777777777777777;2,5;3,5;3,2;2,75
2,0;2,0;3,0;3,25;4,666666666666667;3,5;2,3333333333333335;1,8;3,0
2,0;2,0;1,5;3,25;4,222222222222222;4,5;4,0;3,0;3,0
2,0;2,0;4,0;4,25;4,0;3,0;1,3333333333333333;3,4;3,75
2,0;2,0;2,0;2,5;3,7777777777777777;3,5;2,1666666666666665;3,4;3,5
2,0;3,0;4,0;2,75;3,0;1,0;2,0;2,8;3,0
2,0;3,0;5,0;1,75;3,0;3,0;3,0;2,2;3,0
2,0;3,0;4,5;3,0;4,777777777777778;2,5;3,1666666666666665;2,4;3,25
2,0;3,0;3,0;4,0;4,777777777777778;3,0;3,1666666666666665;2,8;3,25
2,0;3,0;4,5;2,5;5,0;5,0;3,5;2,6;3,0
2,0;3,0;4,0;2,75;4,111111111111111;4,0;3,6666666666666665;2,4;2,75
2,0;3,0;4,0;2,5;3,2222222222222223;1,0;2,0;1,0;1,25
2,0;3,0;3,5;2,25;3,5555555555555554;1,5;2,6666666666666665;2,8;2,25
2,0;3,0;4,5;2,5;4,0;2,0;3,0;2,0;2,5
2,0;3,0;5,0;3,25;1,4444444444444444;1,0;1,0;2,0;2,0
2,0;3,0;4,0;3,75;3,6666666666666665;2,5;2,8333333333333335;3,6;3,25
2,0;3,0;3,0;2,75;4,222222222222222;3,0;1,8333333333333333;2,8;3,25
2,0;3,0;4,5;4,5;3,6666666666666665;1,5;1,8333333333333333;2,8;3,25
2,0;3,0;1,5;3,5;3,4444444444444446;1,0;1,0;3,0;3,75
2,0;3,0;3,5;3,0;3,3333333333333335;1,5;2,1666666666666665;2,6;2,5
2,0;3,0;5,0;3,25;4,555555555555555;3,0;3,5;3,2;2,5
2,0;3,0;3,5;4,75;3,3333333333333335;3,0;2,1666666666666665;3,0;3,5
2,0;3,0;2,0;3,25;2,4444444444444446;2,0;2,5;3,4;3,5
2,0;3,0;3,0;3,75;4,444444444444445;2,5;3,6666666666666665;3,4;2,75
2,0;3,0;2,5;3,25;4,888888888888889;3,5;2,6666666666666665;3,0;2,75
2,0;2,0;1,5;1,25;3,2222222222222223;1,0;2,5;2,4;2,75
2,0;2,0;3,0;2,0;2,888888888888889;1,0;1,5;3,0;3,25
2,0;2,0;4,5;3,0;4,555555555555555;1,0;4,0;3,4;3,0
2,0;2,0;4,5;1,75;3,111111111111111;1,0;3,0;3,4;3,0
2,0;2,0;5,0;2,0;5,0;5,0;3,8333333333333335;2,0;2,5
2,0;2,0;4,0;2,5;3,0;1,0;2,0;3,4;3,75
2,0;2,0;4,5;1,0;3,4444444444444446;1,0;1,8333333333333333;3,0;3,0
2,0;2,0;1,5;1,0;4,333333333333333;3,5;3,8333333333333335;3,0;3,25
2,0;2,0;2,5;1,0;3,3333333333333335;2,0;2,3333333333333335;3,0;3,75
2,0;2,0;3,5;2,0;4,111111111111111;2,0;2,8333333333333335;2,8;3,25
1,0;4,0;1,0;2,5;4,555555555555555;1,0;2,3333333333333335;4,0;1,75
1,0;4,0;4,0;3,25;5,0;3,5;4,0;2,4;3,0
1,0;4,0;2,0;2,25;3,5555555555555554;2,5;2,1666666666666665;2,8;2,75
1,0;4,0;4,0;3,25;5,0;4,5;3,8333333333333335;3,6;2,5
1,0;4,0;3,5;3,75;4,666666666666667;2,5;3,6666666666666665;3,6;3,25
1,0;4,0;3,5;3,25;4,333333333333333;3,0;1,0;3,6;2,75
1,0;4,0;3,5;3,25;4,444444444444445;2,5;3,1666666666666665;2,8;2,25
1,0;4,0;3,5;3,25;3,111111111111111;1,5;2,8333333333333335;3,0;2,5
1,0;4,0;1,5;2,5;3,5555555555555554;1,5;2,6666666666666665;2,8;2,75
1,0;4,0;2,5;3,5;3,5555555555555554;3,5;2,5;3,4;2,25
1,0;3,0;3,0;1,25;2,5555555555555554;2,0;1,1666666666666667;2,0;3,5
1,0;3,0;1,0;2,5;3,2222222222222223;2,0;3,1666666666666665;3,0;2,25
1,0;3,0;3,0;3,5;4,777777777777778;3,0;2,8333333333333335;4,0;3,5
1,0;3,0;3,0;2,25;4,444444444444445;1,5;3,1666666666666665;2,0;1,5
1,0;3,0;2,5;2,0;3,888888888888889;2,0;2,0;1,0;1,0
1,0;3,0;2,0;3,5;4,111111111111111;3,5;3,5;2,8;2,75
1,0;3,0;2,0;3,5;3,2222222222222223;1,0;2,3333333333333335;2,6;2,5
1,0;3,0;3,5;4,0;4,0;3,5;2,6666666666666665;3,0;3,0
1,0;3,0;1,5;2,75;2,5555555555555554;4,0;3,6666666666666665;4,0;4,0
1,0;3,0;5,0;4,5;4,111111111111111;2,5;2,0;3,6;4,0
2,0;3,0;5,0;2,0;4,777777777777778;2,0;4,0;2,6;1,75
2,0;3,0;3,5;2,75;4,0;2,5;3,0;3,8;3,0
2,0;3,0;5,0;2,5;5,0;3,0;4,0;1,8;2,25
2,0;3,0;3,5;3,0;4,555555555555555;3,0;3,3333333333333335;2,4;2,0
2,0;3,0;3,5;3,0;4,444444444444445;4,5;1,6666666666666667;2,8;2,75
2,0;3,0;4,5;3,75;4,0;4,0;1,8333333333333333;2,6;3,0
2,0;3,0;3,5;3,5;4,333333333333333;1,0;2,8333333333333335;2,0;2,5
2,0;3,0;5,0;2,5;4,888888888888889;4,5;1,1666666666666667;1,8;2,25
2,0;3,0;4,0;3,25;4,444444444444445;3,0;4,0;2,8;2,5
2,0;3,0;4,0;2,25;5,0;4,5;4,0;2,8;2,0
2,0;3,0;3,5;2,5;5,0;3,0;2,6666666666666665;3,4;3,0
2,0;3,0;3,5;3,5;3,6666666666666665;2,5;1,0;3,4;2,5
2,0;3,0;5,0;2,0;3,0;1,0;1,3333333333333333;3,8;3,75
2,0;3,0;3,0;3,75;3,3333333333333335;1,0;2,0;3,4;3,25
2,0;3,0;1,5;3,25;4,666666666666667;4,5;1,8333333333333333;2,8;2,75
2,0;3,0;4,0;2,0;5,0;1,0;2,5;1,8;2,0
2,0;3,0;2,0;3,0;5,0;5,0;4,0;3,2;3,0
2,0;3,0;2,5;3,5;4,555555555555555;2,5;2,3333333333333335;3,2;3,0
2,0;3,0;4,0;3,5;4,666666666666667;3,5;3,3333333333333335;3,0;3,25
2,0;3,0;3,5;2,0;3,3333333333333335;1,5;2,1666666666666665;3,2;3,25
2,0;3,0;5,0;4,25;4,222222222222222;3,5;3,8333333333333335;3,8;3,5
2,0;3,0;4,0;3,25;4,666666666666667;3,5;3,0;3,6;3,0
2,0;3,0;2,0;3,75;4,333333333333333;2,5;3,1666666666666665;3,0;2,5
2,0;3,0;4,5;4,5;4,222222222222222;3,5;2,1666666666666665;3,2;3,25
2,0;3,0;4,5;3,5;4,555555555555555;4,5;3,5;3,0;3,5
2,0;3,0;2,5;2,75;3,888888888888889;2,0;2,0;2,8;2,75
2,0;3,0;3,0;3,0;3,7777777777777777;2,0;3,3333333333333335;2,8;2,75
2,0;3,0;4,0;4,25;4,777777777777778;4,0;3,3333333333333335;3,6;4,0
2,0;3,0;3,0;4,0;2,7777777777777777;1,0;1,6666666666666667;3,2;3,5
2,0;3,0;4,0;4,25;3,6666666666666665;1,0;2,6666666666666665;3,2;3,0
2,0;4,0;3,0;4,25;4,0;4,0;2,6666666666666665;3,6;3,25
2,0;4,0;2,5;3,25;4,111111111111111;1,0;2,0;2,4;3,0
2,0;4,0;2,0;2,25;4,111111111111111;2,0;4,0;3,2;4,0
2,0;4,0;2,5;2,0;3,5555555555555554;1,5;2,5;3,2;3,0
2,0;4,0;3,5;3,0;4,444444444444445;3,0;2,3333333333333335;3,4;3,5
2,0;4,0;3,0;3,75;4,111111111111111;2,5;1,3333333333333333;3,2;2,75
2,0;4,0;5,0;2,75;5,0;5,0;1,1666666666666667;1,6;2,0
2,0;4,0;3,5;2,75;5,0;5,0;2,1666666666666665;3,6;2,75
2,0;4,0;4,0;3,0;3,4444444444444446;2,0;2,5;3,6;3,25
2,0;4,0;5,0;3,5;4,777777777777778;5,0;2,0;3,6;3,25
2,0;2,0;3,5;3,0;3,6666666666666665;1,0;4,0;3,8;3,25
2,0;2,0;2,0;2,75;3,7777777777777777;1,5;1,8333333333333333;3,8;3,0
2,0;2,0;3,0;2,25;2,6666666666666665;1,0;2,0;3,8;3,5
2,0;2,0;4,0;2,25;2,5555555555555554;2,5;2,6666666666666665;3,6;3,25
2,0;2,0;4,0;3,0;3,4444444444444446;3,0;3,0;3,8;3,25
2,0;2,0;2,5;1,75;2,0;1,0;3,8333333333333335;3,4;2,75
2,0;2,0;2,5;2,5;3,6666666666666665;2,0;3,5;3,2;2,75
2,0;2,0;3,0;2,0;3,4444444444444446;2,5;2,6666666666666665;3,2;2,0
2,0;2,0;1,5;1,75;3,111111111111111;1,0;2,6666666666666665;3,0;2,75
2,0;2,0;4,0;2,75;4,333333333333333;1,0;2,0;3,2;2,5
1,0;3,0;4,0;4,0;4,0;4,0;2,6666666666666665;3,0;3,0
1,0;3,0;2,0;1,5;1,3333333333333333;1,0;2,6666666666666665;2,8;3,0
1,0;3,0;3,0;2,75;2,6666666666666665;1,0;3,3333333333333335;2,8;2,5
1,0;3,0;4,0;3,5;3,888888888888889;1,0;2,5;3,2;3,5
1,0;3,0;4,0;2,75;4,555555555555555;2,5;2,5;2,8;3,25
1,0;3,0;4,0;2,75;4,0;4,5;2,5;3,0;2,75
1,0;3,0;1,5;2,0;4,111111111111111;1,0;2,1666666666666665;2,8;2,0
1,0;3,0;3,0;2,5;3,2222222222222223;1,0;3,3333333333333335;2,6;2,0
1,0;3,0;4,5;4,5;4,0;4,0;3,8333333333333335;2,6;2,75
1,0;3,0;4,0;2,5;3,6666666666666665;2,5;1,6666666666666667;2,6;2,75
2,0;2,0;1,0;1,5;4,0;4,0;1,5;2,0;3,0
2,0;2,0;3,0;3,5;4,666666666666667;4,5;2,8333333333333335;3,0;3,0
2,0;2,0;2,5;2,75;4,555555555555555;4,5;2,3333333333333335;3,4;3,25
2,0;2,0;4,0;3,25;4,333333333333333;3,0;2,0;3,2;3,75
2,0;2,0;2,5;4,0;2,5555555555555554;2,0;3,1666666666666665;3,8;2,75
2,0;2,0;2,5;3,25;3,0;1,0;1,6666666666666667;2,4;2,75
2,0;2,0;3,0;3,5;3,7777777777777777;3,5;3,5;3,4;3,25
2,0;2,0;3,0;3,5;4,333333333333333;2,5;2,3333333333333335;2,8;2,75
2,0;2,0;4,0;3,5;4,444444444444445;1,0;3,1666666666666665;3,4;3,0
2,0;2,0;3,0;3,5;3,888888888888889;2,5;3,0;3,0;3,0
2,0;4,0;4,0;3,25;3,5555555555555554;2,0;2,8333333333333335;2,8;3,25
2,0;4,0;5,0;4,75;3,3333333333333335;4,0;3,3333333333333335;4,0;4,0
2,0;4,0;5,0;4,75;4,555555555555555;5,0;2,3333333333333335;3,0;3,25
2,0;4,0;2,0;2,5;3,0;1,0;3,6666666666666665;3,2;3,5
2,0;4,0;4,0;3,25;3,7777777777777777;3,5;2,5;3,0;2,5
2,0;4,0;4,5;4,25;3,2222222222222223;3,5;2,5;2,8;3,75
2,0;4,0;4,0;3,75;3,6666666666666665;2,5;3,1666666666666665;3,2;3,75
2,0;4,0;4,0;3,5;2,6666666666666665;1,0;2,3333333333333335;2,8;3,0
2,0;4,0;3,0;3,0;3,5555555555555554;1,5;2,5;3,0;2,75
2,0;4,0;4,0;3,25;3,5555555555555554;2,5;2,1666666666666665;3,0;3,25
2,0;3,0;5,0;5,0;3,888888888888889;3,0;3,3333333333333335;2,8;2,25
2,0;3,0;4,5;3,5;4,111111111111111;2,5;3,1666666666666665;3,6;3,25
2,0;3,0;4,5;3,5;4,777777777777778;4,0;3,0;3,6;3,25
2,0;3,0;4,0;3,25;4,444444444444445;3,0;3,0;3,6;3,75
2,0;3,0;3,0;5,0;3,111111111111111;3,0;2,1666666666666665;2,8;2,75
2,0;3,0;4,5;2,75;2,4444444444444446;2,0;3,3333333333333335;2,4;1,25
2,0;3,0;3,5;1,75;3,6666666666666665;1,0;1,1666666666666667;2,4;2,75
2,0;3,0;5,0;3,5;5,0;4,5;2,8333333333333335;3,4;3,25
2,0;3,0;3,0;3,5;4,0;4,0;2,0;2,8;3,0
2,0;3,0;5,0;4,0;4,0;4,0;2,1666666666666665;3,6;3,5
2,0;3,0;3,5;3,0;3,888888888888889;4,0;2,1666666666666665;3,2;3,0
2,0;3,0;4,0;4,0;3,888888888888889;4,0;3,0;3,8;4,0
2,0;3,0;2,0;2,5;2,0;1,0;1,8333333333333333;2,6;3,0
2,0;3,0;5,0;2,0;4,888888888888889;2,5;1,8333333333333333;2,4;2,5
2,0;3,0;2,0;2,5;3,4444444444444446;1,0;2,1666666666666665;3,8;2,5
2,0;3,0;4,5;3,75;4,888888888888889;4,5;1,5;2,0;1,25
2,0;3,0;3,5;2,75;3,7777777777777777;1,0;2,3333333333333335;3,8;4,0
2,0;3,0;5,0;4,5;5,0;5,0;2,3333333333333335;4,0;4,0
2,0;3,0;5,0;3,75;4,555555555555555;2,0;3,1666666666666665;4,0;3,75
2,0;3,0;5,0;4,0;3,6666666666666665;1,5;1,0;3,0;3,0
1,0;4,0;5,0;3,5;3,4444444444444446;1,0;2,5;2,8;2,25
1,0;4,0;5,0;3,5;3,7777777777777777;2,5;2,6666666666666665;3,6;3,0
1,0;4,0;4,5;2,0;3,888888888888889;2,5;4,0;3,6;3,0
1,0;4,0;5,0;2,25;4,333333333333333;1,0;2,5;2,8;2,5
1,0;4,0;3,5;2,5;4,444444444444445;2,0;3,8333333333333335;3,4;3,25
1,0;4,0;4,0;2,5;3,2222222222222223;2,0;2,1666666666666665;3,4;3,75
1,0;4,0;3,5;2,75;4,222222222222222;4,0;3,1666666666666665;3,0;2,25
1,0;4,0;4,5;2,75;3,6666666666666665;1,0;1,0;2,8;3,0
1,0;4,0;4,0;3,75;4,444444444444445;2,5;2,8333333333333335;4,0;4,0
1,0;4,0;5,0;4,0;3,888888888888889;2,5;2,5;3,2;3,0
2,0;2,0;4,0;4,0;4,444444444444445;4,5;3,5;3,0;3,25
2,0;2,0;5,0;4,0;4,555555555555555;3,5;2,6666666666666665;3,8;3,75
2,0;2,0;4,0;2,0;4,666666666666667;3,0;3,6666666666666665;3,0;4,0
2,0;2,0;1,0;3,5;4,777777777777778;4,5;4,0;3,6;3,5
2,0;2,0;5,0;4,25;5,0;5,0;2,8333333333333335;3,8;3,5
2,0;2,0;3,5;4,0;5,0;3,5;4,0;4,0;4,0
2,0;2,0;2,0;3,25;2,6666666666666665;1,0;2,5;3,8;3,5
2,0;2,0;4,5;3,0;4,222222222222222;3,0;3,3333333333333335;3,2;2,25
2,0;2,0;2,5;3,75;1,8888888888888888;1,0;2,1666666666666665;2,2;2,0
2,0;2,0;3,0;2,5;4,0;3,0;2,1666666666666665;3,0;3,0
2,0;3,0;3,0;3,5;3,888888888888889;1,0;3,0;2,0;2,0
2,0;3,0;3,0;3,25;4,888888888888889;3,5;2,5;3,2;2,5
2,0;3,0;4,0;3,75;4,333333333333333;2,0;1,8333333333333333;3,6;2,75
2,0;3,0;3,5;4,0;4,0;2,5;2,8333333333333335;3,0;3,0
2,0;3,0;2,0;2,0;3,111111111111111;1,0;1,0;2,6;2,75
2,0;3,0;1,5;4,0;3,0;1,0;2,0;3,8;2,5
2,0;3,0;5,0;4,0;5,0;1,0;3,1666666666666665;4,0;3,75
2,0;3,0;3,0;3,75;5,0;4,0;1,0;3,0;2,5
2,0;3,0;3,5;3,25;3,7777777777777777;3,5;2,1666666666666665;3,6;3,5
2,0;3,0;4,0;3,75;4,666666666666667;1,0;3,1666666666666665;3,4;3,0
2,0;3,0;3,0;2,25;3,3333333333333335;1,0;1,0;2,8;2,75
2,0;3,0;4,0;2,25;4,444444444444445;3,5;3,5;2,2;2,75
2,0;3,0;3,5;2,0;4,111111111111111;2,0;4,0;2,4;2,0
2,0;3,0;2,5;2,25;5,0;3,0;2,8333333333333335;2,2;2,75
2,0;3,0;3,0;3,0;4,0;4,0;3,5;3,2;3,5
2,0;3,0;2,5;2,25;4,222222222222222;2,5;3,0;1,8;2,0
2,0;3,0;4,5;2,5;3,7777777777777777;1,5;3,0;2,4;2,5
2,0;3,0;3,0;3,25;4,0;3,5;4,0;2,6;3,25
2,0;3,0;4,0;2,25;3,7777777777777777;3,0;3,8333333333333335;3,2;3,0
2,0;3,0;4,0;2,75;4,888888888888889;3,5;4,0;2,6;2,5
3,0;3,0;4,5;3,75;3,2222222222222223;1,0;2,1666666666666665;2,8;3,25
3,0;3,0;2,0;3,0;4,333333333333333;2,0;2,8333333333333335;3,4;3,75
3,0;3,0;5,0;2,0;3,7777777777777777;2,0;3,6666666666666665;2,4;2,5
3,0;3,0;4,5;4,0;4,666666666666667;2,5;2,6666666666666665;3,6;3,75
3,0;3,0;3,5;2,0;4,666666666666667;3,0;2,3333333333333335;2,0;1,5
3,0;3,0;3,5;2,5;4,555555555555555;1,0;3,1666666666666665;3,0;3,25
3,0;3,0;4,0;3,0;4,555555555555555;3,5;3,3333333333333335;3,0;2,75
3,0;3,0;4,5;3,25;3,888888888888889;1,5;2,6666666666666665;3,4;3,75
3,0;3,0;5,0;2,0;4,666666666666667;3,0;3,8333333333333335;3,6;3,0
3,0;3,0;2,0;2,25;4,777777777777778;1,0;2,3333333333333335;3,6;3,5
1,0;1,0;2,0;2,0;3,111111111111111;1,0;3,3333333333333335;2,8;2,0
1,0;1,0;1,5;2,0;2,3333333333333335;1,0;2,8333333333333335;2,8;3,0
1,0;1,0;2,0;2,0;1,6666666666666667;1,0;2,1666666666666665;3,2;3,0
2,0;3,0;3,5;2,5;4,666666666666667;2,0;2,6666666666666665;2,4;1,25
2,0;3,0;5,0;3,5;4,0;3,5;3,1666666666666665;4,0;3,75
2,0;3,0;4,5;3,5;4,111111111111111;3,0;3,0;3,2;3,5
2,0;3,0;3,0;3,25;4,333333333333333;1,5;1,5;3,6;3,0
2,0;3,0;3,5;2,5;4,222222222222222;2,5;2,6666666666666665;2,2;1,25
2,0;3,0;5,0;3,25;4,666666666666667;2,5;3,1666666666666665;3,6;3,0
2,0;3,0;5,0;3,5;4,666666666666667;3,5;3,0;3,2;3,5
2,0;3,0;5,0;3,0;4,0;2,5;1,5;2,8;3,0
2,0;3,0;4,0;3,5;4,666666666666667;3,5;2,1666666666666665;4,0;3,5
2,0;3,0;2,0;3,5;4,0;2,5;2,0;3,0;3,25
2,0;3,0;4,5;3,25;4,666666666666667;3,5;4,0;2,8;3,0
2,0;3,0;3,0;2,5;3,888888888888889;2,0;2,1666666666666665;2,8;3,0
2,0;3,0;2,0;2,5;3,888888888888889;3,0;2,6666666666666665;1,4;3,0
2,0;3,0;5,0;3,5;4,555555555555555;2,5;2,6666666666666665;2,2;3,0
2,0;3,0;4,5;3,5;4,333333333333333;4,0;2,8333333333333335;2,8;3,0
2,0;3,0;4,0;3,0;4,0;3,0;3,6666666666666665;2,8;2,25
2,0;3,0;2,5;2,75;3,3333333333333335;2,0;2,6666666666666665;2,8;2,25
2,0;3,0;5,0;3,5;4,666666666666667;5,0;2,6666666666666665;2,8;3,0
2,0;3,0;4,0;4,25;4,0;2,0;2,3333333333333335;2,4;3,75
2,0;3,0;5,0;2,5;5,0;3,0;4,0;2,6;2,75
2,0;2,0;5,0;3,25;3,4444444444444446;2,0;2,6666666666666665;4,0;3,75
2,0;2,0;2,0;4,5;3,0;2,5;2,5;3,4;3,5
2,0;2,0;5,0;4,0;3,2222222222222223;1,0;2,0;4,0;3,25
2,0;2,0;3,0;2,5;3,6666666666666665;1,0;2,3333333333333335;3,2;2,0
2,0;2,0;4,5;3,5;2,111111111111111;1,0;1,6666666666666667;3,8;4,0
2,0;2,0;1,5;2,75;3,2222222222222223;1,0;3,0;4,0;4,0
2,0;2,0;2,5;3,25;3,5555555555555554;4,0;2,6666666666666665;3,8;4,0
2,0;2,0;4,0;2,75;2,4444444444444446;1,0;2,0;3,6;3,5
2,0;2,0;5,0;2,75;2,5555555555555554;2,0;3,1666666666666665;3,4;3,0
2,0;2,0;4,5;1,5;1,5555555555555556;2,0;1,6666666666666667;3,2;3,0
2,0;2,0;2,5;2,5;5,0;4,0;1,0;2,4;2,25
2,0;2,0;5,0;3,25;3,888888888888889;2,5;2,0;3,4;3,5
2,0;2,0;3,0;3,0;4,444444444444445;4,0;3,8333333333333335;3,6;3,25
2,0;2,0;3,0;2,75;3,111111111111111;2,5;2,0;3,0;3,5
2,0;2,0;2,5;2,75;4,0;2,0;2,3333333333333335;3,0;3,25
2,0;2,0;2,0;2,5;3,888888888888889;2,0;3,6666666666666665;3,0;2,75
2,0;2,0;5,0;3,5;4,666666666666667;1,0;3,8333333333333335;3,8;4,0
2,0;2,0;3,0;3,75;3,7777777777777777;3,5;3,0;3,6;3,5
2,0;2,0;3,0;3,5;3,2222222222222223;3,5;3,0;3,2;3,25
2,0;2,0;4,0;3,25;3,111111111111111;1,0;1,3333333333333333;3,4;3,25
2,0;3,0;3,0;2,5;3,4444444444444446;3,0;3,8333333333333335;3,0;2,75
2,0;3,0;3,5;3,75;3,6666666666666665;2,5;1,3333333333333333;2,8;3,0
2,0;3,0;3,5;3,0;3,888888888888889;4,0;3,1666666666666665;3,0;3,0
2,0;3,0;2,5;3,25;4,0;4,5;3,5;2,8;2,75
2,0;3,0;5,0;3,0;5,0;4,0;2,6666666666666665;4,0;3,0
2,0;3,0;4,0;3,0;2,0;1,0;3,1666666666666665;3,2;3,25
2,0;3,0;4,5;3,5;5,0;5,0;4,0;2,8;3,0
2,0;3,0;2,0;1,0;3,3333333333333335;3,5;2,8333333333333335;2,2;1,5
2,0;3,0;3,0;4,0;3,4444444444444446;2,5;2,3333333333333335;3,0;3,0
2,0;3,0;3,5;2,75;3,5555555555555554;4,0;2,8333333333333335;2,6;3,5
1,0;3,0;2,5;2,25;4,555555555555555;2,0;2,3333333333333335;2,4;1,75
1,0;3,0;3,0;2,75;4,555555555555555;2,0;3,0;3,2;3,0
1,0;3,0;2,0;1,5;3,3333333333333335;1,5;2,6666666666666665;2,2;2,25
1,0;3,0;4,0;3,5;4,0;3,0;3,0;3,0;2,5
1,0;3,0;3,0;2,25;4,555555555555555;2,5;3,1666666666666665;2,8;2,5
1,0;3,0;3,0;3,25;4,0;4,0;2,0;3,0;3,0
1,0;3,0;4,0;3,0;4,333333333333333;2,0;3,0;3,2;2,5
1,0;3,0;2,0;2,0;4,888888888888889;2,0;2,6666666666666665;3,0;3,0
1,0;3,0;5,0;3,75;4,888888888888889;3,5;2,5;3,6;3,75
1,0;3,0;4,0;3,25;4,666666666666667;3,5;3,6666666666666665;3,2;3,25
3,0;3,0;2,5;2,75;3,7777777777777777;1,0;3,3333333333333335;2,4;3,0
3,0;3,0;4,5;3,0;4,666666666666667;4,5;2,1666666666666665;2,8;2,75
3,0;3,0;3,0;1,75;2,5555555555555554;1,0;2,8333333333333335;3,0;2,5
3,0;3,0;5,0;3,0;4,444444444444445;1,0;3,8333333333333335;3,2;3,75
3,0;3,0;1,5;1,75;3,0;1,0;2,0;2,2;2,25
3,0;3,0;4,5;2,75;5,0;3,0;3,6666666666666665;2,4;3,0
3,0;3,0;5,0;3,5;4,888888888888889;4,0;3,6666666666666665;3,0;3,0
3,0;3,0;4,5;3,25;4,333333333333333;2,5;3,6666666666666665;2,8;3,25
3,0;3,0;4,5;3,0;4,0;2,0;2,6666666666666665;2,8;3,0
3,0;3,0;4,5;3,25;4,444444444444445;1,0;2,5;2,6;1,5
3,0;3,0;4,0;3,25;3,7777777777777777;1,0;3,3333333333333335;2,2;2,75
3,0;3,0;2,5;2,75;3,7777777777777777;1,0;3,3333333333333335;3,2;3,75
3,0;3,0;5,0;3,75;5,0;3,0;3,5;3,6;3,25
3,0;3,0;4,0;2,75;4,555555555555555;3,0;3,8333333333333335;3,2;3,5
3,0;3,0;4,5;3,0;4,555555555555555;3,0;2,8333333333333335;2,6;3,75
3,0;3,0;4,0;3,75;4,888888888888889;3,0;2,3333333333333335;3,8;3,75
3,0;3,0;3,5;2,75;4,111111111111111;3,5;2,1666666666666665;2,4;3,0
3,0;3,0;3,0;2,75;5,0;3,5;2,3333333333333335;2,4;2,75
3,0;3,0;5,0;2,25;4,222222222222222;3,5;1,0;2,2;1,25
3,0;3,0;5,0;2,25;4,444444444444445;3,0;2,1666666666666665;3,2;3,0
2,0;3,0;4,0;3,25;4,777777777777778;1,0;3,1666666666666665;3,0;3,0
2,0;3,0;5,0;3,25;4,222222222222222;2,5;2,8333333333333335;3,2;3,25
2,0;3,0;4,5;3,75;4,777777777777778;3,0;2,8333333333333335;2,4;2,25
2,0;3,0;5,0;2,5;3,111111111111111;1,0;4,0;3,0;3,25
2,0;3,0;5,0;3,75;4,333333333333333;4,5;2,6666666666666665;2,8;2,75
2,0;3,0;4,5;3,5;4,0;1,0;3,1666666666666665;2,8;3,0
2,0;3,0;4,0;3,0;4,777777777777778;3,5;4,0;2,6;3,5
2,0;3,0;3,0;2,75;4,666666666666667;3,0;4,0;2,0;2,5
2,0;3,0;4,0;2,75;3,6666666666666665;2,5;1,5;2,4;3,0
2,0;3,0;4,0;2,5;4,777777777777778;3,0;3,0;2,4;2,75
3,0;3,0;2,5;2,5;3,6666666666666665;2,5;3,0;3,4;2,75
3,0;3,0;5,0;4,0;4,777777777777778;3,0;2,0;3,0;2,75
3,0;3,0;4,5;3,0;3,2222222222222223;1,0;2,1666666666666665;2,6;3,0
3,0;3,0;4,0;3,5;3,888888888888889;1,0;1,5;3,2;2,5
3,0;3,0;4,0;3,75;4,111111111111111;3,0;1,5;2,6;2,25
3,0;3,0;2,5;2,0;3,6666666666666665;2,0;3,0;2,4;3,0
3,0;3,0;5,0;2,75;4,111111111111111;3,5;2,3333333333333335;2,4;2,25
3,0;3,0;5,0;1,75;4,666666666666667;3,0;2,0;2,8;2,0
3,0;3,0;4,5;3,25;4,333333333333333;3,5;2,5;2,2;2,75
3,0;3,0;4,5;4,0;4,777777777777778;4,0;2,8333333333333335;3,0;3,0
1,0;1,0;1,0;4,0;2,7777777777777777;2,5;1,6666666666666667;3,0;3,5
1,0;1,0;1,0;3,0;2,4444444444444446;3,5;2,0;3,0;3,25
1,0;1,0;2,0;4,25;3,888888888888889;4,0;3,1666666666666665;3,4;3,75
3,0;3,0;4,0;4,0;4,111111111111111;3,0;1,5;2,6;3,0
3,0;3,0;3,5;1,75;3,6666666666666665;1,0;2,0;2,4;3,0
3,0;3,0;4,0;3,75;4,666666666666667;2,0;2,8333333333333335;3,0;3,75
3,0;3,0;2,0;2,75;4,777777777777778;3,0;3,0;3,8;3,75
3,0;3,0;5,0;4,5;5,0;4,5;3,8333333333333335;3,6;3,75
3,0;3,0;4,0;3,0;4,777777777777778;3,5;2,1666666666666665;2,8;2,5
3,0;3,0;2,0;3,0;3,888888888888889;2,0;2,6666666666666665;3,0;2,75
3,0;3,0;3,5;4,5;4,777777777777778;3,0;2,6666666666666665;2,8;2,75
3,0;3,0;5,0;3,0;4,111111111111111;3,5;3,5;4,0;3,75
3,0;3,0;4,5;4,0;4,777777777777778;2,0;3,1666666666666665;3,4;4,0
2,0;2,0;4,5;4,25;3,6666666666666665;3,0;3,6666666666666665;4,0;3,75
2,0;2,0;4,5;3,75;4,111111111111111;4,0;3,1666666666666665;3,2;3,25
2,0;2,0;4,0;3,0;4,555555555555555;4,5;2,6666666666666665;4,0;3,5
2,0;2,0;4,5;4,25;2,6666666666666665;2,5;2,1666666666666665;4,0;4,0
2,0;2,0;4,0;4,0;4,444444444444445;4,0;3,8333333333333335;3,6;4,0
2,0;2,0;2,0;4,0;2,888888888888889;1,0;2,3333333333333335;3,4;3,0
2,0;2,0;5,0;4,0;4,888888888888889;3,0;4,0;3,8;3,5
2,0;2,0;3,5;3,5;3,0;2,5;3,3333333333333335;3,6;3,75
2,0;2,0;5,0;2,0;3,0;3,0;3,0;3,6;4,0
2,0;2,0;1,5;2,25;3,888888888888889;2,5;1,1666666666666667;2,8;3,5
2,0;2,0;1,5;1,5;2,0;2,0;1,5;3,0;3,5
2,0;2,0;3,0;2,25;4,666666666666667;1,0;3,6666666666666665;3,2;3,5
2,0;2,0;1,5;2,5;2,7777777777777777;1,0;3,1666666666666665;3,2;3,5
2,0;2,0;5,0;3,25;2,0;1,0;1,5;3,8;4,0
2,0;2,0;3,0;3,5;3,7777777777777777;4,0;2,5;3,2;3,0
2,0;2,0;2,5;4,0;4,444444444444445;5,0;1,5;3,6;3,75
2,0;2,0;5,0;3,0;3,5555555555555554;1,5;2,0;3,2;3,5
2,0;2,0;4,5;4,25;4,555555555555555;4,5;2,0;3,2;3,5
2,0;2,0;4,5;4,0;3,7777777777777777;2,5;2,6666666666666665;3,6;3,5
2,0;2,0;3,0;4,25;4,444444444444445;3,5;2,5;2,8;2,0
2,0;3,0;3,5;4,25;3,888888888888889;2,5;3,0;3,6;3,25
2,0;3,0;4,5;4,5;4,666666666666667;4,5;2,5;3,4;3,75
2,0;3,0;3,0;2,0;3,3333333333333335;3,0;2,5;3,6;4,0
2,0;3,0;3,0;2,0;4,888888888888889;2,5;3,3333333333333335;2,6;2,5
2,0;3,0;1,5;3,75;4,0;4,0;3,0;3,6;3,25
2,0;3,0;5,0;3,75;4,111111111111111;1,0;4,0;2,8;3,0
2,0;3,0;4,0;4,0;3,4444444444444446;2,5;1,6666666666666667;3,2;2,75
2,0;3,0;3,0;3,75;3,5555555555555554;1,0;2,0;2,8;2,75
2,0;3,0;4,0;2,75;4,444444444444445;2,0;4,0;2,8;3,5
2,0;3,0;5,0;3,5;4,888888888888889;4,0;1,8333333333333333;4,0;4,0
2,0;3,0;5,0;4,5;4,777777777777778;3,5;3,3333333333333335;3,0;3,25
2,0;3,0;4,0;3,25;4,444444444444445;3,0;3,8333333333333335;2,4;2,5
2,0;3,0;5,0;3,75;4,555555555555555;4,5;3,1666666666666665;3,0;3,75
2,0;3,0;3,5;4,0;4,222222222222222;3,0;1,6666666666666667;3,0;3,0
2,0;3,0;5,0;4,5;4,555555555555555;4,5;3,5;4,0;4,0
2,0;3,0;4,0;3,25;4,555555555555555;2,0;4,0;2,8;2,5
2,0;3,0;3,5;2,0;4,0;3,0;1,8333333333333333;2,6;2,0
2,0;3,0;1,5;2,0;3,5555555555555554;2,0;3,0;3,0;2,75
2,0;3,0;5,0;3,5;4,666666666666667;3,0;3,3333333333333335;3,2;4,0
2,0;3,0;4,0;4,0;4,222222222222222;3,5;3,5;3,0;3,0
2,0;3,0;3,5;3,25;4,111111111111111;2,5;1,3333333333333333;2,6;2,5
2,0;3,0;4,5;3,0;4,888888888888889;4,0;3,0;2,4;2,5
2,0;3,0;4,5;3,5;5,0;1,0;3,8333333333333335;2,8;3,0
2,0;3,0;4,0;2,0;3,3333333333333335;1,5;1,3333333333333333;3,0;2,5
2,0;3,0;2,5;4,5;3,888888888888889;3,0;2,5;2,8;2,5
2,0;3,0;4,5;4,25;4,666666666666667;4,0;2,0;3,4;2,75
2,0;3,0;4,5;3,0;4,666666666666667;2,0;2,6666666666666665;2,8;2,25
2,0;3,0;3,5;3,25;4,0;1,0;2,3333333333333335;2,4;2,5
2,0;3,0;5,0;3,5;5,0;2,0;4,0;1,6;2,25
2,0;3,0;4,0;3,0;4,555555555555555;1,0;3,0;2,8;2,25
2,0;4,0;5,0;4,25;4,0;3,5;3,8333333333333335;3,4;3,0
2,0;4,0;2,0;3,75;3,2222222222222223;2,5;2,0;3,4;2,75
2,0;4,0;4,0;5,0;4,0;3,0;2,1666666666666665;3,0;3,0
2,0;4,0;5,0;4,5;4,888888888888889;1,0;3,6666666666666665;3,8;3,75
2,0;4,0;4,0;3,0;2,7777777777777777;1,5;2,8333333333333335;2,8;2,5
2,0;4,0;4,0;3,75;4,0;3,5;2,8333333333333335;3,4;3,25
2,0;4,0;1,5;2,0;2,6666666666666665;2,0;4,0;3,8;4,0
2,0;4,0;2,0;2,25;3,7777777777777777;1,0;1,3333333333333333;2,4;2,25
2,0;4,0;4,0;4,0;2,7777777777777777;2,0;2,1666666666666665;3,6;4,0
2,0;4,0;3,0;3,25;4,333333333333333;3,0;3,3333333333333335;3,0;3,0
1,0;1,0;4,0;2,75;3,4444444444444446;1,0;3,6666666666666665;4,0;3,75
1,0;1,0;1,5;2,5;3,2222222222222223;2,0;2,6666666666666665;3,4;2,0
1,0;1,0;3,0;2,5;3,3333333333333335;2,5;3,6666666666666665;4,0;3,75
2,0;2,0;5,0;3,75;4,0;3,5;3,0;4,0;3,75
2,0;2,0;3,5;4,0;4,444444444444445;4,0;1,8333333333333333;3,2;3,25
2,0;2,0;4,5;3,0;4,555555555555555;1,0;3,3333333333333335;3,0;3,25
2,0;2,0;5,0;4,0;4,0;3,5;2,3333333333333335;3,6;3,75
2,0;2,0;4,0;4,0;3,0;1,0;3,3333333333333335;3,2;3,0
2,0;2,0;3,5;3,0;2,7777777777777777;1,0;2,3333333333333335;3,4;2,5
2,0;2,0;2,5;3,0;2,7777777777777777;1,5;1,3333333333333333;3,8;3,5
2,0;2,0;3,5;3,5;4,333333333333333;2,5;1,0;3,4;3,25
2,0;2,0;4,5;3,5;4,555555555555555;1,5;3,8333333333333335;3,6;3,75
2,0;2,0;1,5;3,0;2,6666666666666665;2,5;2,6666666666666665;2,6;2,25
2,0;3,0;5,0;3,5;4,777777777777778;3,0;3,1666666666666665;3,4;3,25
2,0;3,0;3,5;2,5;4,0;2,5;1,6666666666666667;2,8;2,5
2,0;3,0;4,5;3,25;4,888888888888889;2,5;3,3333333333333335;3,8;2,75
2,0;3,0;4,0;3,0;4,888888888888889;5,0;3,8333333333333335;2,8;2,25
2,0;3,0;5,0;4,0;5,0;5,0;2,8333333333333335;3,6;4,0
2,0;3,0;5,0;4,25;4,777777777777778;3,5;3,5;3,0;3,0
2,0;3,0;4,0;3,25;3,6666666666666665;3,0;3,3333333333333335;3,0;2,5
2,0;3,0;5,0;3,75;4,0;2,5;3,1666666666666665;2,8;2,75
2,0;3,0;4,0;3,5;4,0;2,5;2,0;3,0;3,0
2,0;3,0;3,5;3,0;4,555555555555555;3,5;2,1666666666666665;3,4;2,5
2,0;3,0;5,0;3,0;4,111111111111111;1,0;3,6666666666666665;2,0;3,75
2,0;3,0;4,5;3,5;4,444444444444445;3,0;2,8333333333333335;3,2;3,75
2,0;3,0;4,5;4,5;3,7777777777777777;4,0;3,5;2,8;4,0
2,0;3,0;3,0;3,25;4,333333333333333;2,0;3,5;2,8;2,75
2,0;3,0;4,0;3,5;3,7777777777777777;3,5;1,8333333333333333;3,0;3,0
2,0;3,0;3,0;2,0;4,0;2,0;2,6666666666666665;3,4;3,0
2,0;3,0;5,0;4,0;4,0;4,0;2,0;4,0;4,0
2,0;3,0;3,0;2,25;3,888888888888889;1,0;2,6666666666666665;2,8;2,25
2,0;3,0;4,5;3,25;5,0;3,0;2,1666666666666665;3,4;3,75
2,0;3,0;5,0;3,25;4,0;3,5;3,0;2,8;4,0
2,0;2,0;3,0;1,0;2,5555555555555554;2,0;1,6666666666666667;3,4;4,0
2,0;2,0;4,0;2,0;2,888888888888889;1,5;2,5;3,6;2,0
2,0;2,0;3,0;2,25;3,5555555555555554;1,0;3,8333333333333335;3,6;3,5
2,0;2,0;3,0;2,25;3,0;1,0;2,0;3,0;2,75
2,0;2,0;3,0;1,5;2,7777777777777777;2,5;2,6666666666666665;3,2;3,75
2,0;2,0;2,5;4,25;3,888888888888889;3,5;2,8333333333333335;3,6;3,0
2,0;2,0;1,5;2,5;5,0;5,0;3,1666666666666665;2,8;3,5
2,0;2,0;2,0;1,75;3,2222222222222223;3,0;2,3333333333333335;3,2;2,5
2,0;2,0;3,0;2,5;3,5555555555555554;2,5;3,5;4,0;3,25
2,0;2,0;3,0;3,25;4,333333333333333;4,0;1,5;4,0;3,5
2,0;4,0;4,5;3,5;4,222222222222222;3,0;3,1666666666666665;2,8;2,0
2,0;4,0;1,5;2,75;4,444444444444445;2,0;3,3333333333333335;3,6;3,0
2,0;4,0;4,5;3,75;4,888888888888889;4,5;2,8333333333333335;3,4;4,0
2,0;4,0;3,5;1,75;3,4444444444444446;1,0;2,0;3,0;3,5
2,0;4,0;5,0;3,5;5,0;4,0;2,6666666666666665;3,6;3,75
2,0;4,0;4,0;3,0;4,777777777777778;3,5;1,0;3,2;3,75
2,0;4,0;2,5;3,0;3,6666666666666665;2,0;3,5;3,2;3,25
2,0;4,0;5,0;3,75;3,5555555555555554;3,5;1,1666666666666667;2,8;2,75
2,0;4,0;2,0;2,5;3,5555555555555554;1,0;3,0;2,2;2,25
2,0;4,0;3,5;4,25;3,6666666666666665;2,5;2,5;2,4;1,25
2,0;3,0;5,0;2,5;4,666666666666667;2,5;3,6666666666666665;3,8;3,5
2,0;3,0;3,0;2,75;2,5555555555555554;1,0;1,5;2,8;2,75
2,0;3,0;3,5;3,75;5,0;4,0;4,0;2,4;3,25
2,0;3,0;3,5;2,25;4,555555555555555;3,0;3,3333333333333335;2,6;2,75
2,0;3,0;2,5;2,5;4,666666666666667;3,5;3,1666666666666665;3,2;3,25
2,0;3,0;5,0;2,0;4,333333333333333;4,0;1,8333333333333333;3,0;3,0
2,0;3,0;3,0;2,0;4,666666666666667;3,0;2,8333333333333335;3,0;3,0
2,0;3,0;5,0;1,25;4,222222222222222;3,0;2,6666666666666665;2,6;3,25
2,0;3,0;4,0;3,0;2,7777777777777777;2,0;4,0;3,6;4,0
2,0;3,0;2,0;3,25;4,666666666666667;3,0;1,3333333333333333;3,0;3,75
1,0;2,0;4,0;2,0;4,111111111111111;2,5;4,0;3,0;3,5
1,0;2,0;2,5;3,5;3,0;2,0;3,0;3,2;3,5
1,0;2,0;3,0;1,5;4,333333333333333;3,5;3,1666666666666665;3,0;2,75
1,0;2,0;2,0;2,5;2,3333333333333335;1,0;1,0;3,2;2,75
1,0;2,0;1,5;2,75;3,7777777777777777;1,0;3,6666666666666665;2,4;1,75
1,0;2,0;2,0;2,25;3,3333333333333335;3,0;2,3333333333333335;3,6;3,5
1,0;2,0;3,5;1,5;3,7777777777777777;3,5;3,3333333333333335;3,0;2,5
1,0;2,0;3,5;3,75;3,6666666666666665;4,0;3,3333333333333335;2,0;2,5
1,0;2,0;2,0;1,75;1,0;1,0;1,6666666666666667;3,8;4,0
1,0;2,0;2,5;3,25;3,111111111111111;4,0;2,1666666666666665;2,0;2,25
3,0;3,0;4,0;1,5;4,222222222222222;2,0;2,1666666666666665;3,2;3,0
3,0;3,0;5,0;3,0;4,888888888888889;4,0;2,3333333333333335;2,8;3,75
3,0;3,0;4,5;2,25;4,777777777777778;3,5;2,3333333333333335;3,0;3,0
3,0;3,0;4,0;2,25;4,888888888888889;2,5;3,8333333333333335;3,2;3,75
3,0;3,0;2,0;2,75;4,555555555555555;3,5;1,8333333333333333;3,0;3,0
3,0;3,0;3,5;3,0;4,444444444444445;4,0;2,1666666666666665;3,4;3,75
3,0;3,0;3,5;2,5;4,666666666666667;3,5;3,5;2,8;4,0
3,0;3,0;3,0;2,25;4,666666666666667;2,5;2,1666666666666665;2,4;3,0
3,0;3,0;3,5;1,75;3,6666666666666665;1,5;2,1666666666666665;2,6;3,25
3,0;3,0;3,0;2,25;4,333333333333333;2,0;3,1666666666666665;2,4;3,25
2,0;3,0;2,0;1,75;3,2222222222222223;1,0;3,5;2,0;2,75
2,0;3,0;5,0;3,0;4,777777777777778;1,0;3,0;3,4;3,25
2,0;3,0;2,5;2,25;3,7777777777777777;2,0;3,3333333333333335;2,8;2,25
2,0;3,0;2,5;3,25;4,111111111111111;1,0;3,0;3,2;2,75
2,0;3,0;4,5;2,0;4,555555555555555;1,0;3,3333333333333335;2,6;2,0
2,0;3,0;4,5;3,25;4,555555555555555;3,5;3,1666666666666665;2,4;2,0
2,0;3,0;4,5;3,75;5,0;4,0;2,6666666666666665;4,0;4,0
2,0;3,0;3,5;3,0;3,6666666666666665;1,0;2,6666666666666665;2,4;2,5
2,0;3,0;4,5;3,0;3,888888888888889;2,0;1,0;3,2;3,0
2,0;3,0;5,0;2,25;4,777777777777778;2,0;3,0;2,2;3,0
2,0;3,0;4,0;3,5;3,5555555555555554;1,0;1,8333333333333333;3,0;2,5
2,0;3,0;4,0;2,75;4,777777777777778;3,5;2,6666666666666665;2,6;2,5
2,0;3,0;5,0;3,75;4,777777777777778;3,5;3,1666666666666665;3,2;3,5
2,0;3,0;5,0;2,5;4,555555555555555;1,0;3,1666666666666665;3,0;3,75
2,0;3,0;3,0;4,0;4,444444444444445;4,0;2,8333333333333335;2,8;2,5
2,0;3,0;2,0;3,25;4,0;4,0;1,1666666666666667;2,8;2,75
2,0;3,0;5,0;5,0;5,0;4,0;3,0;3,2;2,75
2,0;3,0;4,0;4,0;4,111111111111111;2,5;2,6666666666666665;3,0;3,0
2,0;3,0;5,0;4,0;4,555555555555555;3,0;1,1666666666666667;2,4;3,25
2,0;3,0;4,5;3,5;4,888888888888889;2,5;3,1666666666666665;3,8;4,0
2,0;2,0;1,5;2,0;2,111111111111111;3,0;2,0;1,8;4,0
2,0;2,0;1,5;2,5;2,5555555555555554;1,0;1,3333333333333333;2,6;2,0
2,0;2,0;1,0;2,25;2,0;1,0;1,3333333333333333;3,2;2,75
2,0;2,0;2,0;3,5;4,111111111111111;3,0;3,8333333333333335;4,0;3,25
2,0;2,0;2,0;2,5;4,222222222222222;1,0;2,5;2,8;3,0
2,0;2,0;4,5;3,5;3,6666666666666665;4,0;2,0;3,0;3,5
2,0;2,0;2,5;2,5;4,777777777777778;4,0;3,5;3,8;2,75
2,0;2,0;2,0;2,25;2,111111111111111;1,5;2,3333333333333335;3,6;3,5
2,0;2,0;3,5;2,75;4,444444444444445;3,5;2,5;3,2;3,75
2,0;2,0;3,0;3,75;2,6666666666666665;1,0;3,3333333333333335;3,8;4,0
2,0;3,0;5,0;3,75;4,333333333333333;2,5;2,0;3,6;3,0
2,0;3,0;4,5;3,25;3,888888888888889;3,5;3,6666666666666665;3,6;3,75
2,0;3,0;5,0;3,5;4,111111111111111;3,0;3,5;3,0;3,0
2,0;3,0;5,0;3,0;4,555555555555555;3,5;2,3333333333333335;3,0;3,5
2,0;3,0;2,0;2,0;3,3333333333333335;2,5;3,6666666666666665;2,6;1,75
2,0;3,0;2,5;2,5;4,0;2,5;2,1666666666666665;3,2;3,25
2,0;3,0;3,5;2,5;4,444444444444445;3,5;4,0;2,4;2,5
2,0;3,0;3,5;2,25;4,111111111111111;3,5;3,1666666666666665;2,6;2,75
2,0;3,0;3,0;2,75;4,111111111111111;1,0;2,3333333333333335;2,4;2,0
2,0;3,0;3,0;2,0;4,111111111111111;3,0;2,6666666666666665;2,8;3,0
2,0;3,0;3,5;2,75;4,0;1,0;2,5;3,2;2,75
2,0;3,0;4,5;2,5;4,333333333333333;2,5;3,1666666666666665;2,6;2,75
2,0;3,0;3,0;3,0;3,7777777777777777;3,5;1,0;3,0;3,0
2,0;3,0;5,0;4,0;5,0;5,0;3,0;3,0;3,5
2,0;3,0;3,0;2,25;1,7777777777777777;1,0;3,5;2,2;2,25
2,0;3,0;3,5;3,25;3,3333333333333335;1,0;3,1666666666666665;2,8;2,75
2,0;3,0;4,0;2,5;4,0;2,5;3,6666666666666665;3,0;2,5
2,0;3,0;4,0;3,25;4,111111111111111;3,0;2,5;2,6;2,75
2,0;3,0;3,5;2,0;4,444444444444445;3,0;2,6666666666666665;2,2;1,0
2,0;3,0;1,5;1,75;1,7777777777777777;1,5;1,5;2,8;3,0
1,0;1,0;2,5;3,0;3,0;2,5;3,6666666666666665;3,8;4,0
1,0;1,0;2,5;3,0;3,2222222222222223;2,5;3,8333333333333335;3,2;3,75
1,0;1,0;1,5;2,75;3,6666666666666665;2,0;3,8333333333333335;3,6;2,75
3,0;3,0;4,5;2,5;4,666666666666667;2,0;1,0;2,4;2,25
3,0;3,0;3,0;3,0;4,111111111111111;3,5;2,6666666666666665;3,4;3,0
3,0;3,0;3,0;2,5;4,555555555555555;3,5;2,3333333333333335;2,8;3,0
3,0;3,0;3,0;2,5;5,0;3,5;1,3333333333333333;3,4;3,25
3,0;3,0;5,0;5,0;5,0;5,0;3,5;4,0;4,0
3,0;3,0;4,5;3,5;4,888888888888889;5,0;1,6666666666666667;3,2;3,0
3,0;3,0;4,0;2,75;4,222222222222222;4,0;2,5;2,8;2,75
3,0;3,0;5,0;3,0;5,0;4,5;3,1666666666666665;3,0;2,75
3,0;3,0;4,0;3,75;4,777777777777778;3,5;3,1666666666666665;3,0;3,25
3,0;3,0;2,5;3,0;4,333333333333333;1,5;1,5;3,4;2,5
2,0;2,0;4,0;1,75;1,8888888888888888;1,0;1,3333333333333333;3,4;3,5
2,0;2,0;5,0;3,5;3,0;1,0;2,3333333333333335;3,6;3,5
2,0;2,0;4,5;2,25;2,3333333333333335;1,0;3,5;3,6;3,75
2,0;2,0;3,0;2,75;3,111111111111111;2,0;2,0;2,8;3,75
2,0;2,0;4,5;2,5;4,444444444444445;4,5;4,0;3,0;3,0
2,0;2,0;4,0;3,75;4,0;3,5;3,1666666666666665;3,8;4,0
2,0;2,0;2,5;3,0;3,2222222222222223;2,5;3,0;2,2;2,5
2,0;2,0;5,0;3,25;4,222222222222222;3,5;3,8333333333333335;3,0;3,0
2,0;2,0;3,0;1,0;4,0;4,5;4,0;3,0;3,0
2,0;2,0;4,0;4,0;2,5555555555555554;2,0;2,0;3,4;3,25
2,0;3,0;4,0;2,5;3,6666666666666665;4,0;2,6666666666666665;1,8;3,0
2,0;3,0;4,5;3,5;3,7777777777777777;2,0;3,1666666666666665;2,6;1,5
2,0;3,0;4,5;3,75;3,0;2,0;2,8333333333333335;3,0;2,5
2,0;3,0;3,5;3,5;3,3333333333333335;2,0;2,8333333333333335;2,6;3,75
2,0;3,0;3,5;2,5;4,0;2,5;3,0;2,2;2,75
2,0;3,0;1,5;3,25;2,5555555555555554;1,0;2,0;2,4;3,0
2,0;3,0;2,0;2,25;3,6666666666666665;3,0;2,0;2,8;2,0
2,0;3,0;2,5;3,25;4,0;4,0;2,3333333333333335;2,8;2,75
2,0;3,0;3,5;2,75;3,3333333333333335;2,0;2,5;2,4;2,75
2,0;3,0;1,0;1,0;2,5555555555555554;1,0;1,5;1,2;1,5
2,0;3,0;2,5;2,0;4,333333333333333;3,5;2,1666666666666665;1,8;1,0
2,0;3,0;4,0;3,25;3,888888888888889;3,5;2,1666666666666665;3,0;2,75
2,0;3,0;4,0;3,75;3,888888888888889;3,5;2,5;3,2;2,75
2,0;3,0;2,0;2,75;4,777777777777778;3,5;3,1666666666666665;2,8;3,0
2,0;3,0;4,0;3,5;5,0;4,5;3,3333333333333335;2,8;3,0
2,0;3,0;1,0;2,5;2,4444444444444446;1,0;2,8333333333333335;3,8;2,75
2,0;3,0;2,5;3,0;2,5555555555555554;3,0;1,5;2,8;3,75
2,0;3,0;5,0;3,0;5,0;3,5;4,0;2,4;2,5
2,0;3,0;4,0;4,0;3,888888888888889;3,5;2,0;3,0;3,0
2,0;3,0;3,5;3,75;4,333333333333333;3,5;3,0;3,4;3,25
2,0;3,0;4,0;3,5;3,888888888888889;4,0;2,6666666666666665;3,0;3,75
2,0;3,0;4,0;3,5;3,888888888888889;1,5;3,3333333333333335;2,6;2,5
2,0;3,0;1,5;3,0;2,888888888888889;1,0;2,0;2,6;2,75
2,0;3,0;3,5;3,0;3,7777777777777777;2,0;2,0;2,8;2,0
2,0;3,0;2,5;3,25;3,6666666666666665;1,5;1,1666666666666667;3,2;2,25
2,0;3,0;2,0;3,5;4,888888888888889;4,0;2,5;3,8;3,75
2,0;3,0;3,0;3,25;4,444444444444445;1,0;2,1666666666666665;2,6;2,5
2,0;3,0;3,5;3,25;3,6666666666666665;3,0;2,1666666666666665;3,4;2,75
2,0;3,0;4,0;2,0;4,222222222222222;2,5;2,3333333333333335;2,4;2,0
2,0;3,0;2,5;1,75;4,444444444444445;1,0;2,8333333333333335;2,4;2,75
3,0;3,0;3,0;4,25;5,0;4,0;1,5;3,8;3,75
3,0;3,0;5,0;3,75;4,222222222222222;1,0;2,8333333333333335;3,4;2,5
3,0;3,0;4,0;3,25;5,0;5,0;3,1666666666666665;4,0;4,0
3,0;3,0;4,0;3,5;4,666666666666667;3,0;3,1666666666666665;3,2;2,75
3,0;3,0;5,0;3,5;5,0;4,0;1,5;3,8;4,0
3,0;3,0;3,0;3,25;4,333333333333333;3,0;1,3333333333333333;3,2;3,0
3,0;3,0;4,0;2,25;5,0;3,5;2,5;3,8;3,5
3,0;3,0;4,5;4,0;4,333333333333333;3,5;3,3333333333333335;3,0;3,5
3,0;3,0;3,0;3,0;4,777777777777778;2,5;2,5;3,2;3,25
3,0;3,0;4,5;3,5;5,0;3,5;2,8333333333333335;3,6;3,75
3,0;3,0;4,0;3,0;4,0;4,0;3,1666666666666665;2,4;2,25
3,0;3,0;2,5;3,25;5,0;3,5;2,0;3,8;3,25
3,0;3,0;5,0;2,75;5,0;2,5;3,5;3,6;3,5
3,0;3,0;3,5;3,25;4,222222222222222;3,0;2,3333333333333335;3,0;3,0
3,0;3,0;4,5;4,0;4,222222222222222;3,0;2,6666666666666665;3,0;3,0
3,0;3,0;4,0;3,75;4,666666666666667;4,0;3,6666666666666665;3,0;3,75
3,0;3,0;4,0;4,0;4,888888888888889;3,5;2,1666666666666665;3,8;4,0
3,0;3,0;2,5;2,5;4,333333333333333;3,0;3,1666666666666665;2,2;2,75
3,0;3,0;3,5;3,0;4,555555555555555;3,0;2,8333333333333335;3,4;3,0
3,0;3,0;3,0;3,5;4,444444444444445;1,0;2,8333333333333335;3,4;2,25
1,0;2,0;1,0;2,0;3,888888888888889;1,0;2,5;2,2;2,75
1,0;2,0;1,5;3,5;3,7777777777777777;2,5;2,0;3,4;3,5
1,0;2,0;2,0;2,25;2,888888888888889;1,5;2,5;2,8;3,5
1,0;2,0;4,0;4,25;3,3333333333333335;1,0;3,6666666666666665;2,6;4,0
1,0;2,0;3,0;2,25;2,6666666666666665;3,0;2,1666666666666665;3,0;3,25
1,0;2,0;2,5;1,75;3,111111111111111;4,5;1,8333333333333333;3,2;2,5
1,0;2,0;3,0;2,5;1,7777777777777777;1,0;2,1666666666666665;3,0;3,25
1,0;2,0;4,0;2,75;4,222222222222222;2,5;3,8333333333333335;3,4;3,25
1,0;2,0;2,0;3,0;2,4444444444444446;2,0;1,1666666666666667;3,8;3,5
1,0;2,0;3,0;3,25;2,4444444444444446;1,5;3,6666666666666665;3,0;3,0
1,0;2,0;4,0;2,5;4,666666666666667;3,0;4,0;3,0;2,75
1,0;2,0;4,5;3,5;4,111111111111111;2,5;2,1666666666666665;2,8;2,75
1,0;2,0;2,0;2,0;4,111111111111111;1,0;3,3333333333333335;2,8;3,25
1,0;2,0;1,0;2,25;1,7777777777777777;1,0;1,0;3,8;3,25
1,0;2,0;3,0;2,75;4,0;3,5;3,5;2,4;2,5
1,0;2,0;4,5;2,75;3,2222222222222223;3,0;2,8333333333333335;3,0;2,25
1,0;2,0;3,0;2,25;4,222222222222222;3,0;3,6666666666666665;2,8;3,0
1,0;2,0;3,0;3,25;2,111111111111111;2,5;4,0;3,6;3,0
1,0;2,0;3,0;2,0;2,7777777777777777;4,0;1,8333333333333333;2,2;2,5
1,0;2,0;4,0;3,0;5,0;3,0;1,0;2,8;3,25
3,0;3,0;3,0;2,5;4,666666666666667;3,0;2,8333333333333335;2,8;2,25
3,0;3,0;4,5;3,75;5,0;1,0;2,5;3,4;3,25
3,0;3,0;2,5;3,5;4,444444444444445;1,0;1,8333333333333333;3,2;3,0
3,0;3,0;5,0;5,0;2,4444444444444446;2,5;3,0;3,6;1,5
3,0;3,0;3,5;4,0;4,333333333333333;2,5;3,0;4,0;3,25
3,0;3,0;5,0;4,5;5,0;3,0;3,0;3,2;3,25
3,0;3,0;3,5;3,25;4,555555555555555;3,0;3,0;3,2;3,25
3,0;3,0;3,5;3,5;4,444444444444445;2,5;2,3333333333333335;2,6;2,5
3,0;3,0;5,0;4,25;5,0;5,0;2,8333333333333335;3,8;3,5
3,0;3,0;5,0;3,75;4,777777777777778;2,5;3,5;3,4;4,0
2,0;3,0;4,5;1,5;5,0;3,0;2,1666666666666665;2,8;3,25
2,0;3,0;2,0;2,25;4,0;3,0;2,6666666666666665;2,0;2,75
2,0;3,0;2,0;3,0;3,4444444444444446;1,0;3,6666666666666665;2,8;3,0
2,0;3,0;4,5;3,5;4,444444444444445;3,5;2,5;3,2;3,25
2,0;3,0;2,5;4,5;3,3333333333333335;1,0;2,6666666666666665;2,6;2,75
2,0;3,0;2,0;2,75;3,6666666666666665;1,0;3,0;3,0;2,5
2,0;3,0;3,0;3,5;3,4444444444444446;2,5;2,6666666666666665;2,6;3,0
2,0;3,0;4,5;4,5;3,4444444444444446;3,0;1,1666666666666667;3,0;2,5
2,0;3,0;5,0;3,25;2,888888888888889;1,0;3,0;2,8;2,5
2,0;3,0;2,0;3,0;3,888888888888889;2,5;2,6666666666666665;2,8;3,0
2,0;2,0;2,5;2,75;3,5555555555555554;3,0;3,3333333333333335;3,0;3,75
2,0;2,0;3,0;2,75;4,0;3,0;2,5;3,2;3,5
2,0;2,0;2,5;2,75;3,888888888888889;1,5;2,0;3,6;4,0
2,0;2,0;5,0;1,0;1,0;1,0;1,0;3,6;3,25
2,0;2,0;5,0;1,25;4,888888888888889;4,5;3,5;1,6;3,0
2,0;2,0;1,0;1,0;1,0;1,0;2,5;2,4;1,75
2,0;2,0;1,5;2,0;4,444444444444445;3,0;1,0;2,6;2,75
2,0;2,0;3,5;4,0;3,888888888888889;3,5;4,0;3,2;3,25
2,0;2,0;4,0;3,0;1,7777777777777777;1,0;3,3333333333333335;3,0;3,25
2,0;2,0;2,0;2,25;3,111111111111111;1,0;3,0;2,6;2,75
3,0;3,0;3,0;2,5;4,888888888888889;3,0;3,5;2,2;2,5
3,0;3,0;2,5;2,75;3,7777777777777777;1,5;3,1666666666666665;3,2;2,75
3,0;3,0;5,0;3,0;4,777777777777778;3,5;1,8333333333333333;3,2;2,75
3,0;3,0;4,0;3,0;4,666666666666667;2,0;2,5;2,6;2,5
3,0;3,0;3,5;3,0;4,222222222222222;2,0;2,8333333333333335;2,4;2,25
3,0;3,0;5,0;4,0;5,0;2,0;1,0;3,8;3,75
3,0;3,0;4,5;2,75;4,777777777777778;2,5;2,8333333333333335;3,0;2,5
3,0;3,0;2,5;2,0;4,444444444444445;2,5;1,8333333333333333;2,2;2,0
3,0;3,0;4,0;3,0;4,111111111111111;4,0;2,3333333333333335;4,0;4,0
3,0;3,0;4,0;3,5;4,666666666666667;1,0;3,5;2,4;2,5
1,0;1,0;2,0;2,75;4,0;2,5;3,1666666666666665;3,2;3,0
1,0;1,0;4,5;3,25;3,2222222222222223;3,0;3,0;2,8;3,5
1,0;1,0;3,0;2,75;3,4444444444444446;1,5;3,1666666666666665;3,4;3,5
1,0;3,0;2,0;2,25;4,0;4,0;2,0;3,0;2,0
1,0;3,0;5,0;2,75;4,222222222222222;3,0;3,3333333333333335;3,2;3,0
1,0;3,0;5,0;5,0;3,3333333333333335;3,0;1,1666666666666667;3,2;2,75
1,0;3,0;5,0;4,25;3,2222222222222223;1,5;4,0;2,8;2,0
1,0;3,0;5,0;4,0;1,8888888888888888;1,0;4,0;2,8;2,5
1,0;3,0;2,0;2,75;2,6666666666666665;2,0;3,3333333333333335;3,0;3,25
1,0;3,0;4,0;4,0;4,0;4,0;2,5;3,2;2,75
1,0;3,0;1,5;3,0;4,222222222222222;3,5;3,6666666666666665;2,4;1,75
1,0;3,0;3,5;2,75;4,555555555555555;4,0;3,8333333333333335;3,0;2,75
1,0;3,0;4,0;2,0;3,2222222222222223;1,0;2,8333333333333335;2,0;1,75
1,0;2,0;2,5;4,25;3,6666666666666665;1,5;2,3333333333333335;3,6;3,75
1,0;2,0;3,0;4,0;4,555555555555555;5,0;3,5;3,6;4,0
1,0;2,0;2,0;3,25;3,2222222222222223;2,0;2,5;2,8;3,0
1,0;2,0;2,5;3,5;3,2222222222222223;1,0;4,0;3,6;3,25
1,0;2,0;4,0;3,5;4,0;5,0;4,0;3,2;3,25
1,0;2,0;5,0;2,0;2,888888888888889;2,0;3,5;3,6;3,25
1,0;2,0;1,5;3,25;3,888888888888889;1,0;3,5;3,0;3,25
1,0;2,0;3,0;2,0;2,5555555555555554;2,0;2,0;3,2;3,75
1,0;2,0;2,0;1,75;3,6666666666666665;1,0;3,6666666666666665;3,4;3,25
1,0;2,0;4,5;2,75;5,0;5,0;3,6666666666666665;3,6;3,5
2,0;3,0;3,5;3,0;5,0;4,5;2,6666666666666665;3,8;3,25
2,0;3,0;4,0;2,25;4,777777777777778;5,0;4,0;3,4;3,25
2,0;3,0;4,0;2,5;4,111111111111111;2,5;1,3333333333333333;3,4;3,75
2,0;3,0;3,0;3,25;3,4444444444444446;3,0;2,1666666666666665;3,0;3,25
2,0;3,0;3,0;3,0;4,444444444444445;2,5;3,6666666666666665;3,2;3,25
2,0;3,0;3,5;2,0;2,2222222222222223;1,0;1,5;3,2;2,75
2,0;3,0;2,5;2,5;3,888888888888889;3,0;2,5;2,8;2,5
2,0;3,0;3,5;2,5;3,888888888888889;1,0;2,6666666666666665;3,0;1,75
2,0;3,0;3,0;3,25;4,222222222222222;1,0;3,5;3,2;2,75
2,0;3,0;5,0;4,0;3,3333333333333335;1,0;1,5;3,2;3,75
2,0;2,0;3,5;3,0;4,555555555555555;3,0;3,3333333333333335;2,6;3,75
2,0;2,0;1,0;2,75;3,111111111111111;2,5;2,1666666666666665;3,4;3,25
2,0;2,0;5,0;3,75;3,888888888888889;4,0;3,5;3,4;3,0
2,0;2,0;4,5;2,75;3,3333333333333335;2,5;3,5;3,4;3,5
2,0;2,0;3,5;4,5;4,444444444444445;3,0;4,0;3,8;3,75
2,0;2,0;2,5;2,75;4,0;1,0;2,6666666666666665;3,8;3,25
2,0;2,0;2,0;3,0;2,0;2,5;2,8333333333333335;3,2;3,5
2,0;2,0;2,0;3,25;3,7777777777777777;1,0;3,8333333333333335;3,4;3,5
2,0;2,0;1,0;2,0;3,4444444444444446;1,0;2,5;2,4;1,5
2,0;2,0;2,0;2,25;2,4444444444444446;1,5;2,5;3,2;3,5
2,0;2,0;4,0;2,5;3,5555555555555554;2,0;3,6666666666666665;3,2;3,25
2,0;2,0;1,5;2,5;3,6666666666666665;1,0;2,8333333333333335;3,4;3,5
2,0;2,0;4,5;2,0;1,0;1,0;3,6666666666666665;3,6;3,25
2,0;2,0;4,0;2,75;3,3333333333333335;3,0;3,0;4,0;4,0
2,0;2,0;4,5;2,5;3,3333333333333335;1,0;3,3333333333333335;3,4;3,75
2,0;2,0;4,5;2,0;3,7777777777777777;2,0;1,3333333333333333;3,4;3,5
2,0;2,0;4,5;2,5;3,7777777777777777;1,0;2,0;3,8;3,75
2,0;2,0;4,0;3,25;2,3333333333333335;1,0;2,0;3,6;3,75
2,0;2,0;2,0;2,75;3,888888888888889;2,0;3,5;3,0;3,25
2,0;2,0;2,0;2,0;4,444444444444445;5,0;3,8333333333333335;3,8;3,25
3,0;3,0;2,0;3,25;4,555555555555555;4,5;3,1666666666666665;2,8;3,25
3,0;3,0;3,0;3,0;3,2222222222222223;1,0;2,3333333333333335;3,2;3,5
3,0;3,0;4,5;3,25;4,444444444444445;4,0;2,1666666666666665;2,8;3,0
3,0;3,0;3,0;2,25;4,666666666666667;3,0;3,8333333333333335;3,4;3,25
3,0;3,0;3,5;1,5;3,4444444444444446;1,0;3,5;2,6;3,75
3,0;3,0;4,0;2,75;3,2222222222222223;1,0;2,1666666666666665;3,4;2,75
2,0;4,0;2,0;3,0;3,6666666666666665;3,0;3,3333333333333335;3,0;2,25
2,0;4,0;4,0;3,0;3,888888888888889;3,0;2,8333333333333335;3,0;3,25
2,0;4,0;3,0;2,5;4,333333333333333;2,5;2,0;2,8;3,0
2,0;4,0;4,0;3,25;4,444444444444445;3,0;3,5;3,2;3,5
2,0;4,0;4,5;2,25;4,555555555555555;3,0;4,0;4,0;3,75
2,0;4,0;4,0;2,5;4,666666666666667;3,5;3,3333333333333335;3,0;3,25
2,0;4,0;3,0;3,0;4,222222222222222;3,0;2,0;3,2;2,5
2,0;4,0;4,5;4,0;4,333333333333333;3,0;2,0;4,0;4,0
2,0;4,0;3,0;3,0;3,888888888888889;1,0;3,0;3,6;4,0
2,0;4,0;4,0;2,5;4,777777777777778;2,0;2,8333333333333335;3,4;3,75
1,0;2,0;4,5;4,0;4,333333333333333;3,0;3,6666666666666665;3,2;3,25
1,0;2,0;1,0;3,25;2,7777777777777777;1,0;3,3333333333333335;3,0;3,75
1,0;2,0;4,5;4,0;2,2222222222222223;2,5;4,0;3,2;3,25
1,0;2,0;5,0;5,0;3,7777777777777777;1,0;3,5;4,0;4,0
1,0;2,0;5,0;2,25;3,7777777777777777;3,0;2,8333333333333335;2,4;3,0
1,0;2,0;3,0;3,0;3,7777777777777777;2,0;2,6666666666666665;2,4;2,0
1,0;2,0;2,0;3,0;3,111111111111111;2,5;1,3333333333333333;3,0;3,5
1,0;2,0;3,0;3,25;2,7777777777777777;1,5;2,5;3,8;3,75
1,0;2,0;4,5;4,0;3,0;1,0;3,5;1,8;1,5
1,0;2,0;2,0;3,25;4,0;3,5;1,0;3,6;3,25
2,0;3,0;4,0;2,25;2,888888888888889;1,0;2,1666666666666665;1,8;2,5
2,0;3,0;4,0;3,25;4,666666666666667;3,5;2,8333333333333335;2,4;2,25
2,0;3,0;2,0;2,25;2,888888888888889;2,5;1,6666666666666667;3,0;2,25
2,0;3,0;3,0;2,0;4,777777777777778;2,5;1,5;3,2;3,0
2,0;3,0;4,0;2,0;3,3333333333333335;3,0;1,6666666666666667;3,2;2,5
2,0;3,0;1,0;1,75;4,777777777777778;3,0;2,8333333333333335;3,4;3,0
2,0;3,0;2,5;2,5;4,888888888888889;3,0;2,5;3,2;3,5
2,0;3,0;5,0;4,25;3,7777777777777777;4,0;3,0;4,0;4,0
2,0;3,0;2,0;1,5;3,0;3,0;2,0;3,0;3,0
2,0;3,0;3,0;3,0;3,0;2,0;2,6666666666666665;4,0;4,0
3,0;3,0;3,5;2,5;5,0;2,5;2,6666666666666665;1,8;2,25
3,0;3,0;3,0;2,5;4,444444444444445;2,0;2,0;2,2;2,75
3,0;3,0;3,5;3,0;4,222222222222222;3,5;2,6666666666666665;2,8;2,5
3,0;3,0;3,5;3,0;4,444444444444445;1,0;1,8333333333333333;2,4;3,5
3,0;3,0;4,0;2,75;3,888888888888889;4,0;2,3333333333333335;3,2;3,0
3,0;3,0;5,0;3,5;5,0;3,0;2,5;2,4;3,0
3,0;3,0;4,5;2,5;4,0;3,5;2,6666666666666665;2,6;3,5
3,0;3,0;2,5;3,5;4,666666666666667;2,0;2,3333333333333335;2,8;2,75
3,0;3,0;3,0;3,0;5,0;4,5;2,1666666666666665;2,0;1,75
3,0;3,0;5,0;3,75;4,888888888888889;2,5;1,6666666666666667;2,8;3,5
3,0;2,0;3,5;3,25;5,0;5,0;4,0;3,8;3,75
3,0;2,0;2,5;3,5;4,666666666666667;2,5;1,0;3,0;3,25
3,0;2,0;1,0;3,0;3,6666666666666665;2,0;3,0;3,8;3,25
3,0;2,0;2,5;2,5;4,555555555555555;4,0;3,5;2,6;2,25
3,0;2,0;4,0;4,5;4,222222222222222;3,0;3,0;2,8;3,25
3,0;2,0;5,0;4,25;4,222222222222222;3,5;3,0;3,6;3,5
3,0;2,0;1,5;2,5;4,111111111111111;2,5;2,5;2,8;3,5
1,0;2,0;4,0;3,5;3,111111111111111;1,0;3,1666666666666665;3,6;3,25
1,0;2,0;2,5;2,0;4,111111111111111;3,5;3,3333333333333335;3,4;3,5
1,0;2,0;1,0;2,75;2,6666666666666665;2,0;2,3333333333333335;2,8;3,0
1,0;2,0;5,0;1,75;2,5555555555555554;1,0;4,0;3,0;2,75
1,0;2,0;3,5;3,5;3,4444444444444446;3,5;2,8333333333333335;3,0;3,75
1,0;2,0;4,0;3,5;3,6666666666666665;1,0;3,3333333333333335;3,4;3,0
1,0;2,0;2,5;2,25;2,4444444444444446;3,0;2,1666666666666665;3,2;3,0
1,0;2,0;2,5;1,75;1,2222222222222223;1,0;1,6666666666666667;2,6;3,25
1,0;2,0;3,0;1,75;3,7777777777777777;2,0;3,6666666666666665;3,0;2,75
1,0;2,0;2,5;4,0;3,111111111111111;2,0;2,3333333333333335;3,4;3,25
1,0;2,0;4,0;3,75;4,333333333333333;3,0;2,8333333333333335;3,6;3,25
1,0;2,0;2,5;2,25;2,888888888888889;1,0;2,8333333333333335;3,2;2,5
1,0;2,0;1,5;2,25;3,5555555555555554;2,0;3,6666666666666665;3,0;1,75
1,0;2,0;3,0;2,5;4,111111111111111;4,5;2,6666666666666665;3,0;2,75
1,0;2,0;1,5;1,75;2,2222222222222223;1,0;2,1666666666666665;3,2;1,0
1,0;2,0;2,0;3,0;4,888888888888889;3,0;2,3333333333333335;3,0;2,75
1,0;2,0;3,0;3,25;4,333333333333333;1,0;3,8333333333333335;3,2;3,75
1,0;2,0;4,5;3,5;4,333333333333333;1,0;2,5;3,0;3,0
1,0;2,0;4,5;2,75;3,0;1,0;3,8333333333333335;2,6;2,25
1,0;2,0;3,0;2,0;3,888888888888889;3,5;3,3333333333333335;3,2;3,25
1,0;2,0;2,5;2,25;3,0;1,0;1,5;2,8;2,75
1,0;2,0;3,5;1,75;5,0;3,0;2,8333333333333335;3,0;3,0
1,0;2,0;1,5;1,75;2,3333333333333335;2,0;2,5;3,8;2,75
1,0;2,0;5,0;2,0;3,888888888888889;3,0;3,0;1,8;2,0
1,0;2,0;2,5;2,25;2,888888888888889;2,0;2,1666666666666665;3,2;3,5
1,0;2,0;4,0;2,75;2,888888888888889;4,5;2,6666666666666665;3,2;3,0
1,0;2,0;2,5;2,75;3,6666666666666665;1,0;3,1666666666666665;3,2;3,0
1,0;2,0;2,0;3,25;1,7777777777777777;1,0;2,5;3,8;3,75
1,0;2,0;1,5;1,75;1,6666666666666667;1,0;2,0;3,0;2,75
1,0;2,0;5,0;1,0;1,0;1,0;3,0;1,8;2,0
1,0;2,0;4,0;3,25;3,0;2,0;2,8333333333333335;3,2;3,5
1,0;2,0;3,5;3,0;3,6666666666666665;2,5;3,3333333333333335;2,8;3,5
1,0;2,0;4,0;3,5;3,111111111111111;1,0;2,1666666666666665;3,8;4,0
1,0;2,0;4,5;3,75;3,3333333333333335;3,0;2,6666666666666665;3,6;3,75
1,0;2,0;2,0;3,0;3,888888888888889;3,5;2,6666666666666665;3,6;3,75
1,0;2,0;5,0;3,5;4,222222222222222;1,0;2,6666666666666665;3,8;3,75
1,0;2,0;1,5;2,75;1,8888888888888888;1,0;3,1666666666666665;3,2;3,5
1,0;2,0;4,5;2,25;3,6666666666666665;2,0;3,0;2,8;3,0
1,0;2,0;4,5;2,25;4,333333333333333;1,0;3,5;3,4;3,5
1,0;2,0;5,0;2,75;3,3333333333333335;2,0;2,5;2,8;2,25
2,0;3,0;3,5;3,0;3,6666666666666665;2,5;3,1666666666666665;3,4;3,0
2,0;3,0;5,0;2,75;5,0;1,0;2,3333333333333335;1,8;2,5
2,0;3,0;4,0;2,5;4,333333333333333;2,5;2,6666666666666665;1,8;2,5
2,0;3,0;3,0;2,25;4,444444444444445;1,0;2,8333333333333335;1,8;2,5
2,0;3,0;5,0;2,75;2,7777777777777777;1,0;1,3333333333333333;3,4;3,0
2,0;3,0;4,5;3,0;3,4444444444444446;3,5;2,8333333333333335;3,0;3,0
2,0;3,0;1,0;1,5;2,3333333333333335;2,0;1,0;2,4;2,25
2,0;3,0;2,0;2,0;3,2222222222222223;1,5;1,5;2,8;2,5
2,0;3,0;3,0;1,75;3,4444444444444446;1,0;3,5;3,0;2,75
2,0;3,0;2,0;2,75;4,444444444444445;3,5;1,0;2,8;3,25
2,0;2,0;3,0;3,5;3,2222222222222223;1,0;3,1666666666666665;3,2;3,25
2,0;2,0;4,5;1,5;2,7777777777777777;1,0;1,3333333333333333;3,2;2,5
2,0;2,0;3,0;4,5;4,444444444444445;4,5;1,5;4,0;4,0
2,0;2,0;3,0;3,0;4,111111111111111;2,5;2,1666666666666665;3,4;3,25
2,0;2,0;5,0;2,25;2,7777777777777777;2,5;3,8333333333333335;3,4;3,25
2,0;2,0;4,0;4,0;4,444444444444445;3,5;3,8333333333333335;3,8;2,5
2,0;2,0;4,5;3,75;3,111111111111111;1,0;2,8333333333333335;2,8;3,0
2,0;2,0;5,0;4,0;3,5555555555555554;4,5;2,0;3,8;3,75
2,0;2,0;2,0;2,0;2,2222222222222223;2,0;2,6666666666666665;3,2;3,25
2,0;2,0;2,5;2,5;2,5555555555555554;1,0;2,0;3,0;2,75
1,0;2,0;5,0;3,0;3,2222222222222223;1,5;3,0;3,4;3,5
1,0;2,0;3,5;2,75;1,6666666666666667;1,0;2,5;3,4;2,75
1,0;2,0;5,0;4,0;1,2222222222222223;1,0;2,6666666666666665;3,0;3,5
1,0;2,0;2,5;2,75;2,111111111111111;3,5;1,6666666666666667;3,2;3,25
1,0;2,0;1,0;2,75;2,2222222222222223;4,0;3,5;3,2;3,25
1,0;2,0;2,5;1,0;1,0;1,0;1,8333333333333333;2,6;2,5
1,0;2,0;2,5;1,5;1,7777777777777777;2,5;2,3333333333333335;3,6;2,5
1,0;2,0;3,5;3,0;2,2222222222222223;2,0;2,3333333333333335;3,4;2,75
1,0;2,0;3,0;1,5;3,0;1,5;2,6666666666666665;3,2;3,5
1,0;2,0;3,5;2,0;2,3333333333333335;1,5;2,6666666666666665;3,2;2,5
1,0;3,0;4,5;3,75;4,777777777777778;2,5;2,3333333333333335;4,0;3,75
1,0;3,0;4,0;3,75;4,555555555555555;2,5;4,0;3,0;3,75
1,0;3,0;2,0;2,75;1,3333333333333333;1,0;1,0;3,2;3,0
1,0;3,0;2,0;2,5;4,0;2,5;3,0;3,0;3,25
1,0;3,0;4,0;3,25;4,777777777777778;3,0;2,8333333333333335;3,6;3,25
1,0;3,0;4,0;3,75;4,333333333333333;3,0;1,6666666666666667;4,0;4,0
1,0;3,0;2,0;4,25;4,333333333333333;3,0;1,5;3,0;2,75
1,0;3,0;2,0;3,5;3,6666666666666665;4,0;2,3333333333333335;3,4;2,75
1,0;3,0;2,0;3,75;4,222222222222222;3,0;1,6666666666666667;3,0;3,0
1,0;3,0;3,0;3,25;4,111111111111111;3,0;2,0;3,0;2,75
2,0;3,0;2,0;2,75;4,222222222222222;3,0;4,0;2,4;2,75
2,0;3,0;3,5;2,75;5,0;5,0;3,8333333333333335;3,6;3,25
2,0;3,0;2,5;3,25;4,0;3,0;3,0;2,8;2,75
2,0;3,0;4,5;3,75;5,0;3,0;3,6666666666666665;2,4;2,25
2,0;3,0;2,5;1,75;3,2222222222222223;1,0;2,8333333333333335;1,4;2,0
2,0;3,0;2,0;2,75;4,777777777777778;3,0;3,3333333333333335;3,0;2,75
2,0;3,0;2,0;2,5;3,6666666666666665;3,0;2,5;2,4;2,25
2,0;3,0;5,0;3,25;4,666666666666667;1,0;2,8333333333333335;2,8;3,0
2,0;3,0;3,0;3,25;4,222222222222222;3,0;1,5;3,2;3,0
2,0;3,0;2,0;3,0;3,888888888888889;2,0;1,6666666666666667;2,8;2,75
1,0;2,0;1,5;4,0;3,888888888888889;3,0;1,0;3,0;3,25
1,0;2,0;3,0;3,5;4,222222222222222;5,0;3,5;2,8;2,5
1,0;2,0;4,5;5,0;4,666666666666667;2,5;2,8333333333333335;3,4;4,0
1,0;2,0;2,0;4,5;2,7777777777777777;2,0;2,5;3,0;2,25
1,0;2,0;2,0;3,0;1,0;1,0;2,1666666666666665;3,0;3,5
1,0;2,0;2,0;3,0;1,0;1,0;1,8333333333333333;3,2;2,25
1,0;2,0;4,0;3,5;3,7777777777777777;4,0;3,5;3,2;3,5
1,0;2,0;2,0;2,5;1,8888888888888888;2,0;2,5;3,4;2,25
1,0;2,0;2,0;2,0;4,777777777777778;3,5;3,1666666666666665;3,6;3,25
1,0;2,0;3,0;3,0;4,111111111111111;4,5;3,0;3,4;2,75
2,0;3,0;4,5;4,0;4,888888888888889;4,5;3,5;2,4;3,25
2,0;3,0;2,5;2,5;4,777777777777778;4,0;2,3333333333333335;2,6;3,0
2,0;3,0;4,0;2,25;4,666666666666667;4,0;1,8333333333333333;2,6;2,25
2,0;3,0;3,5;4,0;5,0;5,0;2,8333333333333335;2,6;4,0
2,0;3,0;2,5;3,25;4,222222222222222;3,0;2,6666666666666665;2,4;3,0
2,0;3,0;3,0;3,5;4,555555555555555;3,5;3,0;2,2;3,5
2,0;3,0;3,0;3,25;4,555555555555555;3,5;1,5;2,6;2,75
2,0;3,0;5,0;3,25;4,666666666666667;3,5;2,0;3,0;3,25
2,0;3,0;5,0;3,5;5,0;3,0;3,5;3,4;4,0
2,0;3,0;4,5;3,75;4,222222222222222;3,5;3,0;3,0;2,75
2,0;2,0;3,0;3,5;1,8888888888888888;2,5;1,3333333333333333;3,0;3,75
2,0;2,0;1,0;3,0;3,4444444444444446;3,0;2,6666666666666665;2,6;2,25
2,0;2,0;4,5;3,0;5,0;1,0;2,1666666666666665;3,0;3,5
2,0;2,0;2,0;3,25;2,111111111111111;1,0;2,0;3,4;4,0
2,0;2,0;2,5;3,5;3,3333333333333335;1,0;1,3333333333333333;3,2;3,25
2,0;2,0;4,0;3,5;4,333333333333333;3,5;2,8333333333333335;3,0;3,25
2,0;2,0;2,0;2,75;3,6666666666666665;2,5;2,5;2,4;2,75
2,0;2,0;2,0;3,0;3,888888888888889;1,0;2,1666666666666665;3,2;2,75
2,0;2,0;3,5;4,0;4,444444444444445;5,0;3,6666666666666665;4,0;4,0
2,0;2,0;3,0;2,75;4,111111111111111;2,0;3,3333333333333335;3,0;3,0
2,0;3,0;2,0;2,25;4,222222222222222;3,5;3,1666666666666665;2,8;2,0
2,0;3,0;4,0;3,75;5,0;4,0;2,1666666666666665;3,2;4,0
2,0;3,0;3,0;3,0;4,0;4,0;1,0;3,0;3,0
2,0;3,0;4,0;2,5;4,222222222222222;2,5;3,3333333333333335;1,6;2,0
2,0;3,0;4,0;3,25;4,777777777777778;3,0;3,1666666666666665;2,6;2,5
2,0;3,0;4,5;5,0;4,333333333333333;2,5;1,0;2,6;2,0
2,0;3,0;4,5;4,0;4,888888888888889;4,0;3,5;1,8;2,25
2,0;3,0;4,0;2,0;3,3333333333333335;1,5;2,8333333333333335;2,8;3,5
2,0;3,0;3,0;2,25;4,111111111111111;1,0;3,1666666666666665;1,6;2,0
2,0;3,0;4,5;2,75;4,222222222222222;2,0;3,6666666666666665;3,2;2,0
1,0;3,0;2,5;2,5;5,0;3,5;2,8333333333333335;2,4;2,0
1,0;3,0;3,0;2,25;3,7777777777777777;3,5;3,0;3,0;3,5
1,0;3,0;4,0;3,25;4,111111111111111;2,5;1,1666666666666667;2,6;2,75
1,0;3,0;2,0;3,25;4,555555555555555;2,5;2,8333333333333335;3,0;3,75
1,0;3,0;4,5;3,5;2,5555555555555554;2,5;1,3333333333333333;2,4;2,5
1,0;3,0;3,0;2,75;3,111111111111111;2,0;2,3333333333333335;3,4;3,0
1,0;3,0;3,0;2,5;4,777777777777778;3,0;1,3333333333333333;3,0;3,0
1,0;3,0;4,5;3,5;4,666666666666667;2,5;2,3333333333333335;2,4;2,25
1,0;3,0;4,5;4,0;4,0;1,0;2,8333333333333335;3,0;3,5
1,0;3,0;3,0;3,0;4,0;4,0;1,3333333333333333;2,8;3,0
1,0;3,0;2,0;3,25;3,0;1,0;2,3333333333333335;1,6;1,75
1,0;3,0;2,5;3,0;4,0;1,0;3,0;2,4;1,5
1,0;3,0;4,0;3,5;4,666666666666667;4,0;3,1666666666666665;3,0;3,25
1,0;3,0;5,0;4,25;4,0;4,0;2,3333333333333335;2,8;3,25
1,0;3,0;3,5;3,25;4,555555555555555;3,5;3,8333333333333335;3,2;3,0
1,0;3,0;4,0;4,0;4,0;4,0;3,0;3,4;3,0
1,0;3,0;2,5;3,0;3,6666666666666665;1,0;2,5;2,6;2,0
1,0;3,0;2,0;3,25;3,4444444444444446;3,5;2,0;3,0;3,0
1,0;3,0;3,0;3,25;3,0;1,0;2,0;2,4;2,25
1,0;3,0;5,0;2,5;5,0;2,0;2,0;2,6;2,75
2,0;2,0;2,0;3,25;3,5555555555555554;3,5;2,8333333333333335;3,2;3,5
2,0;2,0;5,0;3,75;3,7777777777777777;4,0;2,0;3,2;3,5
2,0;2,0;1,5;2,0;3,3333333333333335;3,5;2,8333333333333335;3,4;2,75
2,0;2,0;1,0;2,75;2,2222222222222223;4,5;3,6666666666666665;2,8;2,5
2,0;2,0;1,0;2,5;3,7777777777777777;4,0;2,6666666666666665;3,6;3,0
2,0;2,0;2,0;2,5;4,0;3,0;3,5;3,8;3,75
2,0;2,0;3,0;3,5;3,888888888888889;3,5;3,5;4,0;3,75
2,0;2,0;3,0;2,0;3,4444444444444446;4,0;3,6666666666666665;1,6;3,75
2,0;2,0;1,5;2,0;3,4444444444444446;2,0;4,0;3,4;2,75
2,0;2,0;2,5;3,0;3,6666666666666665;3,0;3,5;3,4;2,75
2,0;3,0;5,0;2,75;4,888888888888889;1,0;2,5;3,6;3,5
2,0;3,0;3,5;3,25;4,777777777777778;4,5;3,5;3,8;3,25
2,0;3,0;2,5;2,25;4,555555555555555;2,0;2,3333333333333335;3,0;3,25
2,0;3,0;4,5;3,75;4,111111111111111;1,0;2,1666666666666665;2,8;2,25
2,0;3,0;4,5;3,25;5,0;3,5;2,6666666666666665;2,6;3,0
2,0;3,0;4,5;4,0;3,4444444444444446;1,0;3,5;3,0;2,5
2,0;3,0;5,0;2,75;4,333333333333333;1,0;2,6666666666666665;2,8;2,5
2,0;3,0;2,0;2,5;3,4444444444444446;3,5;2,1666666666666665;2,6;1,75
2,0;3,0;3,5;2,5;4,666666666666667;3,5;3,1666666666666665;3,8;3,5
2,0;3,0;5,0;2,5;4,666666666666667;4,5;3,0;2,4;1,5
2,0;2,0;2,0;3,5;3,3333333333333335;1,0;3,0;3,2;2,75
2,0;2,0;3,0;2,5;4,222222222222222;3,0;3,6666666666666665;3,0;2,75
2,0;2,0;3,5;3,0;4,555555555555555;3,0;3,1666666666666665;3,2;2,5
2,0;2,0;3,5;3,5;4,888888888888889;2,0;2,8333333333333335;3,6;3,25
2,0;2,0;3,5;4,0;4,444444444444445;4,0;2,5;3,0;3,25
2,0;2,0;1,5;3,0;4,333333333333333;1,5;1,8333333333333333;3,2;2,75
2,0;2,0;3,0;2,75;4,888888888888889;3,0;2,3333333333333335;2,8;2,5
2,0;2,0;2,0;2,75;4,0;3,0;2,8333333333333335;3,4;2,5
2,0;2,0;2,0;2,75;3,4444444444444446;1,0;2,8333333333333335;3,2;2,75
2,0;2,0;3,0;2,75;4,222222222222222;1,5;2,1666666666666665;3,4;3,5
2,0;2,0;4,0;3,75;4,666666666666667;3,0;2,5;3,6;3,25
2,0;2,0;3,5;3,25;3,7777777777777777;4,0;2,6666666666666665;3,6;3,75
2,0;2,0;2,5;3,0;4,111111111111111;3,0;1,0;4,0;4,0
2,0;2,0;3,0;3,75;3,888888888888889;3,5;3,3333333333333335;3,4;3,25
2,0;2,0;4,0;3,75;3,5555555555555554;3,0;1,3333333333333333;3,6;3,25
2,0;2,0;4,0;3,5;3,888888888888889;3,0;2,0;2,8;3,0
2,0;2,0;1,0;4,0;2,111111111111111;2,5;1,5;3,2;3,25
2,0;2,0;4,0;4,0;3,888888888888889;2,0;3,0;3,2;3,0
2,0;2,0;3,0;3,0;3,3333333333333335;1,0;2,6666666666666665;2,8;3,25
2,0;2,0;2,5;3,5;4,222222222222222;2,0;1,6666666666666667;3,0;3,25
1,0;2,0;3,0;4,25;2,7777777777777777;2,5;3,5;3,8;3,75
1,0;2,0;4,5;4,0;4,333333333333333;2,5;3,6666666666666665;3,6;3,75
1,0;2,0;3,0;1,25;3,3333333333333335;1,0;1,6666666666666667;3,0;3,0
1,0;2,0;3,5;3,5;3,5555555555555554;1,5;3,1666666666666665;3,4;3,25
1,0;2,0;2,5;3,75;3,7777777777777777;2,0;2,0;3,2;2,75
1,0;2,0;5,0;2,0;4,666666666666667;3,5;4,0;3,4;4,0
1,0;2,0;5,0;3,0;3,3333333333333335;4,0;3,1666666666666665;3,4;3,75
1,0;2,0;2,0;2,5;3,4444444444444446;1,0;2,8333333333333335;3,2;3,25
1,0;2,0;3,0;1,5;1,8888888888888888;1,0;1,1666666666666667;3,0;2,5
1,0;2,0;3,0;1,5;1,8888888888888888;1,0;1,0;3,2;3,0
1,0;2,0;4,5;3,5;2,7777777777777777;1,0;2,5;4,0;3,75
1,0;2,0;2,0;3,25;3,6666666666666665;3,0;2,6666666666666665;3,6;3,5
1,0;2,0;2,5;2,75;2,4444444444444446;1,0;3,0;3,8;4,0
1,0;2,0;1,5;2,75;3,4444444444444446;2,5;2,8333333333333335;3,6;3,5
1,0;2,0;3,5;3,5;4,444444444444445;4,0;2,1666666666666665;1,8;2,75
1,0;2,0;5,0;3,25;3,888888888888889;3,5;2,8333333333333335;3,4;3,75
1,0;2,0;3,0;1,75;3,2222222222222223;2,0;4,0;3,2;3,25
1,0;2,0;1,5;2,25;3,3333333333333335;1,0;2,5;3,8;2,75
1,0;2,0;4,5;4,0;3,7777777777777777;1,0;4,0;3,6;3,75
1,0;2,0;1,0;2,75;3,111111111111111;3,0;2,8333333333333335;3,4;3,25
2,0;2,0;3,0;2,5;3,3333333333333335;1,0;3,6666666666666665;3,4;3,75
2,0;2,0;3,5;4,5;5,0;4,0;3,6666666666666665;3,4;3,5
2,0;2,0;5,0;5,0;4,777777777777778;5,0;3,3333333333333335;2,8;3,75
2,0;2,0;1,5;3,0;2,111111111111111;1,0;3,0;2,8;3,0
2,0;2,0;3,0;2,5;3,3333333333333335;2,5;2,1666666666666665;2,8;2,5
2,0;2,0;3,5;3,5;4,0;2,0;1,6666666666666667;3,2;3,25
2,0;2,0;1,5;3,0;1,6666666666666667;1,0;1,0;2,0;2,75
2,0;2,0;1,5;2,25;3,2222222222222223;1,0;2,3333333333333335;3,0;2,25
2,0;2,0;1,5;2,5;3,4444444444444446;1,0;2,3333333333333335;2,4;2,25
2,0;2,0;4,0;2,5;4,0;1,0;2,8333333333333335;2,4;3,0
2,0;2,0;5,0;5,0;5,0;5,0;3,8333333333333335;3,8;3,75
2,0;2,0;4,0;5,0;3,5555555555555554;3,0;3,0;3,2;3,0
2,0;2,0;4,5;2,75;4,111111111111111;1,5;1,6666666666666667;3,8;3,75
2,0;2,0;3,0;2,75;4,777777777777778;3,0;3,6666666666666665;4,0;3,25
2,0;2,0;4,5;3,0;2,4444444444444446;2,5;2,8333333333333335;2,6;3,25
2,0;2,0;3,5;3,75;2,6666666666666665;2,0;3,5;3,4;2,75
2,0;2,0;3,0;5,0;3,111111111111111;3,0;1,6666666666666667;4,0;3,75
2,0;2,0;4,0;4,0;3,7777777777777777;4,0;3,3333333333333335;3,2;3,5
2,0;2,0;4,5;3,5;3,888888888888889;3,5;2,0;3,4;3,25
2,0;2,0;3,0;2,75;3,0;2,0;2,3333333333333335;3,2;3,25
2,0;4,0;5,0;4,5;4,444444444444445;3,5;3,5;3,8;4,0
2,0;4,0;4,0;3,25;4,444444444444445;2,5;3,0;3,2;3,25
2,0;4,0;2,5;3,0;4,0;2,5;1,0;2,6;3,25
2,0;4,0;1,0;2,5;2,5555555555555554;1,0;1,0;2,2;1,25
2,0;4,0;3,5;3,0;4,666666666666667;2,5;2,8333333333333335;3,0;3,5
2,0;4,0;5,0;2,5;3,888888888888889;3,0;4,0;2,8;2,5
2,0;4,0;5,0;4,0;5,0;5,0;4,0;3,0;3,0
2,0;4,0;2,5;2,5;3,2222222222222223;2,5;2,1666666666666665;3,0;2,25
2,0;4,0;4,0;4,0;3,4444444444444446;2,0;3,0;4,0;4,0
2,0;4,0;1,5;2,5;3,4444444444444446;2,0;3,1666666666666665;2,4;2,5
1,0;2,0;3,0;3,75;2,888888888888889;2,5;2,8333333333333335;3,6;3,0
1,0;2,0;5,0;4,25;4,222222222222222;3,0;2,1666666666666665;3,6;3,0
1,0;2,0;2,0;4,0;4,666666666666667;3,5;2,8333333333333335;3,4;3,0
1,0;2,0;1,0;3,0;1,8888888888888888;1,0;1,6666666666666667;3,8;3,25
1,0;2,0;3,0;2,75;2,5555555555555554;2,5;2,5;3,2;3,0
1,0;2,0;3,0;2,5;3,4444444444444446;4,5;2,0;3,4;3,5
1,0;2,0;2,5;1,75;3,2222222222222223;4,0;2,5;3,4;3,25
1,0;2,0;5,0;2,0;3,6666666666666665;3,0;3,1666666666666665;3,8;2,75
1,0;2,0;3,5;3,25;3,5555555555555554;2,5;2,0;3,6;3,25
1,0;2,0;1,5;1,75;2,5555555555555554;1,5;2,3333333333333335;2,6;3,25
1,0;2,0;1,5;3,5;2,3333333333333335;1,0;2,6666666666666665;2,2;2,25
1,0;2,0;4,0;3,0;4,222222222222222;3,5;3,5;2,6;2,75
1,0;2,0;4,5;3,25;4,333333333333333;5,0;4,0;3,4;3,75
1,0;2,0;1,5;2,75;3,3333333333333335;1,0;4,0;2,0;1,25
1,0;2,0;2,0;2,75;2,5555555555555554;1,0;4,0;1,8;1,75
1,0;2,0;4,0;2,5;4,333333333333333;3,5;3,5;2,2;2,75
1,0;2,0;2,0;2,0;3,5555555555555554;1,0;2,8333333333333335;3,2;3,75
1,0;2,0;2,5;2,5;2,0;1,0;2,5;2,6;3,5
1,0;2,0;5,0;4,0;2,7777777777777777;1,5;2,8333333333333335;3,0;3,25
1,0;2,0;1,5;2,5;2,0;1,5;2,6666666666666665;3,0;3,5
2,0;2,0;4,0;2,75;4,222222222222222;1,0;2,6666666666666665;3,6;3,0
2,0;2,0;2,5;2,25;3,7777777777777777;2,0;3,3333333333333335;3,4;3,5
2,0;2,0;3,0;2,5;4,111111111111111;2,0;2,5;3,6;3,5
2,0;2,0;3,0;3,0;3,7777777777777777;4,0;3,5;3,4;3,25
2,0;2,0;3,0;2,0;3,888888888888889;2,0;2,1666666666666665;3,6;3,0
2,0;2,0;2,5;2,5;4,333333333333333;1,0;2,3333333333333335;3,8;3,5
2,0;2,0;4,0;3,75;3,7777777777777777;4,5;2,8333333333333335;3,2;3,25
2,0;2,0;4,0;3,25;3,0;3,5;2,0;4,0;3,75
2,0;2,0;3,5;2,75;3,6666666666666665;2,5;2,0;3,0;3,25
2,0;2,0;2,0;2,25;3,3333333333333335;2,5;3,8333333333333335;3,4;3,25
1,0;2,0;5,0;3,0;5,0;5,0;4,0;2,4;3,5
1,0;2,0;5,0;3,0;2,4444444444444446;4,0;1,8333333333333333;3,4;3,75
1,0;2,0;2,5;1,5;3,4444444444444446;2,0;3,1666666666666665;3,6;2,0
1,0;2,0;2,5;2,5;3,888888888888889;2,0;1,0;2,6;2,5
1,0;2,0;2,5;1,75;3,0;4,0;2,0;2,6;1,5
1,0;2,0;4,5;2,75;3,888888888888889;2,0;1,8333333333333333;2,4;2,75
1,0;2,0;2,5;2,0;2,4444444444444446;1,0;1,6666666666666667;3,0;3,25
1,0;2,0;2,0;2,5;3,7777777777777777;1,0;2,3333333333333335;2,8;2,25
1,0;2,0;4,5;4,0;3,7777777777777777;3,0;3,6666666666666665;2,8;3,25
1,0;2,0;2,5;2,5;2,5555555555555554;1,0;3,8333333333333335;2,4;2,5
1,0;2,0;2,5;2,25;3,7777777777777777;3,5;2,6666666666666665;2,4;2,0
1,0;2,0;5,0;2,0;4,333333333333333;4,5;2,6666666666666665;3,6;3,75
1,0;2,0;2,5;2,25;3,7777777777777777;3,5;2,6666666666666665;2,4;2,0
1,0;2,0;2,5;3,75;4,111111111111111;2,0;2,3333333333333335;3,2;3,25
1,0;2,0;2,0;2,5;3,4444444444444446;1,5;3,0;3,2;3,75
1,0;2,0;5,0;4,0;2,6666666666666665;2,0;3,0;3,0;3,0
1,0;2,0;4,0;3,75;4,0;4,0;2,6666666666666665;3,0;2,75
1,0;2,0;2,5;2,75;1,4444444444444444;1,0;3,1666666666666665;2,8;2,5
1,0;2,0;1,0;2,5;1,2222222222222223;1,0;1,3333333333333333;3,0;4,0
1,0;2,0;1,0;2,25;2,888888888888889;1,0;2,5;3,4;3,0
2,0;4,0;1,0;1,0;4,0;4,0;2,0;3,4;3,5
2,0;4,0;3,0;3,25;4,888888888888889;5,0;3,6666666666666665;3,4;4,0
2,0;4,0;2,5;2,25;4,555555555555555;3,5;2,8333333333333335;3,0;2,0
2,0;4,0;3,0;4,0;3,0;3,0;4,0;2,6;3,5
2,0;4,0;3,0;3,25;1,5555555555555556;1,0;1,0;3,0;2,5
2,0;4,0;5,0;5,0;5,0;5,0;2,8333333333333335;2,6;2,0
2,0;4,0;4,0;2,5;3,111111111111111;2,0;1,5;3,2;3,25
2,0;4,0;3,0;4,0;2,6666666666666665;2,0;3,1666666666666665;3,6;4,0
2,0;4,0;3,5;2,5;4,333333333333333;1,0;3,0;3,0;2,5
2,0;4,0;3,0;3,0;3,888888888888889;3,5;2,0;3,6;2,75
2,0;3,0;4,0;2,75;4,0;1,0;3,6666666666666665;3,4;3,0
2,0;3,0;2,5;4,25;3,0;2,0;2,1666666666666665;3,4;2,75
2,0;3,0;4,5;4,0;2,5555555555555554;1,5;2,1666666666666665;3,6;3,75
2,0;3,0;3,0;3,75;5,0;3,0;2,6666666666666665;3,8;3,5
2,0;3,0;3,0;3,25;4,333333333333333;2,5;3,0;3,0;2,25
2,0;3,0;4,5;4,25;4,777777777777778;3,5;3,8333333333333335;3,2;3,0
2,0;3,0;4,0;3,75;4,111111111111111;3,0;2,3333333333333335;3,6;3,5
2,0;3,0;3,5;2,5;3,7777777777777777;2,0;2,8333333333333335;3,0;3,0
2,0;3,0;2,5;2,5;4,555555555555555;3,0;4,0;2,2;3,25
2,0;3,0;2,5;3,5;4,555555555555555;3,0;2,8333333333333335;3,2;3,5
1,0;1,0;3,0;3,0;4,0;1,0;3,1666666666666665;3,2;3,75
1,0;1,0;3,5;2,5;3,7777777777777777;2,0;2,3333333333333335;3,6;3,5
1,0;1,0;1,5;2,5;1,8888888888888888;1,0;2,3333333333333335;2,8;3,0
1,0;2,0;2,0;2,5;3,6666666666666665;2,0;2,1666666666666665;3,0;2,5
1,0;2,0;3,0;3,25;3,3333333333333335;4,5;2,1666666666666665;3,2;3,25
1,0;2,0;3,5;2,0;4,111111111111111;3,5;3,0;3,2;3,25
1,0;2,0;3,5;2,5;4,666666666666667;4,5;3,5;3,4;3,5
1,0;2,0;5,0;5,0;4,0;4,0;3,0;3,4;3,25
1,0;2,0;5,0;4,0;3,111111111111111;1,0;3,5;2,4;3,25
1,0;2,0;2,5;3,75;3,2222222222222223;3,0;3,6666666666666665;4,0;4,0
1,0;2,0;2,0;2,5;3,4444444444444446;1,5;2,0;3,0;3,0
1,0;2,0;1,0;1,25;5,0;3,0;1,6666666666666667;2,8;2,75
1,0;2,0;3,5;2,75;2,6666666666666665;2,0;2,0;3,0;3,5
1,0;2,0;5,0;1,75;3,6666666666666665;1,0;3,8333333333333335;2,6;3,0
1,0;2,0;2,5;2,0;3,111111111111111;2,5;2,5;2,6;3,5
1,0;2,0;4,5;3,75;4,111111111111111;3,5;4,0;3,4;3,5
1,0;2,0;4,0;2,5;3,888888888888889;2,0;1,8333333333333333;3,4;3,5
1,0;2,0;2,0;3,0;4,666666666666667;2,0;4,0;3,2;3,0
1,0;2,0;2,0;1,75;2,6666666666666665;1,0;1,3333333333333333;2,8;3,0
1,0;2,0;4,0;2,5;2,3333333333333335;1,0;2,8333333333333335;3,8;3,5
1,0;2,0;4,5;3,0;4,0;1,0;3,8333333333333335;3,8;4,0
1,0;2,0;2,0;3,5;3,6666666666666665;4,0;3,1666666666666665;3,2;3,25
1,0;2,0;3,0;2,75;3,7777777777777777;2,5;2,3333333333333335;3,0;3,0
1,0;4,0;3,5;2,5;4,111111111111111;3,5;3,0;2,8;3,0
1,0;4,0;4,5;4,0;4,555555555555555;4,5;1,3333333333333333;3,4;3,0
1,0;4,0;4,0;4,0;4,0;3,0;4,0;3,0;3,0
1,0;4,0;3,5;2,25;1,4444444444444444;1,0;1,8333333333333333;2,4;2,25
1,0;4,0;2,5;2,0;3,7777777777777777;3,5;3,0;2,0;2,0
1,0;4,0;3,0;3,25;4,0;4,5;2,0;2,6;2,25
1,0;4,0;4,0;3,25;5,0;4,5;3,6666666666666665;3,2;3,0
1,0;4,0;5,0;5,0;3,5555555555555554;3,0;2,8333333333333335;2,8;3,0
1,0;4,0;4,5;3,75;4,555555555555555;3,0;3,8333333333333335;3,6;3,25
1,0;4,0;2,0;2,5;1,0;1,0;3,0;1,8;1,25
2,0;3,0;5,0;4,25;5,0;4,5;3,1666666666666665;3,0;3,5
2,0;3,0;4,0;2,5;3,6666666666666665;2,5;3,3333333333333335;2,8;2,25
2,0;3,0;4,0;4,0;3,3333333333333335;2,0;2,5;3,2;3,75
2,0;3,0;4,0;3,5;4,666666666666667;2,5;1,8333333333333333;3,0;2,75
2,0;3,0;2,5;3,25;4,888888888888889;4,0;3,3333333333333335;2,6;3,25
2,0;3,0;4,0;3,5;4,555555555555555;2,5;2,5;3,8;4,0
2,0;3,0;4,0;3,5;4,555555555555555;2,5;2,3333333333333335;2,8;3,5
2,0;3,0;5,0;4,5;4,555555555555555;4,0;2,1666666666666665;4,0;4,0
2,0;3,0;4,5;2,75;4,777777777777778;2,5;3,1666666666666665;3,4;4,0
2,0;3,0;3,5;4,0;3,888888888888889;4,0;3,5;2,6;3,25
2,0;2,0;5,0;3,0;2,888888888888889;1,0;3,1666666666666665;3,6;3,5
2,0;2,0;3,5;3,75;2,7777777777777777;3,0;2,5;4,0;4,0
2,0;2,0;4,0;3,5;4,888888888888889;4,0;3,6666666666666665;4,0;4,0
2,0;2,0;4,0;3,0;3,5555555555555554;3,5;2,1666666666666665;3,6;3,0
2,0;2,0;2,0;2,75;4,777777777777778;2,0;4,0;3,4;2,5
2,0;2,0;4,0;2,0;4,888888888888889;2,5;4,0;3,8;3,75
2,0;2,0;2,5;3,0;3,7777777777777777;3,0;2,0;3,0;3,5
2,0;2,0;2,5;2,25;3,6666666666666665;2,0;1,0;2,6;1,75
2,0;2,0;4,0;3,25;4,333333333333333;2,0;2,1666666666666665;3,4;3,5
2,0;2,0;1,0;2,25;3,0;4,0;2,0;3,4;3,0
2,0;3,0;5,0;3,75;4,666666666666667;2,5;4,0;3,4;3,0
2,0;3,0;2,0;3,0;4,444444444444445;2,0;2,6666666666666665;2,8;2,5
2,0;3,0;2,5;2,5;3,7777777777777777;3,5;2,3333333333333335;2,6;3,0
2,0;3,0;3,0;4,0;3,888888888888889;2,5;1,0;3,2;3,5
2,0;3,0;4,0;3,75;4,333333333333333;4,0;2,8333333333333335;2,8;2,5
2,0;3,0;4,0;3,5;5,0;5,0;4,0;2,4;3,0
2,0;3,0;3,5;3,5;3,6666666666666665;3,0;2,5;2,4;2,75
2,0;3,0;2,0;2,5;4,0;2,5;2,1666666666666665;3,0;2,75
2,0;3,0;4,0;2,75;3,7777777777777777;1,0;3,1666666666666665;3,0;2,75
2,0;3,0;1,0;3,25;3,4444444444444446;1,0;1,0;2,4;1,75
2,0;2,0;2,5;2,5;3,2222222222222223;1,0;1,8333333333333333;3,8;3,75
2,0;2,0;3,0;2,75;2,5555555555555554;1,0;3,1666666666666665;2,2;2,5
2,0;2,0;1,5;2,25;4,777777777777778;3,0;3,6666666666666665;3,6;3,25
2,0;2,0;3,5;2,25;4,111111111111111;3,0;3,8333333333333335;2,2;2,5
2,0;2,0;3,5;3,75;4,666666666666667;4,0;2,8333333333333335;3,2;4,0
2,0;2,0;2,5;2,5;3,0;1,0;1,5;3,6;3,5
2,0;2,0;3,5;3,25;4,0;4,0;2,5;3,8;3,5
2,0;2,0;5,0;3,25;4,666666666666667;4,0;2,6666666666666665;3,4;3,5
2,0;2,0;2,0;2,25;2,5555555555555554;2,0;3,3333333333333335;3,2;2,5
2,0;2,0;4,0;3,25;4,333333333333333;4,0;3,8333333333333335;3,4;3,75
2,0;2,0;4,5;3,25;4,111111111111111;3,0;1,0;2,8;3,0
2,0;2,0;2,5;2,5;3,6666666666666665;3,5;2,6666666666666665;3,4;3,75
2,0;2,0;1,0;2,75;4,222222222222222;5,0;1,3333333333333333;3,4;3,75
2,0;2,0;4,0;2,5;3,5555555555555554;1,5;2,8333333333333335;3,4;2,75
2,0;2,0;3,0;2,5;4,444444444444445;4,0;2,0;2,0;3,25
2,0;2,0;2,5;4,0;2,3333333333333335;1,0;1,8333333333333333;4,0;3,25
2,0;2,0;3,0;3,0;4,222222222222222;4,0;3,0;2,8;3,25
2,0;2,0;2,0;2,75;2,6666666666666665;1,0;3,8333333333333335;3,6;2,5
2,0;2,0;2,0;3,75;1,7777777777777777;1,0;2,6666666666666665;2,8;3,25
2,0;2,0;2,0;3,25;2,5555555555555554;1,0;2,0;2,6;3,0
2,0;2,0;2,0;2,25;4,444444444444445;3,0;2,0;2,8;1,75
2,0;2,0;4,5;2,5;4,666666666666667;4,5;4,0;3,6;3,75
2,0;2,0;3,5;3,25;3,2222222222222223;3,0;2,0;3,4;4,0
2,0;2,0;1,5;3,0;3,6666666666666665;2,5;2,5;3,0;3,0
2,0;2,0;3,0;2,0;3,2222222222222223;1,0;3,1666666666666665;1,8;2,75
2,0;2,0;4,0;2,75;4,444444444444445;3,0;3,6666666666666665;2,6;2,25
2,0;2,0;2,5;3,0;3,6666666666666665;1,5;1,5;2,8;2,25
2,0;2,0;1,0;1,75;2,111111111111111;1,0;1,8333333333333333;3,4;3,25
2,0;2,0;3,0;4,0;4,555555555555555;5,0;1,8333333333333333;3,4;3,75
2,0;2,0;3,0;4,75;4,111111111111111;4,0;3,3333333333333335;2,2;2,75
1,0;2,0;4,0;3,5;5,0;5,0;1,0;3,4;2,75
1,0;2,0;2,5;3,75;3,5555555555555554;4,0;2,0;3,6;3,5
1,0;2,0;2,0;2,75;4,0;4,0;2,8333333333333335;3,6;3,5
1,0;2,0;3,5;2,75;4,333333333333333;3,5;3,1666666666666665;3,0;3,75
1,0;2,0;5,0;2,5;3,5555555555555554;2,0;4,0;2,6;4,0
1,0;2,0;2,0;2,75;4,0;4,0;2,8333333333333335;3,6;3,5
1,0;2,0;4,5;4,25;4,444444444444445;3,0;3,1666666666666665;3,4;3,75
1,0;2,0;4,0;2,75;4,0;2,5;3,1666666666666665;3,4;3,5
1,0;2,0;3,0;2,75;4,333333333333333;2,0;3,0;3,0;2,5
1,0;2,0;2,5;2,5;1,0;1,0;1,6666666666666667;3,6;2,75
2,0;2,0;4,0;1,25;1,6666666666666667;2,0;1,0;3,4;2,75
2,0;2,0;4,5;3,0;2,888888888888889;2,0;3,3333333333333335;3,6;3,25
2,0;2,0;3,0;2,25;3,111111111111111;2,0;2,8333333333333335;3,2;2,75
2,0;2,0;4,5;2,5;3,888888888888889;3,0;2,3333333333333335;2,4;2,5
2,0;2,0;3,0;3,25;2,5555555555555554;2,0;2,1666666666666665;3,2;3,25
2,0;2,0;2,5;2,0;3,0;1,0;1,3333333333333333;3,0;3,0
2,0;2,0;4,0;1,75;3,6666666666666665;2,0;3,6666666666666665;3,8;3,75
2,0;2,0;3,0;1,75;3,111111111111111;1,0;3,1666666666666665;3,2;2,5
2,0;2,0;5,0;2,25;3,888888888888889;1,0;3,5;3,4;2,5
2,0;2,0;3,5;1,75;1,3333333333333333;1,0;1,0;1,6;1,75
3,0;3,0;5,0;3,25;3,888888888888889;2,0;3,6666666666666665;2,6;2,0
3,0;3,0;4,0;3,25;4,222222222222222;1,0;3,0;4,0;3,5
3,0;3,0;5,0;2,75;4,777777777777778;5,0;1,3333333333333333;2,8;3,25
3,0;3,0;4,0;3,0;5,0;3,0;1,3333333333333333;3,0;3,0
3,0;3,0;3,0;2,25;4,555555555555555;3,0;3,0;2,8;4,0
3,0;3,0;4,5;2,25;4,333333333333333;3,0;2,0;2,4;2,75
3,0;3,0;3,0;2,5;4,111111111111111;2,0;2,6666666666666665;3,0;3,25
3,0;3,0;5,0;2,75;4,444444444444445;3,0;3,8333333333333335;2,8;3,0
3,0;3,0;4,5;1,75;3,6666666666666665;2,5;1,0;3,0;3,0
3,0;3,0;5,0;3,25;4,888888888888889;4,0;2,6666666666666665;3,4;2,5
2,0;3,0;4,0;2,75;4,888888888888889;3,5;3,6666666666666665;3,2;3,25
2,0;3,0;4,0;2,25;3,888888888888889;1,0;3,1666666666666665;3,0;2,75
2,0;3,0;4,0;2,25;4,666666666666667;2,5;3,8333333333333335;3,0;2,75
2,0;3,0;4,0;2,25;4,777777777777778;3,0;3,5;1,4;2,5
2,0;3,0;3,5;2,25;4,111111111111111;1,0;1,5;3,2;3,0
2,0;3,0;2,5;2,25;4,555555555555555;3,0;3,0;2,6;2,75
2,0;3,0;3,5;3,0;4,333333333333333;3,5;3,8333333333333335;2,8;2,75
2,0;3,0;4,0;2,5;4,333333333333333;3,5;2,6666666666666665;3,4;2,75
2,0;3,0;3,5;3,75;4,666666666666667;3,0;3,5;3,2;3,25
2,0;3,0;3,5;2,25;3,888888888888889;2,0;3,1666666666666665;3,0;3,0
2,0;2,0;1,5;3,0;4,555555555555555;3,5;3,0;3,2;2,75
2,0;2,0;3,5;3,0;3,4444444444444446;2,5;1,6666666666666667;3,6;3,5
2,0;2,0;2,0;5,0;5,0;5,0;2,8333333333333335;2,8;3,0
2,0;2,0;4,0;2,75;4,222222222222222;2,5;3,1666666666666665;3,8;3,75
2,0;2,0;3,0;2,75;3,5555555555555554;3,0;2,5;3,0;3,5
2,0;2,0;3,0;3,0;4,666666666666667;3,0;3,6666666666666665;2,0;2,25
2,0;2,0;2,5;3,0;3,6666666666666665;2,5;2,6666666666666665;3,0;3,25
2,0;2,0;2,0;2,5;3,3333333333333335;1,0;3,5;2,4;1,25
2,0;2,0;2,5;2,5;4,777777777777778;2,5;4,0;3,0;3,25
2,0;2,0;4,0;3,0;3,4444444444444446;1,0;1,0;3,6;4,0
2,0;2,0;2,0;2,25;3,6666666666666665;1,0;3,1666666666666665;3,2;4,0
2,0;2,0;5,0;3,5;5,0;5,0;1,0;3,2;3,25
2,0;2,0;4,0;2,75;2,7777777777777777;2,5;1,3333333333333333;3,6;3,0
2,0;2,0;3,5;3,0;5,0;5,0;3,5;3,0;3,75
2,0;2,0;4,0;3,25;3,5555555555555554;2,0;4,0;3,0;3,0
2,0;2,0;3,5;3,0;3,4444444444444446;1,5;2,5;3,0;2,75
2,0;2,0;2,0;1,75;2,6666666666666665;3,5;3,0;3,0;3,0
2,0;2,0;4,5;3,0;3,0;2,5;2,5;3,0;2,75
2,0;2,0;4,0;2,75;4,444444444444445;3,0;1,5;3,2;3,0
2,0;2,0;5,0;4,0;2,0;2,0;2,0;3,0;3,0
2,0;2,0;4,5;3,5;4,888888888888889;4,5;1,8333333333333333;3,6;3,5
2,0;2,0;2,0;3,75;4,111111111111111;4,5;3,3333333333333335;3,8;4,0
2,0;2,0;3,5;2,0;3,7777777777777777;2,0;1,1666666666666667;3,2;2,75
2,0;2,0;1,5;1,5;3,6666666666666665;1,0;1,8333333333333333;2,4;2,75
2,0;2,0;3,0;4,25;4,0;4,0;1,3333333333333333;3,0;3,0
2,0;2,0;2,0;3,0;3,7777777777777777;3,0;3,6666666666666665;3,2;3,0
2,0;2,0;2,0;3,0;4,111111111111111;4,0;3,3333333333333335;3,2;3,5
2,0;2,0;2,5;3,5;3,5555555555555554;3,5;2,5;3,2;3,0
2,0;2,0;1,0;1,75;3,5555555555555554;4,0;1,3333333333333333;3,2;2,75
2,0;2,0;4,5;3,75;4,666666666666667;4,0;1,8333333333333333;3,6;3,5
2,0;3,0;3,0;2,5;4,222222222222222;4,0;2,5;2,8;3,0
2,0;3,0;3,5;2,75;4,0;4,0;3,0;2,4;2,0
2,0;3,0;2,0;2,75;3,6666666666666665;2,0;2,6666666666666665;1,8;2,0
2,0;3,0;3,5;3,0;4,0;2,0;1,0;2,8;2,5
2,0;3,0;3,5;2,25;3,7777777777777777;2,5;2,0;2,8;2,75
2,0;3,0;5,0;4,0;4,333333333333333;3,5;2,5;2,8;3,0
2,0;3,0;5,0;3,25;4,777777777777778;2,0;4,0;1,6;1,75
2,0;3,0;4,0;2,25;5,0;5,0;3,8333333333333335;2,4;2,25
2,0;3,0;5,0;4,0;5,0;4,0;3,0;3,0;4,0
2,0;3,0;5,0;5,0;4,444444444444445;4,5;1,5;3,4;4,0
2,0;3,0;3,5;4,0;4,444444444444445;4,0;2,8333333333333335;3,4;2,75
2,0;3,0;5,0;3,75;4,444444444444445;3,5;2,0;3,0;3,0
2,0;3,0;4,0;4,0;4,333333333333333;2,5;2,1666666666666665;2,6;2,25
2,0;3,0;4,0;3,0;3,888888888888889;1,0;2,0;3,4;3,5
2,0;3,0;4,0;3,25;4,777777777777778;3,5;3,1666666666666665;2,4;2,25
2,0;3,0;3,5;3,5;4,111111111111111;2,0;2,6666666666666665;2,6;3,0
2,0;3,0;3,0;2,25;4,111111111111111;1,0;2,1666666666666665;3,4;3,25
2,0;3,0;4,0;3,25;4,0;4,0;2,1666666666666665;3,0;3,75
2,0;3,0;2,5;3,0;4,111111111111111;3,5;3,6666666666666665;2,8;2,5
2,0;3,0;4,0;3,25;4,888888888888889;3,0;2,8333333333333335;3,0;2,75
1,0;2,0;2,0;3,75;2,4444444444444446;2,0;1,5;4,0;3,75
1,0;2,0;3,0;3,5;4,333333333333333;4,5;2,8333333333333335;3,4;3,0
1,0;2,0;4,0;4,0;2,888888888888889;2,5;2,5;2,8;2,0
1,0;2,0;3,0;3,75;2,5555555555555554;1,0;3,1666666666666665;3,6;3,0
1,0;2,0;5,0;4,0;4,777777777777778;4,0;3,6666666666666665;4,0;4,0
1,0;2,0;1,5;2,5;4,666666666666667;4,0;2,6666666666666665;3,8;3,25
1,0;2,0;2,5;3,5;4,111111111111111;3,5;3,0;3,8;3,75
1,0;2,0;1,0;2,5;2,4444444444444446;2,0;2,5;2,6;1,25
1,0;2,0;4,5;4,5;4,111111111111111;4,5;2,1666666666666665;3,6;3,0
1,0;2,0;4,5;2,25;3,5555555555555554;2,0;2,1666666666666665;3,0;3,0
1,0;2,0;5,0;4,25;4,0;4,5;4,0;3,6;3,75
1,0;2,0;3,0;3,25;4,777777777777778;2,5;3,5;3,0;3,0
1,0;2,0;3,0;3,25;4,444444444444445;4,0;3,3333333333333335;2,4;2,75
1,0;2,0;5,0;4,75;4,222222222222222;1,5;2,0;4,0;3,75
1,0;2,0;4,0;4,25;3,5555555555555554;2,0;2,0;3,0;2,5
1,0;2,0;1,5;4,75;3,888888888888889;4,5;4,0;4,0;3,75
1,0;2,0;3,0;3,0;4,555555555555555;3,0;3,6666666666666665;2,8;3,0
1,0;2,0;2,0;3,0;4,777777777777778;4,0;4,0;2,4;2,0
1,0;2,0;4,5;4,75;3,0;3,0;3,6666666666666665;3,2;3,25
1,0;2,0;5,0;5,0;3,3333333333333335;1,5;2,1666666666666665;3,4;2,75
2,0;3,0;5,0;3,75;3,6666666666666665;1,5;3,1666666666666665;1,4;2,0
2,0;3,0;3,5;3,75;4,888888888888889;4,0;2,8333333333333335;3,0;3,25
2,0;3,0;4,5;3,0;4,0;2,0;3,3333333333333335;2,8;2,5
2,0;3,0;4,0;2,75;4,222222222222222;1,0;4,0;2,2;2,75
2,0;3,0;5,0;3,25;3,4444444444444446;1,0;3,1666666666666665;2,6;3,0
2,0;3,0;5,0;3,0;5,0;2,0;3,3333333333333335;3,2;2,75
2,0;3,0;5,0;2,75;4,0;2,5;1,5;2,6;2,25
2,0;3,0;4,0;3,25;3,5555555555555554;1,0;1,1666666666666667;3,0;3,0
2,0;3,0;3,0;3,0;3,111111111111111;2,5;1,5;2,6;3,5
2,0;3,0;2,0;3,25;3,7777777777777777;3,5;2,8333333333333335;4,0;4,0
1,0;2,0;4,0;3,75;3,7777777777777777;2,5;1,0;3,8;3,5
1,0;2,0;2,5;3,75;3,111111111111111;2,0;4,0;3,0;2,5
1,0;2,0;5,0;5,0;4,777777777777778;2,0;3,8333333333333335;3,8;4,0
1,0;2,0;4,0;3,5;3,6666666666666665;3,0;4,0;3,4;3,75
1,0;2,0;1,5;3,75;4,0;2,0;4,0;3,6;3,25
1,0;2,0;3,0;3,25;3,5555555555555554;3,0;2,6666666666666665;4,0;3,75
1,0;2,0;4,5;3,75;4,444444444444445;4,0;3,3333333333333335;3,2;3,25
1,0;2,0;4,5;4,0;4,666666666666667;4,0;3,1666666666666665;4,0;3,5
1,0;2,0;4,0;4,0;2,888888888888889;1,0;2,6666666666666665;4,0;4,0
1,0;2,0;2,5;2,25;3,888888888888889;3,5;2,3333333333333335;2,8;2,0
2,0;3,0;4,5;3,0;3,888888888888889;3,5;2,3333333333333335;3,0;2,5
2,0;3,0;3,5;3,0;4,888888888888889;2,5;3,6666666666666665;3,0;3,5
2,0;3,0;5,0;1,75;4,111111111111111;1,0;3,8333333333333335;3,2;3,75
2,0;3,0;4,0;3,75;4,666666666666667;3,5;2,3333333333333335;3,0;2,75
2,0;3,0;5,0;2,75;4,0;3,5;4,0;4,0;3,75
2,0;3,0;5,0;3,25;5,0;2,5;3,6666666666666665;2,8;3,25
2,0;3,0;5,0;3,5;4,888888888888889;3,5;2,6666666666666665;3,4;3,75
2,0;3,0;2,0;3,25;4,111111111111111;3,5;3,5;2,6;2,5
2,0;3,0;2,5;3,5;4,444444444444445;3,5;3,1666666666666665;2,8;2,5
2,0;3,0;3,0;3,0;4,0;4,0;1,0;3,8;3,5
2,0;3,0;5,0;4,25;4,555555555555555;4,5;3,0;3,8;3,5
2,0;3,0;4,5;2,75;5,0;5,0;2,5;3,0;3,0
2,0;3,0;2,0;2,75;5,0;2,5;3,1666666666666665;2,8;3,0
2,0;3,0;4,0;3,25;4,888888888888889;4,0;2,8333333333333335;3,4;3,0
2,0;3,0;4,5;2,25;4,888888888888889;4,0;3,0;3,8;3,25
2,0;3,0;5,0;5,0;5,0;3,0;3,6666666666666665;4,0;4,0
2,0;3,0;3,5;3,25;4,0;2,5;1,5;2,6;2,5
2,0;3,0;3,5;3,5;3,6666666666666665;2,0;1,6666666666666667;2,4;1,5
2,0;3,0;3,0;3,0;4,0;2,0;2,0;2,6;3,75
2,0;3,0;4,0;2,75;4,0;3,5;3,0;3,2;3,25
2,0;3,0;2,0;2,25;4,777777777777778;2,5;1,6666666666666667;1,8;1,5
2,0;3,0;5,0;3,0;5,0;3,0;4,0;4,0;4,0
2,0;3,0;5,0;3,0;4,888888888888889;4,5;4,0;4,0;4,0
2,0;3,0;5,0;2,75;4,444444444444445;3,0;3,6666666666666665;3,0;3,25
2,0;3,0;3,0;2,25;4,555555555555555;3,0;3,3333333333333335;2,2;1,0
2,0;3,0;4,0;3,0;3,6666666666666665;1,0;3,3333333333333335;2,0;1,25
2,0;3,0;4,5;3,0;4,777777777777778;2,0;1,8333333333333333;3,4;2,75
2,0;3,0;5,0;2,75;4,444444444444445;1,0;2,1666666666666665;2,4;2,0
2,0;3,0;4,0;3,75;4,555555555555555;3,0;2,3333333333333335;3,2;3,5
2,0;3,0;5,0;1,0;2,0;1,0;3,0;1,0;1,0
2,0;3,0;1,5;2,5;4,111111111111111;1,5;1,8333333333333333;3,2;3,0
2,0;3,0;4,5;3,5;3,888888888888889;3,5;3,3333333333333335;3,4;3,5
2,0;3,0;4,0;3,5;4,666666666666667;2,5;2,5;3,0;2,5
2,0;3,0;4,0;3,75;3,4444444444444446;2,0;3,3333333333333335;3,6;3,75
2,0;3,0;3,5;2,75;4,666666666666667;3,0;2,6666666666666665;3,0;3,0
2,0;3,0;4,0;3,0;4,444444444444445;2,5;2,1666666666666665;3,0;3,0
2,0;3,0;4,5;4,5;4,888888888888889;5,0;3,6666666666666665;4,0;3,0
2,0;3,0;5,0;4,0;4,888888888888889;3,0;2,6666666666666665;3,0;3,0
2,0;3,0;3,5;3,0;5,0;3,0;3,8333333333333335;2,8;2,5
2,0;3,0;5,0;5,0;5,0;2,0;3,1666666666666665;3,6;3,0
1,0;2,0;3,0;4,5;2,4444444444444446;3,0;1,3333333333333333;3,8;3,5
1,0;2,0;3,5;2,25;2,7777777777777777;1,0;1,5;3,2;2,5
1,0;2,0;1,5;2,5;2,3333333333333335;1,5;3,1666666666666665;2,8;3,5
1,0;2,0;1,0;1,5;1,0;1,0;2,3333333333333335;3,6;3,75
1,0;2,0;2,5;1,75;3,3333333333333335;1,0;2,0;3,6;3,75
1,0;2,0;3,0;3,5;3,2222222222222223;3,0;2,3333333333333335;3,4;4,0
1,0;2,0;4,0;3,0;4,222222222222222;4,5;2,5;3,6;4,0
1,0;2,0;4,0;2,0;2,3333333333333335;1,0;1,8333333333333333;3,2;3,25
1,0;2,0;3,5;2,0;4,111111111111111;1,0;2,5;3,4;2,5
1,0;2,0;2,0;2,0;1,1111111111111112;1,0;2,1666666666666665;2,6;2,75
1,0;2,0;4,0;4,0;3,6666666666666665;3,5;2,0;2,8;3,25
1,0;2,0;3,0;3,75;3,5555555555555554;2,0;3,8333333333333335;3,8;3,75
1,0;2,0;2,5;2,5;2,6666666666666665;4,0;1,6666666666666667;2,8;3,25
1,0;2,0;5,0;3,0;3,3333333333333335;1,0;2,1666666666666665;4,0;4,0
1,0;2,0;4,0;3,5;3,111111111111111;3,0;3,1666666666666665;3,2;4,0
1,0;2,0;4,0;1,0;4,444444444444445;3,5;2,1666666666666665;3,8;3,5
1,0;2,0;1,5;1,5;1,7777777777777777;2,5;1,6666666666666667;2,6;2,5
1,0;2,0;4,5;3,25;5,0;5,0;1,0;3,8;3,25
1,0;2,0;4,0;4,0;4,111111111111111;1,5;1,6666666666666667;3,4;4,0
1,0;2,0;4,5;1,0;3,5555555555555554;3,5;3,0;3,0;3,0
1,0;2,0;1,5;3,0;3,111111111111111;2,0;2,8333333333333335;3,2;3,0
1,0;2,0;5,0;3,0;2,6666666666666665;1,0;2,6666666666666665;3,2;4,0
1,0;2,0;5,0;2,0;2,7777777777777777;1,0;3,0;3,4;3,25
1,0;2,0;4,0;3,5;4,0;2,5;2,8333333333333335;3,2;3,0
1,0;2,0;2,5;3,5;3,4444444444444446;4,0;2,5;3,0;4,0
1,0;2,0;4,5;2,5;2,6666666666666665;2,5;2,1666666666666665;3,6;3,75
1,0;2,0;1,0;1,0;3,111111111111111;3,5;1,1666666666666667;4,0;4,0
1,0;2,0;2,5;3,5;4,555555555555555;4,5;2,6666666666666665;3,4;2,75
1,0;2,0;4,0;4,0;4,222222222222222;4,0;2,5;2,4;2,75
1,0;2,0;1,0;1,0;4,0;4,0;1,0;3,8;4,0
3,0;3,0;5,0;2,5;5,0;3,0;2,0;3,0;2,25
3,0;3,0;3,0;2,75;4,777777777777778;1,0;3,1666666666666665;3,6;3,0
3,0;3,0;3,5;4,0;3,7777777777777777;1,0;3,3333333333333335;3,0;3,0
3,0;3,0;3,5;3,25;4,777777777777778;2,5;2,3333333333333335;2,6;2,75
3,0;3,0;4,5;2,5;4,888888888888889;2,5;2,6666666666666665;3,0;3,75
3,0;3,0;4,5;2,5;3,7777777777777777;3,0;2,6666666666666665;2,0;2,0
3,0;3,0;3,0;2,5;4,888888888888889;2,5;3,6666666666666665;2,8;2,5
3,0;3,0;4,0;2,75;4,444444444444445;3,5;3,3333333333333335;4,0;2,5
3,0;3,0;4,0;3,75;3,888888888888889;2,0;3,3333333333333335;3,0;2,75
3,0;3,0;3,0;2,75;4,666666666666667;1,0;1,1666666666666667;3,0;3,0
1,0;3,0;2,5;3,5;4,888888888888889;2,0;4,0;3,4;2,25
1,0;3,0;5,0;3,75;4,555555555555555;3,0;2,1666666666666665;4,0;4,0
1,0;3,0;3,0;3,25;4,555555555555555;1,0;2,6666666666666665;3,2;3,25
1,0;3,0;5,0;3,0;3,888888888888889;1,0;2,5;3,8;3,0
1,0;3,0;4,0;2,75;5,0;2,0;3,8333333333333335;2,4;2,75
1,0;3,0;2,5;2,75;3,6666666666666665;2,0;1,0;2,8;2,75
1,0;3,0;4,5;3,5;4,444444444444445;3,0;2,3333333333333335;3,0;3,0
1,0;3,0;3,5;2,5;4,111111111111111;3,5;2,6666666666666665;3,2;3,0
1,0;3,0;4,0;3,25;4,0;3,5;3,3333333333333335;3,4;3,75
1,0;3,0;2,0;2,5;3,888888888888889;2,0;2,6666666666666665;3,4;3,25
2,0;2,0;3,5;2,5;4,444444444444445;3,0;2,0;3,0;3,25
2,0;2,0;2,5;3,25;2,7777777777777777;1,0;2,3333333333333335;3,0;2,5
2,0;2,0;3,5;1,75;3,4444444444444446;1,0;3,0;3,6;3,5
2,0;2,0;1,0;3,75;3,2222222222222223;2,5;2,3333333333333335;2,6;3,0
2,0;2,0;2,5;2,5;4,0;3,5;3,1666666666666665;3,2;3,5
2,0;2,0;2,0;3,25;4,222222222222222;1,0;3,0;3,6;3,75
2,0;2,0;3,5;2,0;4,666666666666667;3,0;2,8333333333333335;4,0;2,75
2,0;2,0;3,0;2,0;3,2222222222222223;1,0;2,3333333333333335;3,6;3,25
2,0;2,0;2,0;3,0;4,111111111111111;1,5;2,6666666666666665;2,6;1,75
2,0;2,0;4,5;3,75;4,444444444444445;4,0;3,6666666666666665;3,4;3,25
2,0;3,0;5,0;3,75;4,555555555555555;4,5;2,3333333333333335;3,6;3,75
2,0;3,0;2,0;3,5;4,888888888888889;4,0;2,5;3,4;3,5
2,0;3,0;4,5;2,75;4,777777777777778;3,0;3,3333333333333335;3,6;2,5
2,0;3,0;4,0;2,75;4,444444444444445;3,0;3,0;3,0;2,75
2,0;3,0;3,5;2,5;4,333333333333333;2,0;2,3333333333333335;2,2;2,5
2,0;3,0;4,0;3,5;4,333333333333333;4,0;3,1666666666666665;2,6;2,75
2,0;3,0;4,5;3,5;4,777777777777778;4,0;2,8333333333333335;3,6;3,5
2,0;3,0;4,5;2,75;3,6666666666666665;2,0;2,8333333333333335;2,8;2,5
2,0;3,0;5,0;3,75;4,888888888888889;5,0;3,5;3,8;3,5
2,0;3,0;4,0;3,25;4,0;3,5;3,5;3,2;3,0
1,0;3,0;3,5;3,5;3,5555555555555554;4,0;2,3333333333333335;2,8;3,0
1,0;3,0;4,5;3,75;5,0;4,0;2,8333333333333335;1,8;2,25
1,0;3,0;5,0;2,75;5,0;4,5;3,0;3,4;2,75
1,0;3,0;4,5;3,25;4,444444444444445;3,5;3,0;3,6;3,75
1,0;3,0;4,0;2,5;4,555555555555555;3,5;2,8333333333333335;3,2;3,75
1,0;3,0;4,0;2,0;4,222222222222222;1,5;3,8333333333333335;2,0;2,0
1,0;3,0;3,0;2,0;4,777777777777778;1,5;3,0;2,6;2,5
1,0;3,0;3,5;2,5;4,333333333333333;1,0;2,8333333333333335;3,4;3,25
1,0;3,0;5,0;3,0;5,0;4,0;3,0;3,6;2,75
1,0;3,0;4,5;3,0;4,333333333333333;2,5;2,8333333333333335;2,8;3,0
2,0;3,0;3,0;3,25;3,3333333333333335;2,0;2,0;3,0;2,75
2,0;3,0;5,0;3,5;4,333333333333333;1,0;4,0;2,8;2,75
2,0;3,0;4,0;1,75;3,3333333333333335;1,0;3,0;2,0;1,25
2,0;3,0;5,0;5,0;4,555555555555555;3,0;3,0;3,6;3,75
2,0;3,0;3,0;2,75;4,888888888888889;3,5;3,8333333333333335;2,8;2,0
2,0;3,0;3,0;3,25;3,888888888888889;2,0;3,8333333333333335;2,8;3,0
2,0;3,0;5,0;3,25;4,111111111111111;2,0;2,5;3,0;2,5
2,0;3,0;2,0;3,25;3,888888888888889;2,0;3,1666666666666665;3,2;2,25
2,0;3,0;2,0;2,75;3,111111111111111;3,0;2,6666666666666665;3,6;3,25
2,0;3,0;2,5;2,5;3,0;1,0;1,5;1,4;1,5
2,0;3,0;3,0;3,0;4,222222222222222;2,5;2,1666666666666665;3,4;3,25
2,0;3,0;3,0;2,5;4,111111111111111;1,0;2,8333333333333335;2,6;2,5
2,0;3,0;2,0;2,25;4,0;2,5;2,1666666666666665;2,6;2,0
2,0;3,0;2,5;3,5;4,555555555555555;2,0;3,1666666666666665;2,8;3,0
2,0;3,0;3,0;3,25;3,7777777777777777;1,0;1,5;2,6;2,0
2,0;3,0;1,5;3,75;3,0;2,5;1,0;3,6;2,5
2,0;3,0;3,5;1,25;3,2222222222222223;1,0;3,3333333333333335;2,0;1,5
2,0;3,0;3,5;3,75;3,7777777777777777;1,0;2,8333333333333335;3,8;3,5
2,0;3,0;3,5;3,0;4,111111111111111;1,0;3,5;3,0;3,0
2,0;3,0;3,0;3,25;4,444444444444445;2,0;3,1666666666666665;3,0;2,5
2,0;2,0;3,0;2,75;2,3333333333333335;1,0;3,6666666666666665;2,8;1,75
2,0;2,0;2,0;2,0;2,0;1,0;1,8333333333333333;3,4;3,25
2,0;2,0;3,0;1,75;1,3333333333333333;1,0;2,5;3,2;3,25
2,0;2,0;3,0;1,75;2,111111111111111;1,5;2,1666666666666665;3,0;3,5
2,0;2,0;1,5;3,5;2,6666666666666665;1,0;2,0;3,0;3,0
2,0;2,0;3,0;3,25;2,888888888888889;2,5;1,8333333333333333;4,0;4,0
2,0;2,0;1,5;1,75;3,7777777777777777;2,0;1,8333333333333333;2,8;2,75
2,0;2,0;1,5;2,0;2,6666666666666665;2,5;1,6666666666666667;3,4;3,75
2,0;2,0;1,5;2,0;3,3333333333333335;1,0;1,5;3,4;2,25
2,0;2,0;1,5;3,0;4,333333333333333;2,0;2,8333333333333335;3,2;3,25
2,0;4,0;3,5;3,25;4,222222222222222;3,0;3,6666666666666665;2,6;1,5
2,0;4,0;2,0;5,0;4,666666666666667;1,0;4,0;2,8;3,0
2,0;4,0;5,0;5,0;4,111111111111111;5,0;4,0;3,4;3,0
2,0;4,0;3,0;3,75;4,0;2,5;2,8333333333333335;3,0;2,75
2,0;4,0;5,0;4,0;3,6666666666666665;2,5;2,3333333333333335;2,4;3,5
2,0;4,0;5,0;4,25;5,0;5,0;3,8333333333333335;4,0;4,0
2,0;4,0;4,0;4,0;4,0;3,0;2,6666666666666665;4,0;3,75
2,0;4,0;3,5;3,0;4,0;2,5;4,0;3,4;3,75
2,0;4,0;5,0;4,0;5,0;3,0;3,8333333333333335;3,8;3,75
2,0;4,0;3,5;3,0;4,222222222222222;4,0;3,5;3,0;2,75
2,0;3,0;3,0;3,0;3,5555555555555554;1,5;3,0;3,4;3,0
2,0;3,0;5,0;3,5;5,0;3,0;2,3333333333333335;3,8;3,75
2,0;3,0;2,5;3,75;3,7777777777777777;3,5;2,1666666666666665;3,0;2,75
2,0;3,0;5,0;4,25;3,5555555555555554;3,5;3,0;3,4;3,5
2,0;3,0;2,0;2,5;3,4444444444444446;3,0;1,8333333333333333;2,6;2,25
2,0;3,0;5,0;4,5;3,6666666666666665;1,0;3,0;3,8;3,5
2,0;3,0;3,0;3,0;4,444444444444445;4,0;3,1666666666666665;3,4;2,75
2,0;3,0;5,0;4,25;3,7777777777777777;3,0;2,3333333333333335;3,0;3,5
2,0;3,0;4,0;2,5;4,444444444444445;2,5;1,0;3,6;2,75
2,0;3,0;4,5;4,25;4,555555555555555;2,0;3,5;3,0;3,75
2,0;2,0;2,5;1,5;3,0;1,0;1,8333333333333333;2,8;3,5
2,0;2,0;2,0;3,0;4,111111111111111;3,5;1,5;2,8;2,5
2,0;2,0;3,0;3,0;3,6666666666666665;3,0;2,5;3,0;2,5
2,0;2,0;1,5;2,5;3,0;1,0;2,0;3,0;3,5
2,0;2,0;2,5;2,5;3,4444444444444446;1,0;2,5;2,6;2,25
2,0;2,0;4,5;2,25;1,8888888888888888;1,0;3,5;3,4;3,25
2,0;2,0;3,0;2,0;2,5555555555555554;2,5;2,6666666666666665;2,8;3,0
2,0;2,0;2,0;2,75;3,2222222222222223;2,0;2,0;3,6;3,75
2,0;2,0;4,0;2,25;4,111111111111111;3,0;2,6666666666666665;3,4;3,75
2,0;2,0;1,5;2,25;2,0;2,5;1,8333333333333333;3,6;3,75
2,0;3,0;3,5;3,0;4,111111111111111;2,0;3,3333333333333335;2,8;2,75
2,0;3,0;5,0;5,0;4,888888888888889;4,5;4,0;4,0;4,0
2,0;3,0;3,0;3,5;4,888888888888889;3,0;2,5;4,0;3,5
2,0;3,0;2,5;5,0;5,0;5,0;4,0;3,8;3,25
2,0;3,0;3,0;3,5;5,0;4,0;3,0;3,0;3,0
2,0;3,0;5,0;3,0;4,0;4,0;2,0;4,0;4,0
2,0;3,0;3,5;3,75;4,555555555555555;2,5;3,3333333333333335;3,8;3,5
2,0;3,0;5,0;3,5;5,0;5,0;1,0;3,0;3,0
2,0;3,0;2,0;3,5;4,111111111111111;3,5;2,3333333333333335;3,8;3,25
2,0;3,0;1,0;1,0;1,0;1,0;1,0;3,6;4,0
2,0;3,0;5,0;3,0;5,0;5,0;3,6666666666666665;3,0;3,0
2,0;3,0;4,0;3,75;3,888888888888889;3,5;2,3333333333333335;2,8;2,75
2,0;3,0;5,0;3,0;2,6666666666666665;1,5;1,0;3,2;2,5
2,0;3,0;3,5;3,75;3,888888888888889;1,0;2,6666666666666665;3,2;2,5
2,0;3,0;2,0;2,75;4,888888888888889;4,0;3,8333333333333335;2,6;2,0
2,0;3,0;5,0;3,75;4,888888888888889;3,5;2,6666666666666665;3,8;3,75
2,0;3,0;3,5;3,25;4,333333333333333;2,5;3,1666666666666665;2,6;3,0
2,0;3,0;5,0;4,0;4,777777777777778;4,0;3,0;4,0;3,25
2,0;3,0;3,5;3,25;4,0;4,0;3,1666666666666665;3,0;3,0
2,0;3,0;2,0;2,25;4,333333333333333;4,0;3,3333333333333335;2,8;2,5
2,0;3,0;1,5;3,0;5,0;3,5;2,1666666666666665;3,2;3,0
2,0;3,0;5,0;3,25;5,0;5,0;3,8333333333333335;3,2;4,0
2,0;3,0;5,0;3,75;4,555555555555555;1,5;1,0;3,2;3,25
2,0;3,0;4,0;3,5;4,222222222222222;4,0;3,8333333333333335;3,4;3,0
2,0;3,0;4,0;3,25;4,888888888888889;3,0;2,1666666666666665;3,2;2,75
2,0;3,0;4,0;3,25;3,6666666666666665;3,0;2,0;2,2;2,5
2,0;3,0;3,0;3,0;5,0;4,5;2,5;2,6;1,5
2,0;3,0;4,0;2,25;5,0;4,5;3,6666666666666665;2,2;2,5
2,0;3,0;2,5;3,0;3,4444444444444446;1,0;2,8333333333333335;2,6;2,5
2,0;3,0;3,5;3,5;3,888888888888889;2,0;3,0;3,0;3,25
1,0;4,0;3,5;2,75;3,4444444444444446;3,0;2,5;3,8;3,25
1,0;4,0;5,0;4,0;4,111111111111111;2,0;4,0;3,6;4,0
1,0;4,0;4,5;2,75;3,888888888888889;3,5;2,5;2,4;2,25
1,0;4,0;3,5;2,5;4,666666666666667;3,0;2,0;3,4;3,5
1,0;4,0;5,0;2,5;4,444444444444445;2,5;4,0;3,4;3,75
1,0;4,0;2,5;2,0;3,2222222222222223;1,0;2,3333333333333335;2,6;2,25
1,0;4,0;2,0;3,0;3,7777777777777777;1,5;3,0;3,2;3,0
1,0;4,0;5,0;4,25;4,888888888888889;3,0;4,0;3,0;3,25
1,0;4,0;3,0;4,0;4,0;4,0;2,3333333333333335;3,4;4,0
1,0;4,0;2,5;2,5;4,0;3,5;2,5;2,2;3,5
2,0;4,0;3,0;2,5;4,111111111111111;3,0;3,0;3,0;2,5
2,0;4,0;3,5;4,0;4,111111111111111;3,5;2,1666666666666665;3,4;3,0
2,0;4,0;4,0;4,0;4,111111111111111;4,5;3,6666666666666665;3,0;3,75
2,0;4,0;5,0;3,75;4,666666666666667;3,5;2,3333333333333335;3,2;3,0
2,0;4,0;5,0;4,0;4,111111111111111;4,0;3,0;3,0;3,0
2,0;4,0;2,5;3,5;4,0;2,0;2,0;3,0;3,25
2,0;4,0;3,0;4,25;3,888888888888889;3,5;2,5;2,6;1,75
2,0;4,0;3,0;3,75;3,6666666666666665;2,5;3,3333333333333335;3,8;2,25
2,0;4,0;2,0;3,5;4,333333333333333;3,5;2,5;3,2;3,25
2,0;4,0;4,0;4,0;4,0;3,5;3,0;3,6;4,0
3,0;3,0;2,0;2,5;4,777777777777778;3,0;3,6666666666666665;2,4;2,0
3,0;3,0;5,0;3,25;5,0;2,0;4,0;2,6;4,0
3,0;3,0;4,0;2,75;3,0;1,5;2,3333333333333335;3,0;2,75
3,0;3,0;5,0;3,75;3,111111111111111;3,0;1,8333333333333333;2,2;2,0
3,0;3,0;4,5;3,5;4,888888888888889;4,5;3,1666666666666665;3,4;3,5
3,0;3,0;4,5;3,5;4,555555555555555;1,0;3,5;2,8;2,75
3,0;3,0;4,0;3,0;4,888888888888889;4,0;4,0;2,4;4,0
3,0;3,0;2,5;3,25;4,444444444444445;3,0;1,1666666666666667;3,2;3,0
3,0;3,0;3,0;3,0;3,2222222222222223;1,0;1,8333333333333333;2,6;2,75
3,0;3,0;5,0;1,5;3,2222222222222223;1,0;3,1666666666666665;2,0;2,5
1,0;2,0;3,0;2,25;3,4444444444444446;2,0;2,8333333333333335;2,8;3,0
1,0;2,0;3,0;3,0;1,8888888888888888;1,0;2,5;3,6;3,25
1,0;2,0;3,0;2,25;3,888888888888889;2,5;2,6666666666666665;2,8;3,0
1,0;2,0;1,5;2,25;1,2222222222222223;1,0;1,0;3,2;3,25
1,0;2,0;2,0;2,25;2,3333333333333335;1,0;1,5;3,2;2,75
1,0;2,0;1,5;3,75;3,5555555555555554;1,0;2,5;3,6;2,75
1,0;2,0;1,5;2,5;3,3333333333333335;4,0;2,6666666666666665;3,0;3,0
1,0;2,0;3,0;4,25;4,222222222222222;3,5;1,5;1,6;1,5
1,0;2,0;3,0;2,75;3,888888888888889;1,0;2,3333333333333335;2,8;2,75
1,0;2,0;4,5;4,25;2,5555555555555554;1,0;1,0;3,2;2,25
2,0;3,0;3,5;3,0;3,4444444444444446;1,0;1,5;2,6;2,75
2,0;3,0;4,5;3,5;4,0;2,0;3,1666666666666665;3,0;3,0
2,0;3,0;1,5;2,25;2,888888888888889;1,0;3,0;2,6;2,0
2,0;3,0;3,0;3,0;4,111111111111111;2,5;3,8333333333333335;2,8;2,0
2,0;3,0;5,0;2,25;4,444444444444445;3,0;2,1666666666666665;2,0;2,0
2,0;3,0;4,0;2,75;3,4444444444444446;3,0;3,0;3,0;3,25
2,0;3,0;3,0;2,25;4,333333333333333;3,0;3,1666666666666665;1,0;2,0
2,0;3,0;5,0;4,25;3,4444444444444446;3,0;2,6666666666666665;3,6;3,25
2,0;3,0;5,0;3,25;4,0;1,0;3,0;2,8;3,25
2,0;3,0;3,5;3,5;3,111111111111111;2,0;1,6666666666666667;3,2;3,0
1,0;2,0;3,0;3,5;3,0;5,0;1,0;3,6;3,25
1,0;2,0;3,0;3,25;3,888888888888889;3,5;2,8333333333333335;2,6;2,25
1,0;2,0;3,0;2,0;2,888888888888889;2,0;2,8333333333333335;3,4;2,5
1,0;2,0;3,0;4,5;2,3333333333333335;2,5;2,8333333333333335;3,0;3,25
1,0;2,0;3,5;2,25;2,6666666666666665;2,5;2,0;3,2;2,5
1,0;2,0;4,5;4,5;4,444444444444445;3,5;2,6666666666666665;3,2;3,5
1,0;2,0;3,0;4,0;3,4444444444444446;3,5;2,3333333333333335;3,6;3,5
1,0;2,0;5,0;5,0;4,888888888888889;3,0;3,8333333333333335;3,6;4,0
1,0;2,0;3,0;1,75;4,333333333333333;4,0;1,5;3,2;3,0
1,0;2,0;1,5;3,75;2,7777777777777777;2,5;1,6666666666666667;3,0;3,25
2,0;3,0;3,0;3,0;4,0;3,0;1,0;2,8;2,25
2,0;3,0;2,0;2,75;4,888888888888889;5,0;2,3333333333333335;3,0;2,5
2,0;3,0;4,0;3,25;4,333333333333333;1,0;3,6666666666666665;2,8;3,75
2,0;3,0;3,0;3,0;4,333333333333333;2,5;3,3333333333333335;3,4;3,5
2,0;3,0;4,5;3,0;4,333333333333333;2,5;2,6666666666666665;3,0;2,25
2,0;3,0;2,5;2,25;4,777777777777778;1,5;3,5;3,4;2,75
2,0;3,0;2,0;3,25;4,666666666666667;4,0;2,3333333333333335;3,8;3,0
2,0;3,0;4,5;3,25;3,888888888888889;3,5;3,3333333333333335;3,0;3,0
2,0;3,0;4,5;2,5;4,0;2,5;3,1666666666666665;3,0;2,75
2,0;3,0;5,0;3,75;4,333333333333333;1,0;4,0;3,6;3,5
2,0;4,0;3,0;4,25;4,333333333333333;4,0;1,0;3,0;2,75
2,0;4,0;1,5;2,75;3,888888888888889;3,5;3,0;3,0;3,0
2,0;4,0;5,0;4,0;1,8888888888888888;2,0;3,0;3,8;3,5
2,0;4,0;5,0;5,0;4,0;1,0;2,5;4,0;3,75
2,0;4,0;3,0;4,0;4,0;4,0;2,6666666666666665;4,0;3,0
2,0;4,0;3,0;4,0;3,0;3,0;1,0;3,4;2,75
2,0;4,0;1,5;1,5;1,8888888888888888;2,0;2,0;3,2;3,25
2,0;4,0;5,0;1,75;4,555555555555555;2,5;1,0;4,0;4,0
2,0;4,0;1,5;1,5;1,6666666666666667;1,5;1,0;3,6;3,0
2,0;4,0;2,0;3,75;1,4444444444444444;1,0;1,5;2,8;2,0
3,0;3,0;3,0;2,25;4,777777777777778;1,0;2,1666666666666665;1,8;2,0
3,0;3,0;4,5;2,75;4,666666666666667;3,0;3,0;3,0;2,5
3,0;3,0;5,0;2,5;3,6666666666666665;2,5;2,0;2,0;1,0
3,0;3,0;3,0;1,75;4,333333333333333;2,5;1,6666666666666667;2,4;2,5
3,0;3,0;5,0;2,5;4,777777777777778;4,0;2,8333333333333335;3,0;3,0
3,0;3,0;4,5;2,25;3,6666666666666665;2,5;3,0;2,2;2,25
3,0;3,0;4,0;2,25;4,222222222222222;2,5;2,3333333333333335;2,6;1,75
3,0;3,0;4,5;2,0;3,4444444444444446;1,0;1,8333333333333333;2,0;3,0
3,0;3,0;2,5;2,5;3,7777777777777777;1,0;4,0;3,2;3,75
3,0;3,0;4,0;3,0;3,0;1,5;1,3333333333333333;2,2;2,25
2,0;2,0;1,0;5,0;5,0;5,0;4,0;4,0;3,75
2,0;2,0;2,0;3,0;3,6666666666666665;4,0;3,3333333333333335;3,6;2,75
2,0;2,0;3,5;3,25;2,888888888888889;2,0;2,1666666666666665;3,6;3,25
2,0;2,0;5,0;3,25;4,0;3,0;3,6666666666666665;3,8;3,0
2,0;2,0;2,5;2,25;4,888888888888889;2,5;2,3333333333333335;3,6;3,0
2,0;2,0;3,0;3,75;2,6666666666666665;2,5;4,0;4,0;4,0
2,0;2,0;1,0;2,25;2,7777777777777777;2,0;1,6666666666666667;4,0;3,5
2,0;2,0;2,0;3,5;2,888888888888889;3,5;2,3333333333333335;3,0;3,25
2,0;2,0;4,0;3,25;4,777777777777778;5,0;3,8333333333333335;4,0;4,0
2,0;2,0;1,0;2,0;3,3333333333333335;4,0;3,5;3,8;4,0
2,0;4,0;2,0;2,0;3,7777777777777777;3,0;2,1666666666666665;3,2;2,75
2,0;4,0;5,0;2,0;4,666666666666667;1,0;1,3333333333333333;2,6;2,75
2,0;4,0;3,5;2,75;4,555555555555555;2,0;2,5;2,8;3,25
2,0;4,0;2,5;2,5;3,5555555555555554;2,5;3,1666666666666665;3,2;3,25
2,0;4,0;4,0;4,0;4,555555555555555;4,0;4,0;3,0;3,25
2,0;4,0;4,5;4,0;4,111111111111111;1,0;2,8333333333333335;2,6;2,5
2,0;4,0;5,0;3,0;4,444444444444445;1,0;2,3333333333333335;3,2;3,0
2,0;4,0;1,5;2,25;4,111111111111111;2,0;3,1666666666666665;2,6;3,25
2,0;4,0;2,0;1,25;2,3333333333333335;1,0;2,0;1,6;2,0
2,0;4,0;2,5;3,75;3,888888888888889;3,0;1,6666666666666667;3,6;3,25
2,0;4,0;4,0;3,5;3,6666666666666665;2,0;3,1666666666666665;3,0;3,0
2,0;4,0;3,0;4,5;3,3333333333333335;2,5;2,0;3,4;2,5
2,0;4,0;5,0;3,0;4,333333333333333;3,0;1,5;4,0;4,0
2,0;4,0;2,0;3,25;4,333333333333333;2,5;2,6666666666666665;3,6;2,75
2,0;4,0;2,0;3,5;4,444444444444445;2,5;2,5;2,6;3,0
2,0;4,0;3,5;3,0;2,5555555555555554;2,5;4,0;2,8;2,5
2,0;4,0;3,0;1,75;4,555555555555555;2,5;2,5;3,4;2,75
2,0;4,0;5,0;3,25;4,0;3,5;2,1666666666666665;2,8;3,75
2,0;4,0;2,5;4,0;4,555555555555555;3,5;3,6666666666666665;3,0;3,0
2,0;4,0;4,0;3,75;4,111111111111111;4,0;2,1666666666666665;3,6;3,75
2,0;3,0;3,5;2,25;4,333333333333333;2,5;2,0;2,8;3,0
2,0;3,0;3,0;3,25;4,333333333333333;1,0;3,8333333333333335;2,4;1,5
2,0;3,0;4,5;2,5;4,444444444444445;1,0;2,5;1,8;2,75
2,0;3,0;4,0;3,25;4,888888888888889;2,5;3,0;3,2;3,75
2,0;3,0;3,5;2,25;4,888888888888889;3,0;3,1666666666666665;3,0;3,0
2,0;3,0;4,0;3,0;4,777777777777778;4,0;2,8333333333333335;3,2;3,0
2,0;3,0;4,5;3,5;4,666666666666667;3,5;2,1666666666666665;3,4;4,0
2,0;3,0;4,5;2,25;5,0;4,0;3,1666666666666665;3,2;3,25
2,0;3,0;4,5;3,5;4,666666666666667;3,0;2,3333333333333335;3,2;2,75
2,0;3,0;3,0;2,75;5,0;4,5;3,6666666666666665;3,2;3,75
2,0;2,0;4,5;3,0;4,0;2,5;3,3333333333333335;3,2;3,75
2,0;2,0;2,0;3,25;4,777777777777778;3,0;3,6666666666666665;4,0;4,0
2,0;2,0;4,0;3,5;4,333333333333333;3,5;3,5;3,6;3,25
2,0;2,0;3,0;3,5;3,7777777777777777;2,0;1,8333333333333333;2,6;2,25
2,0;2,0;3,0;2,75;3,6666666666666665;3,5;2,6666666666666665;3,4;3,0
2,0;2,0;2,0;3,75;3,111111111111111;2,0;2,3333333333333335;3,2;3,0
2,0;2,0;4,5;4,25;4,444444444444445;3,5;3,6666666666666665;3,4;4,0
2,0;2,0;2,0;2,5;2,3333333333333335;1,0;2,1666666666666665;2,8;2,5
2,0;2,0;3,5;3,0;4,333333333333333;1,0;3,6666666666666665;2,8;3,25
2,0;2,0;3,0;3,25;3,5555555555555554;1,0;3,3333333333333335;2,6;3,25
1,0;2,0;3,0;3,0;3,4444444444444446;3,0;3,0;2,6;3,0
1,0;2,0;5,0;1,75;4,0;4,0;2,5;3,0;3,5
1,0;2,0;4,0;2,75;3,0;2,5;3,5;3,8;3,75
1,0;2,0;4,5;4,25;3,7777777777777777;4,0;1,6666666666666667;3,8;3,75
1,0;2,0;1,5;2,0;2,5555555555555554;1,0;1,8333333333333333;2,6;2,5
1,0;2,0;4,5;2,5;3,6666666666666665;1,0;1,5;3,8;4,0
1,0;2,0;4,0;3,5;3,4444444444444446;1,0;3,3333333333333335;2,8;2,75
1,0;2,0;2,0;3,0;2,6666666666666665;1,5;2,1666666666666665;3,0;4,0
1,0;2,0;1,5;1,5;2,5555555555555554;1,0;1,5;2,6;2,0
1,0;2,0;1,5;2,25;3,888888888888889;1,0;2,0;3,8;4,0
2,0;2,0;3,5;3,75;4,0;2,0;2,3333333333333335;3,4;3,5
2,0;2,0;3,0;2,0;3,888888888888889;4,0;4,0;3,4;4,0
2,0;2,0;3,5;4,25;3,4444444444444446;1,0;3,5;2,2;2,5
2,0;2,0;4,0;3,0;4,0;1,0;2,0;2,8;3,0
2,0;2,0;3,5;3,5;4,888888888888889;3,5;3,1666666666666665;3,0;2,75
2,0;2,0;3,5;3,75;3,888888888888889;1,5;2,8333333333333335;3,4;3,5
2,0;2,0;2,0;2,5;3,6666666666666665;1,0;3,0;2,8;3,0
2,0;2,0;2,5;3,5;3,4444444444444446;4,5;3,5;3,6;3,25
2,0;2,0;5,0;5,0;4,111111111111111;4,0;1,8333333333333333;3,2;3,0
2,0;2,0;2,0;3,5;4,444444444444445;2,5;4,0;2,8;2,0
1,0;4,0;5,0;4,0;4,777777777777778;4,0;1,0;2,6;2,25
1,0;4,0;3,5;3,0;4,111111111111111;1,0;1,3333333333333333;2,2;2,5
1,0;4,0;3,0;3,0;4,0;3,5;2,5;3,4;3,0
1,0;4,0;2,0;3,25;3,4444444444444446;3,5;2,6666666666666665;2,8;3,0
1,0;4,0;3,0;2,25;3,5555555555555554;3,0;3,3333333333333335;3,2;2,25
1,0;4,0;2,0;2,0;2,0;1,5;1,0;3,0;3,0
1,0;4,0;4,0;3,0;3,7777777777777777;2,0;3,8333333333333335;3,2;3,25
1,0;4,0;3,0;3,5;4,0;4,0;3,0;3,0;3,0
1,0;4,0;4,5;2,75;3,5555555555555554;2,0;3,5;2,8;3,0
1,0;4,0;5,0;3,0;4,444444444444445;2,5;3,8333333333333335;2,8;2,75
2,0;2,0;3,0;1,75;2,0;2,5;1,0;3,8;4,0
2,0;2,0;2,5;3,5;4,0;1,0;3,0;3,4;3,5
2,0;2,0;4,5;4,5;4,333333333333333;3,0;3,0;4,0;4,0
2,0;2,0;5,0;4,0;3,888888888888889;4,0;3,1666666666666665;4,0;3,75
2,0;2,0;2,5;3,75;2,7777777777777777;2,0;2,1666666666666665;3,6;3,75
2,0;2,0;4,5;4,0;4,555555555555555;4,0;4,0;4,0;3,75
2,0;2,0;4,0;3,5;3,7777777777777777;2,0;3,1666666666666665;3,6;4,0
2,0;2,0;3,0;2,25;4,333333333333333;4,0;3,3333333333333335;3,8;4,0
2,0;2,0;5,0;2,75;5,0;5,0;4,0;4,0;4,0
2,0;2,0;4,0;3,25;3,888888888888889;3,5;3,0;3,8;3,75
2,0;4,0;3,5;2,0;4,0;4,0;2,5;2,4;2,75
2,0;4,0;3,5;2,75;4,0;3,0;2,3333333333333335;3,6;3,75
2,0;4,0;5,0;4,0;4,0;4,0;2,6666666666666665;3,6;3,0
2,0;4,0;3,0;3,0;3,3333333333333335;1,0;3,8333333333333335;2,8;3,0
2,0;4,0;5,0;3,25;3,6666666666666665;4,0;3,5;4,0;4,0
2,0;4,0;5,0;3,5;4,666666666666667;3,0;2,3333333333333335;3,0;2,25
2,0;4,0;5,0;2,75;3,7777777777777777;1,0;3,3333333333333335;2,8;2,5
2,0;4,0;4,0;3,5;3,888888888888889;3,0;3,0;3,0;3,0
2,0;4,0;4,5;3,5;3,4444444444444446;2,0;3,5;3,6;3,25
2,0;4,0;5,0;3,75;3,888888888888889;1,0;3,3333333333333335;3,0;3,25
1,0;2,0;2,5;2,25;2,6666666666666665;2,5;2,6666666666666665;2,8;3,25
1,0;2,0;3,0;3,75;2,888888888888889;3,0;2,1666666666666665;3,6;3,25
1,0;2,0;1,5;3,25;2,2222222222222223;1,5;3,3333333333333335;3,4;3,5
1,0;2,0;1,0;2,0;3,3333333333333335;1,0;2,6666666666666665;2,8;3,75
1,0;2,0;2,0;3,0;3,3333333333333335;2,0;3,1666666666666665;2,4;3,25
1,0;2,0;1,0;1,5;3,4444444444444446;3,5;2,8333333333333335;3,0;2,5
1,0;2,0;3,0;3,0;2,0;1,0;3,0;2,6;2,5
1,0;2,0;3,0;3,25;3,111111111111111;1,5;4,0;2,8;2,5
1,0;2,0;1,5;3,5;3,0;1,5;3,1666666666666665;2,8;2,25
1,0;2,0;1,0;5,0;3,6666666666666665;3,0;3,5;3,8;3,5
1,0;2,0;3,0;3,0;3,6666666666666665;3,0;3,8333333333333335;3,0;2,5
1,0;2,0;5,0;3,25;2,5555555555555554;3,0;2,8333333333333335;2,4;1,75
1,0;2,0;1,0;2,75;4,222222222222222;2,0;2,8333333333333335;2,2;3,25
1,0;2,0;1,5;3,0;1,6666666666666667;2,0;3,0;3,8;3,0
1,0;2,0;2,5;2,0;4,0;4,0;3,0;2,8;2,25
1,0;2,0;3,0;3,5;4,333333333333333;1,0;3,5;3,0;3,25
1,0;2,0;4,0;4,5;4,111111111111111;3,5;3,5;3,4;3,75
1,0;2,0;2,0;3,0;2,111111111111111;2,5;1,3333333333333333;2,8;2,0
1,0;2,0;4,0;4,0;3,7777777777777777;4,0;3,1666666666666665;3,6;3,5
1,0;2,0;1,5;3,25;4,333333333333333;4,0;2,5;3,6;2,5
2,0;3,0;5,0;2,5;4,555555555555555;3,5;2,5;2,8;2,5
2,0;3,0;3,0;2,0;3,6666666666666665;3,0;3,5;2,2;2,5
2,0;3,0;3,0;3,25;4,777777777777778;2,0;2,6666666666666665;2,6;3,0
2,0;3,0;3,5;2,75;4,444444444444445;4,0;3,5;3,6;3,0
2,0;3,0;3,0;3,25;4,777777777777778;5,0;3,8333333333333335;3,4;2,75
2,0;3,0;2,0;2,75;3,888888888888889;2,0;2,8333333333333335;2,4;2,75
2,0;3,0;3,0;3,5;3,6666666666666665;2,0;3,8333333333333335;2,8;2,25
2,0;3,0;3,0;3,25;4,777777777777778;2,0;3,1666666666666665;2,6;3,0
2,0;3,0;2,0;2,25;4,777777777777778;3,5;2,0;2,8;2,75
2,0;3,0;1,5;4,0;3,6666666666666665;4,0;2,0;2,4;2,0
2,0;3,0;2,5;2,75;3,111111111111111;2,0;3,1666666666666665;3,0;2,75
2,0;3,0;3,0;4,25;4,111111111111111;2,5;3,6666666666666665;3,6;3,75
2,0;3,0;5,0;5,0;4,111111111111111;1,0;3,8333333333333335;3,0;3,0
2,0;3,0;2,0;2,5;4,222222222222222;3,5;3,6666666666666665;2,8;3,0
2,0;3,0;5,0;4,25;4,777777777777778;5,0;1,8333333333333333;2,6;2,75
2,0;3,0;2,0;1,0;4,555555555555555;3,0;2,3333333333333335;3,0;3,0
2,0;3,0;3,5;2,75;4,444444444444445;3,5;1,8333333333333333;3,6;3,5
2,0;3,0;2,5;2,75;3,888888888888889;2,5;2,6666666666666665;3,0;2,5
2,0;3,0;3,0;3,75;3,888888888888889;3,5;2,8333333333333335;2,4;3,25
2,0;3,0;2,5;3,75;4,666666666666667;3,0;2,0;3,6;3,5
1,0;3,0;3,5;3,5;4,111111111111111;3,5;3,0;3,0;3,25
1,0;3,0;5,0;3,75;4,888888888888889;4,5;1,5;2,2;2,0
1,0;3,0;4,5;3,5;4,0;3,0;3,1666666666666665;3,2;3,0
1,0;3,0;3,0;4,0;3,5555555555555554;4,0;1,5;3,0;3,25
1,0;3,0;4,5;3,0;4,555555555555555;3,5;3,3333333333333335;2,6;3,0
1,0;3,0;4,5;2,75;4,222222222222222;3,0;2,1666666666666665;3,6;2,5
1,0;3,0;4,5;4,5;4,444444444444445;5,0;3,0;3,0;4,0
1,0;3,0;4,0;2,75;4,0;3,0;2,1666666666666665;2,6;2,0
1,0;3,0;5,0;5,0;4,555555555555555;5,0;4,0;4,0;3,5
1,0;3,0;4,5;2,25;4,444444444444445;1,0;4,0;3,2;3,0
3,0;3,0;2,5;3,0;5,0;2,5;1,0;3,4;3,0
3,0;3,0;2,5;2,0;4,777777777777778;4,0;4,0;1,8;1,5
3,0;3,0;4,5;3,0;3,0;2,5;1,6666666666666667;2,8;2,75
3,0;3,0;5,0;3,0;4,555555555555555;2,5;2,6666666666666665;1,8;2,0
3,0;3,0;3,0;2,75;4,333333333333333;1,5;3,6666666666666665;2,6;3,5
3,0;3,0;4,0;4,0;3,3333333333333335;1,5;2,8333333333333335;2,8;3,0
3,0;3,0;3,5;3,5;5,0;3,5;4,0;3,4;3,25
3,0;3,0;2,0;2,0;4,111111111111111;2,5;3,1666666666666665;2,4;2,25
3,0;3,0;3,5;2,75;4,0;2,5;1,0;2,8;2,0
3,0;3,0;3,5;4,0;4,888888888888889;5,0;3,1666666666666665;3,8;3,75
2,0;3,0;3,5;2,5;4,333333333333333;1,0;2,6666666666666665;3,4;3,0
2,0;3,0;4,0;3,25;4,0;2,0;3,5;3,6;4,0
2,0;3,0;2,5;3,25;3,3333333333333335;1,0;3,8333333333333335;3,2;3,0
2,0;3,0;5,0;2,75;4,0;1,0;3,3333333333333335;3,8;3,75
2,0;3,0;2,5;2,5;3,888888888888889;1,0;3,1666666666666665;3,0;3,0
2,0;3,0;4,5;3,0;4,444444444444445;1,0;1,6666666666666667;3,8;3,75
2,0;3,0;3,5;3,5;4,0;2,0;2,8333333333333335;3,2;3,5
2,0;3,0;3,5;3,25;4,555555555555555;3,5;2,5;3,4;3,0
2,0;3,0;4,5;2,25;4,222222222222222;3,5;3,1666666666666665;3,8;3,25
2,0;3,0;4,0;3,25;5,0;1,0;4,0;3,8;3,75
2,0;3,0;4,0;3,0;4,777777777777778;3,5;3,1666666666666665;2,8;2,75
2,0;3,0;4,5;4,5;4,444444444444445;4,0;3,3333333333333335;3,4;3,0
2,0;3,0;4,0;3,5;4,444444444444445;1,0;2,6666666666666665;3,4;3,0
2,0;3,0;3,5;3,0;4,888888888888889;2,5;2,6666666666666665;3,6;3,0
2,0;3,0;5,0;4,25;4,777777777777778;4,0;2,6666666666666665;2,6;3,0
2,0;3,0;4,0;2,75;5,0;5,0;3,8333333333333335;2,4;3,25
2,0;3,0;4,0;3,25;4,888888888888889;4,5;1,6666666666666667;2,6;2,25
2,0;3,0;4,0;3,0;4,777777777777778;3,5;2,8333333333333335;3,4;3,0
2,0;3,0;4,5;3,75;4,666666666666667;3,0;3,6666666666666665;3,2;3,25
2,0;3,0;4,0;2,75;4,777777777777778;3,5;2,6666666666666665;2,8;3,25
2,0;3,0;3,0;3,5;4,0;3,0;3,6666666666666665;2,6;2,75
2,0;3,0;2,0;2,75;5,0;3,5;1,5;4,0;2,75
2,0;3,0;2,0;3,5;2,6666666666666665;1,0;4,0;2,8;2,75
2,0;3,0;2,5;3,25;3,888888888888889;3,0;3,5;2,6;3,0
2,0;3,0;5,0;2,75;4,666666666666667;3,5;2,8333333333333335;2,8;2,5
2,0;3,0;4,0;3,25;3,888888888888889;3,0;3,0;3,0;3,25
2,0;3,0;4,0;4,5;4,0;3,5;2,6666666666666665;2,8;4,0
2,0;3,0;4,5;3,5;3,7777777777777777;1,0;4,0;2,4;2,75
2,0;3,0;3,0;3,25;4,444444444444445;4,0;3,6666666666666665;2,4;2,25
2,0;3,0;4,0;3,75;4,0;4,0;3,3333333333333335;3,2;3,0
2,0;3,0;4,5;3,0;4,666666666666667;5,0;3,3333333333333335;1,8;2,25
2,0;3,0;5,0;4,25;4,0;3,5;3,6666666666666665;2,6;3,75
2,0;3,0;4,5;2,0;3,7777777777777777;1,0;2,1666666666666665;2,8;2,5
2,0;3,0;5,0;3,25;4,444444444444445;1,0;2,8333333333333335;3,6;3,5
2,0;3,0;2,0;3,25;4,888888888888889;3,5;2,6666666666666665;2,4;2,0
2,0;3,0;3,0;3,25;4,888888888888889;4,0;3,8333333333333335;2,8;3,25
2,0;3,0;5,0;3,5;4,888888888888889;3,0;2,8333333333333335;3,0;3,0
2,0;3,0;3,0;3,25;4,888888888888889;5,0;2,0;2,0;1,75
2,0;3,0;5,0;4,5;5,0;3,0;4,0;2,8;3,0
2,0;3,0;3,5;2,5;3,888888888888889;1,0;3,3333333333333335;2,0;3,25
2,0;2,0;5,0;3,0;5,0;5,0;2,5;4,0;3,75
2,0;2,0;4,5;2,75;3,3333333333333335;4,5;2,5;3,4;3,75
2,0;2,0;5,0;2,5;2,3333333333333335;3,5;3,5;3,8;3,5
2,0;2,0;4,5;4,25;3,888888888888889;4,0;3,1666666666666665;3,0;3,5
2,0;2,0;4,5;2,0;4,0;3,5;4,0;3,2;3,0
2,0;2,0;2,0;2,5;4,555555555555555;4,0;1,8333333333333333;3,4;3,5
2,0;2,0;2,0;3,0;3,888888888888889;3,5;2,6666666666666665;2,6;2,5
2,0;2,0;3,0;2,5;3,6666666666666665;3,5;3,0;3,4;2,75
2,0;2,0;2,0;2,75;4,0;1,5;2,6666666666666665;2,6;2,0
2,0;2,0;2,5;2,25;4,111111111111111;4,0;1,8333333333333333;2,6;2,0
3,0;3,0;3,0;2,5;5,0;3,5;3,5;3,0;3,0
3,0;3,0;3,0;3,0;4,0;2,5;3,1666666666666665;3,2;2,75
3,0;3,0;4,5;3,0;3,5555555555555554;1,5;3,8333333333333335;3,0;2,75
3,0;3,0;5,0;4,25;5,0;5,0;2,3333333333333335;4,0;3,75
3,0;3,0;4,0;3,5;4,0;2,5;3,0;3,2;3,75
3,0;3,0;4,0;3,25;3,6666666666666665;1,5;3,3333333333333335;2,8;2,75
3,0;3,0;5,0;3,0;3,7777777777777777;1,0;3,0;3,8;3,5
3,0;3,0;4,0;3,0;4,666666666666667;2,0;3,0;3,0;3,5
3,0;3,0;2,0;3,0;4,0;2,0;3,6666666666666665;3,0;2,75
3,0;3,0;4,0;3,25;4,111111111111111;1,0;3,6666666666666665;2,2;2,5
1,0;2,0;2,0;1,75;4,555555555555555;2,5;3,3333333333333335;3,0;3,0
1,0;2,0;3,0;3,0;3,7777777777777777;4,0;3,0;2,4;4,0
1,0;2,0;3,5;2,25;4,333333333333333;2,5;2,0;2,0;2,0
1,0;2,0;3,5;3,25;3,6666666666666665;1,0;2,0;3,2;3,5
1,0;2,0;1,0;1,5;2,2222222222222223;2,5;1,0;2,4;2,0
1,0;2,0;1,0;2,5;4,111111111111111;1,5;3,1666666666666665;3,2;2,75
1,0;2,0;5,0;2,0;4,555555555555555;3,0;2,1666666666666665;3,8;3,25
1,0;2,0;2,5;4,0;3,888888888888889;4,0;2,1666666666666665;3,6;3,25
1,0;2,0;2,0;1,75;3,7777777777777777;2,5;2,8333333333333335;2,4;4,0
1,0;2,0;4,5;3,75;5,0;3,0;3,5;2,4;3,0
2,0;3,0;4,0;4,25;4,888888888888889;2,0;3,5;3,6;4,0
2,0;3,0;1,5;2,75;4,111111111111111;2,5;3,0;2,4;2,25
2,0;3,0;4,0;3,0;3,888888888888889;2,5;3,0;3,6;3,5
2,0;3,0;4,5;3,5;4,777777777777778;3,5;3,5;3,6;3,75
2,0;3,0;4,0;2,75;4,555555555555555;3,5;3,5;3,2;2,5
2,0;3,0;2,5;2,25;4,555555555555555;1,0;3,6666666666666665;2,4;2,25
2,0;3,0;4,0;3,75;4,444444444444445;4,0;1,3333333333333333;3,2;3,5
2,0;3,0;4,5;4,25;4,666666666666667;3,5;3,3333333333333335;3,2;3,25
2,0;3,0;3,5;2,5;2,7777777777777777;1,0;1,3333333333333333;2,0;2,5
2,0;3,0;2,5;3,0;5,0;3,0;2,6666666666666665;3,0;3,75
